 
****************************************
Report : timing
        -path full
        -delay max
        -max_paths 20
Design : tcn_block
Version: X-2025.06-SP4
Date   : Wed Aug 19 12:45:43 2026
****************************************

 # A fanout number of 1000 was used for high fanout net computations.

Operating Conditions: tt_025C_1v80   Library: sky130_fd_sc_hd__tt_025C_1v80
Wire Load Model Mode: top

  Startpoint: h_shift1[1][4]
              (input port clocked by clk)
  Endpoint: gen_hidden_resi_blocks[1].hidden_layer/quantOut1_reg_reg[15][5]
            (rising edge-triggered flip-flop clocked by clk)
  Path Group: clk
  Path Type: max

  Des/Clust/Port     Wire Load Model       Library
  ------------------------------------------------
  tcn_block          Small                 sky130_fd_sc_hd__tt_025C_1v80

  Point                                                   Incr       Path
  --------------------------------------------------------------------------
  clock clk (rise edge)                                   0.00       0.00
  clock network delay (ideal)                             0.00       0.00
  input external delay                                    0.20       0.20 f
  h_shift1[1][4] (in)                                     0.00       0.20 f
  gen_hidden_resi_blocks[1].hidden_layer/init_quant1/shift[4] (quant_array_IN_LEN32_OUT_LEN8_NUM_CHANNELS16_9)
                                                          0.00       0.20 f
  gen_hidden_resi_blocks[1].hidden_layer/init_quant1/U774/Y (sky130_fd_sc_hd__inv_2)
                                                          0.03       0.23 r
  gen_hidden_resi_blocks[1].hidden_layer/init_quant1/U321/X (sky130_fd_sc_hd__clkbuf_1)
                                                          1.03       1.27 r
  gen_hidden_resi_blocks[1].hidden_layer/init_quant1/U826/Y (sky130_fd_sc_hd__nand2b_1)
                                                          0.16       1.42 f
  gen_hidden_resi_blocks[1].hidden_layer/init_quant1/U318/Y (sky130_fd_sc_hd__nand3_1)
                                                          0.28       1.70 r
  gen_hidden_resi_blocks[1].hidden_layer/init_quant1/U319/Y (sky130_fd_sc_hd__nor2_1)
                                                          0.23       1.93 f
  gen_hidden_resi_blocks[1].hidden_layer/init_quant1/U851/Y (sky130_fd_sc_hd__nand2_1)
                                                          0.12       2.05 r
  gen_hidden_resi_blocks[1].hidden_layer/init_quant1/U854/Y (sky130_fd_sc_hd__o21ai_1)
                                                          0.09       2.14 f
  gen_hidden_resi_blocks[1].hidden_layer/init_quant1/U860/Y (sky130_fd_sc_hd__a21oi_1)
                                                          0.18       2.32 r
  gen_hidden_resi_blocks[1].hidden_layer/init_quant1/U875/Y (sky130_fd_sc_hd__o21ai_1)
                                                          0.08       2.40 f
  gen_hidden_resi_blocks[1].hidden_layer/init_quant1/U876/Y (sky130_fd_sc_hd__a21oi_1)
                                                          0.15       2.55 r
  gen_hidden_resi_blocks[1].hidden_layer/init_quant1/U884/Y (sky130_fd_sc_hd__o21ai_1)
                                                          0.09       2.64 f
  gen_hidden_resi_blocks[1].hidden_layer/init_quant1/U887/COUT (sky130_fd_sc_hd__fa_1)
                                                          0.38       3.03 f
  gen_hidden_resi_blocks[1].hidden_layer/init_quant1/U890/COUT (sky130_fd_sc_hd__fa_1)
                                                          0.39       3.42 f
  gen_hidden_resi_blocks[1].hidden_layer/init_quant1/U893/COUT (sky130_fd_sc_hd__fa_1)
                                                          0.46       3.87 f
  gen_hidden_resi_blocks[1].hidden_layer/init_quant1/U892/Y (sky130_fd_sc_hd__a22oi_1)
                                                          0.16       4.04 r
  gen_hidden_resi_blocks[1].hidden_layer/init_quant1/U895/Y (sky130_fd_sc_hd__o211ai_1)
                                                          0.17       4.21 f
  gen_hidden_resi_blocks[1].hidden_layer/init_quant1/U950/X (sky130_fd_sc_hd__o21a_1)
                                                          0.26       4.47 f
  gen_hidden_resi_blocks[1].hidden_layer/init_quant1/U1053/Y (sky130_fd_sc_hd__nor4_1)
                                                          0.27       4.74 r
  gen_hidden_resi_blocks[1].hidden_layer/init_quant1/U1082/Y (sky130_fd_sc_hd__nand4_1)
                                                          0.11       4.85 f
  gen_hidden_resi_blocks[1].hidden_layer/init_quant1/U1153/Y (sky130_fd_sc_hd__a21oi_1)
                                                          0.35       5.20 r
  gen_hidden_resi_blocks[1].hidden_layer/init_quant1/U1199/Y (sky130_fd_sc_hd__clkinv_1)
                                                          0.10       5.30 f
  gen_hidden_resi_blocks[1].hidden_layer/init_quant1/U1200/X (sky130_fd_sc_hd__or3_1)
                                                          0.31       5.61 f
  gen_hidden_resi_blocks[1].hidden_layer/init_quant1/data_out[15][5] (quant_array_IN_LEN32_OUT_LEN8_NUM_CHANNELS16_9)
                                                          0.00       5.61 f
  U105408/Y (sky130_fd_sc_hd__nand2_1)                    0.06       5.68 r
  U105409/Y (sky130_fd_sc_hd__o21ai_1)                    0.06       5.74 f
  gen_hidden_resi_blocks[1].hidden_layer/quantOut1_reg_reg[15][5]/D (sky130_fd_sc_hd__dfrtp_1)
                                                          0.00       5.74 f
  data arrival time                                                  5.74

  clock clk (rise edge)                                   5.88       5.88
  clock network delay (ideal)                             0.00       5.88
  gen_hidden_resi_blocks[1].hidden_layer/quantOut1_reg_reg[15][5]/CLK (sky130_fd_sc_hd__dfrtp_1)
                                                          0.00       5.88 r
  library setup time                                     -0.14       5.74
  data required time                                                 5.74
  --------------------------------------------------------------------------
  data required time                                                 5.74
  data arrival time                                                 -5.74
  --------------------------------------------------------------------------
  slack (MET)                                                        0.00


  Startpoint: h_shift1[1][4]
              (input port clocked by clk)
  Endpoint: gen_hidden_resi_blocks[1].hidden_layer/quantOut1_reg_reg[5][5]
            (rising edge-triggered flip-flop clocked by clk)
  Path Group: clk
  Path Type: max

  Des/Clust/Port     Wire Load Model       Library
  ------------------------------------------------
  tcn_block          Small                 sky130_fd_sc_hd__tt_025C_1v80

  Point                                                   Incr       Path
  --------------------------------------------------------------------------
  clock clk (rise edge)                                   0.00       0.00
  clock network delay (ideal)                             0.00       0.00
  input external delay                                    0.20       0.20 f
  h_shift1[1][4] (in)                                     0.00       0.20 f
  gen_hidden_resi_blocks[1].hidden_layer/init_quant1/shift[4] (quant_array_IN_LEN32_OUT_LEN8_NUM_CHANNELS16_9)
                                                          0.00       0.20 f
  gen_hidden_resi_blocks[1].hidden_layer/init_quant1/U774/Y (sky130_fd_sc_hd__inv_2)
                                                          0.03       0.23 r
  gen_hidden_resi_blocks[1].hidden_layer/init_quant1/U321/X (sky130_fd_sc_hd__clkbuf_1)
                                                          1.03       1.27 r
  gen_hidden_resi_blocks[1].hidden_layer/init_quant1/U826/Y (sky130_fd_sc_hd__nand2b_1)
                                                          0.16       1.42 f
  gen_hidden_resi_blocks[1].hidden_layer/init_quant1/U318/Y (sky130_fd_sc_hd__nand3_1)
                                                          0.28       1.70 r
  gen_hidden_resi_blocks[1].hidden_layer/init_quant1/U319/Y (sky130_fd_sc_hd__nor2_1)
                                                          0.23       1.93 f
  gen_hidden_resi_blocks[1].hidden_layer/init_quant1/U4323/Y (sky130_fd_sc_hd__nand2_1)
                                                          0.12       2.05 r
  gen_hidden_resi_blocks[1].hidden_layer/init_quant1/U4325/Y (sky130_fd_sc_hd__o21ai_1)
                                                          0.09       2.14 f
  gen_hidden_resi_blocks[1].hidden_layer/init_quant1/U4329/Y (sky130_fd_sc_hd__a21oi_1)
                                                          0.18       2.32 r
  gen_hidden_resi_blocks[1].hidden_layer/init_quant1/U4337/Y (sky130_fd_sc_hd__o21ai_1)
                                                          0.08       2.40 f
  gen_hidden_resi_blocks[1].hidden_layer/init_quant1/U4338/Y (sky130_fd_sc_hd__a21oi_1)
                                                          0.15       2.55 r
  gen_hidden_resi_blocks[1].hidden_layer/init_quant1/U4343/Y (sky130_fd_sc_hd__o21ai_1)
                                                          0.09       2.64 f
  gen_hidden_resi_blocks[1].hidden_layer/init_quant1/U4344/COUT (sky130_fd_sc_hd__fa_1)
                                                          0.38       3.03 f
  gen_hidden_resi_blocks[1].hidden_layer/init_quant1/U4345/COUT (sky130_fd_sc_hd__fa_1)
                                                          0.39       3.42 f
  gen_hidden_resi_blocks[1].hidden_layer/init_quant1/U4347/COUT (sky130_fd_sc_hd__fa_1)
                                                          0.46       3.87 f
  gen_hidden_resi_blocks[1].hidden_layer/init_quant1/U4346/Y (sky130_fd_sc_hd__a22oi_1)
                                                          0.16       4.04 r
  gen_hidden_resi_blocks[1].hidden_layer/init_quant1/U4349/Y (sky130_fd_sc_hd__o211ai_1)
                                                          0.17       4.21 f
  gen_hidden_resi_blocks[1].hidden_layer/init_quant1/U4397/X (sky130_fd_sc_hd__o21a_1)
                                                          0.26       4.47 f
  gen_hidden_resi_blocks[1].hidden_layer/init_quant1/U4488/Y (sky130_fd_sc_hd__nor4_1)
                                                          0.27       4.74 r
  gen_hidden_resi_blocks[1].hidden_layer/init_quant1/U4515/Y (sky130_fd_sc_hd__nand4_1)
                                                          0.11       4.85 f
  gen_hidden_resi_blocks[1].hidden_layer/init_quant1/U323/Y (sky130_fd_sc_hd__a21oi_1)
                                                          0.35       5.20 r
  gen_hidden_resi_blocks[1].hidden_layer/init_quant1/U4616/Y (sky130_fd_sc_hd__clkinv_1)
                                                          0.10       5.30 f
  gen_hidden_resi_blocks[1].hidden_layer/init_quant1/U4617/X (sky130_fd_sc_hd__or3_1)
                                                          0.31       5.61 f
  gen_hidden_resi_blocks[1].hidden_layer/init_quant1/data_out[5][5] (quant_array_IN_LEN32_OUT_LEN8_NUM_CHANNELS16_9)
                                                          0.00       5.61 f
  U105319/Y (sky130_fd_sc_hd__nand2_1)                    0.06       5.68 r
  U105320/Y (sky130_fd_sc_hd__o21ai_1)                    0.06       5.74 f
  gen_hidden_resi_blocks[1].hidden_layer/quantOut1_reg_reg[5][5]/D (sky130_fd_sc_hd__dfrtp_1)
                                                          0.00       5.74 f
  data arrival time                                                  5.74

  clock clk (rise edge)                                   5.88       5.88
  clock network delay (ideal)                             0.00       5.88
  gen_hidden_resi_blocks[1].hidden_layer/quantOut1_reg_reg[5][5]/CLK (sky130_fd_sc_hd__dfrtp_1)
                                                          0.00       5.88 r
  library setup time                                     -0.14       5.74
  data required time                                                 5.74
  --------------------------------------------------------------------------
  data required time                                                 5.74
  data arrival time                                                 -5.74
  --------------------------------------------------------------------------
  slack (MET)                                                        0.00


  Startpoint: gen_hidden_resi_blocks[4].hidden_layer/gen_ring_banks[0].ring_bank1/gen_sram_32x128.u_ring_sram/clk1
              (internal path startpoint clocked by clk)
  Endpoint: gen_hidden_resi_blocks[4].hidden_layer/init_mac1/prod_reg_reg[0][14]
            (rising edge-triggered flip-flop clocked by clk)
  Path Group: clk
  Path Type: max

  Des/Clust/Port     Wire Load Model       Library
  ------------------------------------------------
  tcn_block          Small                 sky130_fd_sc_hd__tt_025C_1v80

  Point                                                   Incr       Path
  --------------------------------------------------------------------------
  clock clk (fall edge)                                   2.94       2.94
  clock network delay (ideal)                             0.00       2.94
  input external delay                                    0.00       2.94 f
  gen_hidden_resi_blocks[4].hidden_layer/gen_ring_banks[0].ring_bank1/gen_sram_32x128.u_ring_sram/clk1 (sky130_sram_512byte_1rw1r_32x128_8)
                                                          0.00 #     2.94 f
  gen_hidden_resi_blocks[4].hidden_layer/gen_ring_banks[0].ring_bank1/gen_sram_32x128.u_ring_sram/dout1[4] (sky130_sram_512byte_1rw1r_32x128_8)
                                                          0.30       3.24 f
  U107788/X (sky130_fd_sc_hd__a22o_1)                     0.22       3.46 f
  gen_hidden_resi_blocks[4].hidden_layer/init_mac1/x[0][4] (MAC_array_3)
                                                          0.00       3.46 f
  gen_hidden_resi_blocks[4].hidden_layer/init_mac1/U574/X (sky130_fd_sc_hd__xor2_1)
                                                          0.18       3.63 f
  gen_hidden_resi_blocks[4].hidden_layer/init_mac1/U562/Y (sky130_fd_sc_hd__inv_2)
                                                          0.17       3.80 r
  gen_hidden_resi_blocks[4].hidden_layer/init_mac1/U784/Y (sky130_fd_sc_hd__nand2_4)
                                                          0.10       3.90 f
  gen_hidden_resi_blocks[4].hidden_layer/init_mac1/U1237/Y (sky130_fd_sc_hd__o22ai_1)
                                                          0.24       4.14 r
  gen_hidden_resi_blocks[4].hidden_layer/init_mac1/U806/COUT (sky130_fd_sc_hd__fah_1)
                                                          0.35       4.49 r
  gen_hidden_resi_blocks[4].hidden_layer/init_mac1/U1242/SUM (sky130_fd_sc_hd__fa_1)
                                                          0.44       4.93 f
  gen_hidden_resi_blocks[4].hidden_layer/init_mac1/U1241/Y (sky130_fd_sc_hd__nor2_1)
                                                          0.19       5.11 r
  gen_hidden_resi_blocks[4].hidden_layer/init_mac1/U871/Y (sky130_fd_sc_hd__clkinv_1)
                                                          0.09       5.20 f
  gen_hidden_resi_blocks[4].hidden_layer/init_mac1/U426/Y (sky130_fd_sc_hd__nand2_1)
                                                          0.07       5.27 r
  gen_hidden_resi_blocks[4].hidden_layer/init_mac1/U425/Y (sky130_fd_sc_hd__nand2_1)
                                                          0.05       5.32 f
  gen_hidden_resi_blocks[4].hidden_layer/init_mac1/U515/Y (sky130_fd_sc_hd__nand2_1)
                                                          0.07       5.39 r
  gen_hidden_resi_blocks[4].hidden_layer/init_mac1/U514/Y (sky130_fd_sc_hd__nand2_2)
                                                          0.07       5.46 f
  gen_hidden_resi_blocks[4].hidden_layer/init_mac1/U513/Y (sky130_fd_sc_hd__inv_2)
                                                          0.09       5.56 r
  gen_hidden_resi_blocks[4].hidden_layer/init_mac1/U1289/Y (sky130_fd_sc_hd__o21ai_1)
                                                          0.08       5.63 f
  gen_hidden_resi_blocks[4].hidden_layer/init_mac1/U1290/Y (sky130_fd_sc_hd__xnor2_1)
                                                          0.13       5.76 f
  gen_hidden_resi_blocks[4].hidden_layer/init_mac1/prod_reg_reg[0][14]/D (sky130_fd_sc_hd__dfxtp_1)
                                                          0.00       5.76 f
  data arrival time                                                  5.76

  clock clk (rise edge)                                   5.88       5.88
  clock network delay (ideal)                             0.00       5.88
  gen_hidden_resi_blocks[4].hidden_layer/init_mac1/prod_reg_reg[0][14]/CLK (sky130_fd_sc_hd__dfxtp_1)
                                                          0.00       5.88 r
  library setup time                                     -0.12       5.76
  data required time                                                 5.76
  --------------------------------------------------------------------------
  data required time                                                 5.76
  data arrival time                                                 -5.76
  --------------------------------------------------------------------------
  slack (MET)                                                        0.00


  Startpoint: gen_hidden_resi_blocks[4].hidden_layer/gen_ring_banks[0].ring_bank1/gen_sram_32x128.u_ring_sram/clk1
              (internal path startpoint clocked by clk)
  Endpoint: gen_hidden_resi_blocks[4].hidden_layer/init_mac1/prod_reg_reg[0][13]
            (rising edge-triggered flip-flop clocked by clk)
  Path Group: clk
  Path Type: max

  Des/Clust/Port     Wire Load Model       Library
  ------------------------------------------------
  tcn_block          Small                 sky130_fd_sc_hd__tt_025C_1v80

  Point                                                   Incr       Path
  --------------------------------------------------------------------------
  clock clk (fall edge)                                   2.94       2.94
  clock network delay (ideal)                             0.00       2.94
  input external delay                                    0.00       2.94 f
  gen_hidden_resi_blocks[4].hidden_layer/gen_ring_banks[0].ring_bank1/gen_sram_32x128.u_ring_sram/clk1 (sky130_sram_512byte_1rw1r_32x128_8)
                                                          0.00 #     2.94 f
  gen_hidden_resi_blocks[4].hidden_layer/gen_ring_banks[0].ring_bank1/gen_sram_32x128.u_ring_sram/dout1[4] (sky130_sram_512byte_1rw1r_32x128_8)
                                                          0.30       3.24 f
  U107788/X (sky130_fd_sc_hd__a22o_1)                     0.22       3.46 f
  gen_hidden_resi_blocks[4].hidden_layer/init_mac1/x[0][4] (MAC_array_3)
                                                          0.00       3.46 f
  gen_hidden_resi_blocks[4].hidden_layer/init_mac1/U574/X (sky130_fd_sc_hd__xor2_1)
                                                          0.18       3.63 f
  gen_hidden_resi_blocks[4].hidden_layer/init_mac1/U562/Y (sky130_fd_sc_hd__inv_2)
                                                          0.17       3.80 r
  gen_hidden_resi_blocks[4].hidden_layer/init_mac1/U784/Y (sky130_fd_sc_hd__nand2_4)
                                                          0.10       3.90 f
  gen_hidden_resi_blocks[4].hidden_layer/init_mac1/U1237/Y (sky130_fd_sc_hd__o22ai_1)
                                                          0.24       4.14 r
  gen_hidden_resi_blocks[4].hidden_layer/init_mac1/U806/COUT (sky130_fd_sc_hd__fah_1)
                                                          0.35       4.49 r
  gen_hidden_resi_blocks[4].hidden_layer/init_mac1/U1242/SUM (sky130_fd_sc_hd__fa_1)
                                                          0.44       4.93 f
  gen_hidden_resi_blocks[4].hidden_layer/init_mac1/U1241/Y (sky130_fd_sc_hd__nor2_1)
                                                          0.19       5.11 r
  gen_hidden_resi_blocks[4].hidden_layer/init_mac1/U871/Y (sky130_fd_sc_hd__clkinv_1)
                                                          0.09       5.20 f
  gen_hidden_resi_blocks[4].hidden_layer/init_mac1/U426/Y (sky130_fd_sc_hd__nand2_1)
                                                          0.07       5.27 r
  gen_hidden_resi_blocks[4].hidden_layer/init_mac1/U425/Y (sky130_fd_sc_hd__nand2_1)
                                                          0.05       5.32 f
  gen_hidden_resi_blocks[4].hidden_layer/init_mac1/U515/Y (sky130_fd_sc_hd__nand2_1)
                                                          0.07       5.39 r
  gen_hidden_resi_blocks[4].hidden_layer/init_mac1/U514/Y (sky130_fd_sc_hd__nand2_2)
                                                          0.07       5.46 f
  gen_hidden_resi_blocks[4].hidden_layer/init_mac1/U513/Y (sky130_fd_sc_hd__inv_2)
                                                          0.09       5.56 r
  gen_hidden_resi_blocks[4].hidden_layer/init_mac1/U1297/Y (sky130_fd_sc_hd__o21ai_1)
                                                          0.08       5.63 f
  gen_hidden_resi_blocks[4].hidden_layer/init_mac1/U1298/Y (sky130_fd_sc_hd__xnor2_1)
                                                          0.13       5.76 f
  gen_hidden_resi_blocks[4].hidden_layer/init_mac1/prod_reg_reg[0][13]/D (sky130_fd_sc_hd__dfxtp_1)
                                                          0.00       5.76 f
  data arrival time                                                  5.76

  clock clk (rise edge)                                   5.88       5.88
  clock network delay (ideal)                             0.00       5.88
  gen_hidden_resi_blocks[4].hidden_layer/init_mac1/prod_reg_reg[0][13]/CLK (sky130_fd_sc_hd__dfxtp_1)
                                                          0.00       5.88 r
  library setup time                                     -0.12       5.76
  data required time                                                 5.76
  --------------------------------------------------------------------------
  data required time                                                 5.76
  data arrival time                                                 -5.76
  --------------------------------------------------------------------------
  slack (MET)                                                        0.00


  Startpoint: input_layer/gen_input_ring_banks[0].ring_bank1/gen_sram_32x16.u_ring_sram/clk1
              (internal path startpoint clocked by clk)
  Endpoint: input_layer/init_mac1/prod_reg_reg[4][14]
            (rising edge-triggered flip-flop clocked by clk)
  Path Group: clk
  Path Type: max

  Des/Clust/Port     Wire Load Model       Library
  ------------------------------------------------
  tcn_block          Small                 sky130_fd_sc_hd__tt_025C_1v80

  Point                                                   Incr       Path
  --------------------------------------------------------------------------
  clock clk (fall edge)                                   2.94       2.94
  clock network delay (ideal)                             0.00       2.94
  input external delay                                    0.00       2.94 f
  input_layer/gen_input_ring_banks[0].ring_bank1/gen_sram_32x16.u_ring_sram/clk1 (sky130_sram_64byte_1rw1r_32x16_8)
                                                          0.00 #     2.94 f
  input_layer/gen_input_ring_banks[0].ring_bank1/gen_sram_32x16.u_ring_sram/dout1[7] (sky130_sram_64byte_1rw1r_32x16_8)
                                                          0.25       3.20 f
  U19954/Y (sky130_fd_sc_hd__nand2_1)                     0.04       3.24 r
  U19952/Y (sky130_fd_sc_hd__nand4_1)                     0.12       3.36 f
  U20825/Y (sky130_fd_sc_hd__nand2_2)                     0.10       3.45 r
  U22171/Y (sky130_fd_sc_hd__nand3_4)                     0.12       3.58 f
  U26478/X (sky130_fd_sc_hd__buf_12)                      0.23       3.80 f
  input_layer/init_mac1/x[8][7] (MAC_array_IN_LEN8_KERNEL_LEN18_NUM_CHANNELS16)
                                                          0.00       3.80 f
  input_layer/init_mac1/U1810/Y (sky130_fd_sc_hd__inv_2)
                                                          0.11       3.91 r
  input_layer/init_mac1/U1529/Y (sky130_fd_sc_hd__clkinv_1)
                                                          0.10       4.01 f
  input_layer/init_mac1/U2599/X (sky130_fd_sc_hd__xor2_1)
                                                          0.18       4.19 f
  input_layer/init_mac1/U1276/Y (sky130_fd_sc_hd__nand2_2)
                                                          0.14       4.33 r
  input_layer/init_mac1/U1797/Y (sky130_fd_sc_hd__o22ai_1)
                                                          0.09       4.42 f
  input_layer/init_mac1/U2655/COUT (sky130_fd_sc_hd__ha_1)
                                                          0.23       4.65 f
  input_layer/init_mac1/U1268/Y (sky130_fd_sc_hd__nand2_1)
                                                          0.06       4.71 r
  input_layer/init_mac1/U1266/Y (sky130_fd_sc_hd__nand2_1)
                                                          0.07       4.78 f
  input_layer/init_mac1/U2633/COUT (sky130_fd_sc_hd__fah_1)
                                                          0.35       5.13 f
  input_layer/init_mac1/U743/Y (sky130_fd_sc_hd__nor2_2)
                                                          0.18       5.31 r
  input_layer/init_mac1/U1247/Y (sky130_fd_sc_hd__o21ai_2)
                                                          0.10       5.42 f
  input_layer/init_mac1/U2692/Y (sky130_fd_sc_hd__a21oi_1)
                                                          0.12       5.54 r
  input_layer/init_mac1/U2693/Y (sky130_fd_sc_hd__o21ai_1)
                                                          0.09       5.63 f
  input_layer/init_mac1/U2694/Y (sky130_fd_sc_hd__xnor2_1)
                                                          0.13       5.76 f
  input_layer/init_mac1/prod_reg_reg[4][14]/D (sky130_fd_sc_hd__dfxtp_1)
                                                          0.00       5.76 f
  data arrival time                                                  5.76

  clock clk (rise edge)                                   5.88       5.88
  clock network delay (ideal)                             0.00       5.88
  input_layer/init_mac1/prod_reg_reg[4][14]/CLK (sky130_fd_sc_hd__dfxtp_1)
                                                          0.00       5.88 r
  library setup time                                     -0.12       5.76
  data required time                                                 5.76
  --------------------------------------------------------------------------
  data required time                                                 5.76
  data arrival time                                                 -5.76
  --------------------------------------------------------------------------
  slack (MET)                                                        0.00


  Startpoint: input_layer/gen_input_ring_banks[0].ring_bank1/gen_sram_32x16.u_ring_sram/clk1
              (internal path startpoint clocked by clk)
  Endpoint: input_layer/init_mac1/prod_reg_reg[4][12]
            (rising edge-triggered flip-flop clocked by clk)
  Path Group: clk
  Path Type: max

  Des/Clust/Port     Wire Load Model       Library
  ------------------------------------------------
  tcn_block          Small                 sky130_fd_sc_hd__tt_025C_1v80

  Point                                                   Incr       Path
  --------------------------------------------------------------------------
  clock clk (fall edge)                                   2.94       2.94
  clock network delay (ideal)                             0.00       2.94
  input external delay                                    0.00       2.94 f
  input_layer/gen_input_ring_banks[0].ring_bank1/gen_sram_32x16.u_ring_sram/clk1 (sky130_sram_64byte_1rw1r_32x16_8)
                                                          0.00 #     2.94 f
  input_layer/gen_input_ring_banks[0].ring_bank1/gen_sram_32x16.u_ring_sram/dout1[7] (sky130_sram_64byte_1rw1r_32x16_8)
                                                          0.25       3.20 f
  U19954/Y (sky130_fd_sc_hd__nand2_1)                     0.04       3.24 r
  U19952/Y (sky130_fd_sc_hd__nand4_1)                     0.12       3.36 f
  U20825/Y (sky130_fd_sc_hd__nand2_2)                     0.10       3.45 r
  U22171/Y (sky130_fd_sc_hd__nand3_4)                     0.12       3.58 f
  U26478/X (sky130_fd_sc_hd__buf_12)                      0.23       3.80 f
  input_layer/init_mac1/x[8][7] (MAC_array_IN_LEN8_KERNEL_LEN18_NUM_CHANNELS16)
                                                          0.00       3.80 f
  input_layer/init_mac1/U1810/Y (sky130_fd_sc_hd__inv_2)
                                                          0.11       3.91 r
  input_layer/init_mac1/U1529/Y (sky130_fd_sc_hd__clkinv_1)
                                                          0.10       4.01 f
  input_layer/init_mac1/U2599/X (sky130_fd_sc_hd__xor2_1)
                                                          0.18       4.19 f
  input_layer/init_mac1/U1276/Y (sky130_fd_sc_hd__nand2_2)
                                                          0.14       4.33 r
  input_layer/init_mac1/U1797/Y (sky130_fd_sc_hd__o22ai_1)
                                                          0.09       4.42 f
  input_layer/init_mac1/U2655/COUT (sky130_fd_sc_hd__ha_1)
                                                          0.23       4.65 f
  input_layer/init_mac1/U1268/Y (sky130_fd_sc_hd__nand2_1)
                                                          0.06       4.71 r
  input_layer/init_mac1/U1266/Y (sky130_fd_sc_hd__nand2_1)
                                                          0.07       4.78 f
  input_layer/init_mac1/U2633/COUT (sky130_fd_sc_hd__fah_1)
                                                          0.35       5.13 f
  input_layer/init_mac1/U743/Y (sky130_fd_sc_hd__nor2_2)
                                                          0.18       5.31 r
  input_layer/init_mac1/U1247/Y (sky130_fd_sc_hd__o21ai_2)
                                                          0.10       5.42 f
  input_layer/init_mac1/U2703/Y (sky130_fd_sc_hd__a21oi_1)
                                                          0.12       5.54 r
  input_layer/init_mac1/U2704/Y (sky130_fd_sc_hd__o21ai_1)
                                                          0.09       5.63 f
  input_layer/init_mac1/U2705/Y (sky130_fd_sc_hd__xnor2_1)
                                                          0.13       5.76 f
  input_layer/init_mac1/prod_reg_reg[4][12]/D (sky130_fd_sc_hd__dfxtp_1)
                                                          0.00       5.76 f
  data arrival time                                                  5.76

  clock clk (rise edge)                                   5.88       5.88
  clock network delay (ideal)                             0.00       5.88
  input_layer/init_mac1/prod_reg_reg[4][12]/CLK (sky130_fd_sc_hd__dfxtp_1)
                                                          0.00       5.88 r
  library setup time                                     -0.12       5.76
  data required time                                                 5.76
  --------------------------------------------------------------------------
  data required time                                                 5.76
  data arrival time                                                 -5.76
  --------------------------------------------------------------------------
  slack (MET)                                                        0.00


  Startpoint: input_layer/gen_input_ring_banks[0].ring_bank1/gen_sram_32x16.u_ring_sram/clk1
              (internal path startpoint clocked by clk)
  Endpoint: input_layer/init_mac1/prod_reg_reg[1][12]
            (rising edge-triggered flip-flop clocked by clk)
  Path Group: clk
  Path Type: max

  Des/Clust/Port     Wire Load Model       Library
  ------------------------------------------------
  tcn_block          Small                 sky130_fd_sc_hd__tt_025C_1v80

  Point                                                   Incr       Path
  --------------------------------------------------------------------------
  clock clk (fall edge)                                   2.94       2.94
  clock network delay (ideal)                             0.00       2.94
  input external delay                                    0.00       2.94 f
  input_layer/gen_input_ring_banks[0].ring_bank1/gen_sram_32x16.u_ring_sram/clk1 (sky130_sram_64byte_1rw1r_32x16_8)
                                                          0.00 #     2.94 f
  input_layer/gen_input_ring_banks[0].ring_bank1/gen_sram_32x16.u_ring_sram/dout1[1] (sky130_sram_64byte_1rw1r_32x16_8)
                                                          0.25       3.20 f
  U19760/Y (sky130_fd_sc_hd__nand2_1)                     0.04       3.24 r
  U19758/Y (sky130_fd_sc_hd__nand2_1)                     0.08       3.31 f
  U19761/Y (sky130_fd_sc_hd__o22ai_2)                     0.16       3.47 r
  U21982/Y (sky130_fd_sc_hd__nand2_4)                     0.12       3.59 f
  input_layer/init_mac1/x[1][1] (MAC_array_IN_LEN8_KERNEL_LEN18_NUM_CHANNELS16)
                                                          0.00       3.59 f
  input_layer/init_mac1/U296/X (sky130_fd_sc_hd__clkbuf_1)
                                                          0.11       3.70 f
  input_layer/init_mac1/U2144/Y (sky130_fd_sc_hd__inv_2)
                                                          0.10       3.80 r
  input_layer/init_mac1/U1728/Y (sky130_fd_sc_hd__clkinv_1)
                                                          0.08       3.89 f
  input_layer/init_mac1/U1725/Y (sky130_fd_sc_hd__nand2_2)
                                                          0.08       3.96 r
  input_layer/init_mac1/U1727/Y (sky130_fd_sc_hd__nand2_1)
                                                          0.07       4.03 f
  input_layer/init_mac1/U327/Y (sky130_fd_sc_hd__nand2_2)
                                                          0.14       4.17 r
  input_layer/init_mac1/U328/Y (sky130_fd_sc_hd__o22ai_1)
                                                          0.10       4.27 f
  input_layer/init_mac1/U2219/SUM (sky130_fd_sc_hd__ha_1)
                                                          0.30       4.57 r
  input_layer/init_mac1/U2220/Y (sky130_fd_sc_hd__nor2_1)
                                                          0.07       4.63 f
  input_layer/init_mac1/U330/Y (sky130_fd_sc_hd__o21ai_2)
                                                          0.15       4.78 r
  input_layer/init_mac1/U1744/Y (sky130_fd_sc_hd__inv_1)
                                                          0.06       4.84 f
  input_layer/init_mac1/U1482/X (sky130_fd_sc_hd__o21a_1)
                                                          0.20       5.04 f
  input_layer/init_mac1/U208/Y (sky130_fd_sc_hd__nor2_1)
                                                          0.12       5.16 r
  input_layer/init_mac1/U1481/Y (sky130_fd_sc_hd__nor2_2)
                                                          0.07       5.23 f
  input_layer/init_mac1/U1175/Y (sky130_fd_sc_hd__o21ai_2)
                                                          0.14       5.37 r
  input_layer/init_mac1/U198/Y (sky130_fd_sc_hd__nand2_2)
                                                          0.08       5.45 f
  input_layer/init_mac1/U959/Y (sky130_fd_sc_hd__nand2_1)
                                                          0.09       5.54 r
  input_layer/init_mac1/U1051/Y (sky130_fd_sc_hd__nand3_1)
                                                          0.07       5.61 f
  input_layer/init_mac1/U1419/Y (sky130_fd_sc_hd__nand2_1)
                                                          0.08       5.69 r
  input_layer/init_mac1/U2243/Y (sky130_fd_sc_hd__xnor2_1)
                                                          0.11       5.80 r
  input_layer/init_mac1/prod_reg_reg[1][12]/D (sky130_fd_sc_hd__dfxtp_1)
                                                          0.00       5.81 r
  data arrival time                                                  5.81

  clock clk (rise edge)                                   5.88       5.88
  clock network delay (ideal)                             0.00       5.88
  input_layer/init_mac1/prod_reg_reg[1][12]/CLK (sky130_fd_sc_hd__dfxtp_1)
                                                          0.00       5.88 r
  library setup time                                     -0.07       5.81
  data required time                                                 5.81
  --------------------------------------------------------------------------
  data required time                                                 5.81
  data arrival time                                                 -5.81
  --------------------------------------------------------------------------
  slack (MET)                                                        0.00


  Startpoint: gen_hidden_resi_blocks[0].hidden_layer/gen_ring_banks[0].ring_bank1/gen_sram_32x16.u_ring_sram/clk1
              (internal path startpoint clocked by clk)
  Endpoint: gen_hidden_resi_blocks[0].hidden_layer/init_mac1/prod_reg_reg[0][9]
            (rising edge-triggered flip-flop clocked by clk)
  Path Group: clk
  Path Type: max

  Des/Clust/Port     Wire Load Model       Library
  ------------------------------------------------
  tcn_block          Small                 sky130_fd_sc_hd__tt_025C_1v80

  Point                                                   Incr       Path
  --------------------------------------------------------------------------
  clock clk (fall edge)                                   2.94       2.94
  clock network delay (ideal)                             0.00       2.94
  input external delay                                    0.00       2.94 f
  gen_hidden_resi_blocks[0].hidden_layer/gen_ring_banks[0].ring_bank1/gen_sram_32x16.u_ring_sram/clk1 (sky130_sram_64byte_1rw1r_32x16_8)
                                                          0.00 #     2.94 f
  gen_hidden_resi_blocks[0].hidden_layer/gen_ring_banks[0].ring_bank1/gen_sram_32x16.u_ring_sram/dout1[1] (sky130_sram_64byte_1rw1r_32x16_8)
                                                          0.25       3.19 f
  U19407/X (sky130_fd_sc_hd__a22o_1)                      0.16       3.36 f
  gen_hidden_resi_blocks[0].hidden_layer/init_mac1/x[0][1] (MAC_array_11)
                                                          0.00       3.36 f
  gen_hidden_resi_blocks[0].hidden_layer/init_mac1/U933/X (sky130_fd_sc_hd__buf_4)
                                                          0.19       3.55 f
  gen_hidden_resi_blocks[0].hidden_layer/init_mac1/U696/Y (sky130_fd_sc_hd__xnor2_4)
                                                          0.28       3.83 r
  gen_hidden_resi_blocks[0].hidden_layer/init_mac1/U934/Y (sky130_fd_sc_hd__nand2_2)
                                                          0.16       3.99 f
  gen_hidden_resi_blocks[0].hidden_layer/init_mac1/U988/Y (sky130_fd_sc_hd__o22ai_1)
                                                          0.24       4.23 r
  gen_hidden_resi_blocks[0].hidden_layer/init_mac1/U1009/SUM (sky130_fd_sc_hd__fa_1)
                                                          0.47       4.70 f
  gen_hidden_resi_blocks[0].hidden_layer/init_mac1/U991/Y (sky130_fd_sc_hd__nor2_1)
                                                          0.13       4.82 r
  gen_hidden_resi_blocks[0].hidden_layer/init_mac1/U67/Y (sky130_fd_sc_hd__inv_2)
                                                          0.06       4.88 f
  gen_hidden_resi_blocks[0].hidden_layer/init_mac1/U538/Y (sky130_fd_sc_hd__a21oi_2)
                                                          0.15       5.03 r
  gen_hidden_resi_blocks[0].hidden_layer/init_mac1/U1015/X (sky130_fd_sc_hd__o21a_1)
                                                          0.18       5.21 r
  gen_hidden_resi_blocks[0].hidden_layer/init_mac1/U358/Y (sky130_fd_sc_hd__nand2_1)
                                                          0.06       5.27 f
  gen_hidden_resi_blocks[0].hidden_layer/init_mac1/U304/Y (sky130_fd_sc_hd__nand3_1)
                                                          0.09       5.36 r
  gen_hidden_resi_blocks[0].hidden_layer/init_mac1/U302/Y (sky130_fd_sc_hd__nand3_2)
                                                          0.10       5.46 f
  gen_hidden_resi_blocks[0].hidden_layer/init_mac1/U69/Y (sky130_fd_sc_hd__clkinv_1)
                                                          0.08       5.54 r
  gen_hidden_resi_blocks[0].hidden_layer/init_mac1/U359/X (sky130_fd_sc_hd__clkbuf_1)
                                                          0.13       5.67 r
  gen_hidden_resi_blocks[0].hidden_layer/init_mac1/U1046/X (sky130_fd_sc_hd__xor2_1)
                                                          0.14       5.81 r
  gen_hidden_resi_blocks[0].hidden_layer/init_mac1/prod_reg_reg[0][9]/D (sky130_fd_sc_hd__dfxtp_1)
                                                          0.00       5.81 r
  data arrival time                                                  5.81

  clock clk (rise edge)                                   5.88       5.88
  clock network delay (ideal)                             0.00       5.88
  gen_hidden_resi_blocks[0].hidden_layer/init_mac1/prod_reg_reg[0][9]/CLK (sky130_fd_sc_hd__dfxtp_1)
                                                          0.00       5.88 r
  library setup time                                     -0.07       5.81
  data required time                                                 5.81
  --------------------------------------------------------------------------
  data required time                                                 5.81
  data arrival time                                                 -5.81
  --------------------------------------------------------------------------
  slack (MET)                                                        0.00


  Startpoint: gen_hidden_resi_blocks[4].hidden_layer/gen_ring_banks[1].ring_bank2/gen_sram_32x128.u_ring_sram/clk1
              (internal path startpoint clocked by clk)
  Endpoint: gen_hidden_resi_blocks[4].hidden_layer/init_mac2/prod_reg_reg[7][12]
            (rising edge-triggered flip-flop clocked by clk)
  Path Group: clk
  Path Type: max

  Des/Clust/Port     Wire Load Model       Library
  ------------------------------------------------
  tcn_block          Small                 sky130_fd_sc_hd__tt_025C_1v80

  Point                                                   Incr       Path
  --------------------------------------------------------------------------
  clock clk (fall edge)                                   2.94       2.94
  clock network delay (ideal)                             0.00       2.94
  input external delay                                    0.00       2.94 f
  gen_hidden_resi_blocks[4].hidden_layer/gen_ring_banks[1].ring_bank2/gen_sram_32x128.u_ring_sram/clk1 (sky130_sram_512byte_1rw1r_32x128_8)
                                                          0.00 #     2.94 f
  gen_hidden_resi_blocks[4].hidden_layer/gen_ring_banks[1].ring_bank2/gen_sram_32x128.u_ring_sram/dout1[29] (sky130_sram_512byte_1rw1r_32x128_8)
                                                          0.31       3.25 r
  U22456/Y (sky130_fd_sc_hd__o2bb2ai_2)                   0.12       3.37 r
  gen_hidden_resi_blocks[4].hidden_layer/init_mac2/x[7][5] (MAC_array_2)
                                                          0.00       3.37 r
  gen_hidden_resi_blocks[4].hidden_layer/init_mac2/U26/X (sky130_fd_sc_hd__buf_2)
                                                          0.31       3.68 r
  gen_hidden_resi_blocks[4].hidden_layer/init_mac2/U2482/X (sky130_fd_sc_hd__xor2_1)
                                                          0.17       3.85 r
  gen_hidden_resi_blocks[4].hidden_layer/init_mac2/U135/Y (sky130_fd_sc_hd__nand2_1)
                                                          0.17       4.02 f
  gen_hidden_resi_blocks[4].hidden_layer/init_mac2/U811/Y (sky130_fd_sc_hd__o22ai_1)
                                                          0.21       4.23 r
  gen_hidden_resi_blocks[4].hidden_layer/init_mac2/U810/SUM (sky130_fd_sc_hd__fah_1)
                                                          0.30       4.53 f
  gen_hidden_resi_blocks[4].hidden_layer/init_mac2/U2562/SUM (sky130_fd_sc_hd__fa_1)
                                                          0.51       5.05 r
  gen_hidden_resi_blocks[4].hidden_layer/init_mac2/U1054/Y (sky130_fd_sc_hd__clkinv_1)
                                                          0.06       5.11 f
  gen_hidden_resi_blocks[4].hidden_layer/init_mac2/U1057/Y (sky130_fd_sc_hd__nand2_1)
                                                          0.07       5.18 r
  gen_hidden_resi_blocks[4].hidden_layer/init_mac2/U727/Y (sky130_fd_sc_hd__nand2_1)
                                                          0.06       5.24 f
  gen_hidden_resi_blocks[4].hidden_layer/init_mac2/U726/Y (sky130_fd_sc_hd__nand2_1)
                                                          0.07       5.31 r
  gen_hidden_resi_blocks[4].hidden_layer/init_mac2/U1056/Y (sky130_fd_sc_hd__nand2_1)
                                                          0.05       5.36 f
  gen_hidden_resi_blocks[4].hidden_layer/init_mac2/U1055/Y (sky130_fd_sc_hd__nand2_1)
                                                          0.08       5.45 r
  gen_hidden_resi_blocks[4].hidden_layer/init_mac2/U1059/Y (sky130_fd_sc_hd__inv_2)
                                                          0.07       5.52 f
  gen_hidden_resi_blocks[4].hidden_layer/init_mac2/U905/Y (sky130_fd_sc_hd__o21ai_1)
                                                          0.16       5.67 r
  gen_hidden_resi_blocks[4].hidden_layer/init_mac2/U2581/Y (sky130_fd_sc_hd__xnor2_1)
                                                          0.13       5.80 r
  gen_hidden_resi_blocks[4].hidden_layer/init_mac2/prod_reg_reg[7][12]/D (sky130_fd_sc_hd__dfxtp_1)
                                                          0.00       5.81 r
  data arrival time                                                  5.81

  clock clk (rise edge)                                   5.88       5.88
  clock network delay (ideal)                             0.00       5.88
  gen_hidden_resi_blocks[4].hidden_layer/init_mac2/prod_reg_reg[7][12]/CLK (sky130_fd_sc_hd__dfxtp_1)
                                                          0.00       5.88 r
  library setup time                                     -0.07       5.81
  data required time                                                 5.81
  --------------------------------------------------------------------------
  data required time                                                 5.81
  data arrival time                                                 -5.81
  --------------------------------------------------------------------------
  slack (MET)                                                        0.00


  Startpoint: gen_hidden_resi_blocks[4].hidden_layer/gen_ring_banks[1].ring_bank2/gen_sram_32x128.u_ring_sram/clk1
              (internal path startpoint clocked by clk)
  Endpoint: gen_hidden_resi_blocks[4].hidden_layer/init_mac2/prod_reg_reg[7][13]
            (rising edge-triggered flip-flop clocked by clk)
  Path Group: clk
  Path Type: max

  Des/Clust/Port     Wire Load Model       Library
  ------------------------------------------------
  tcn_block          Small                 sky130_fd_sc_hd__tt_025C_1v80

  Point                                                   Incr       Path
  --------------------------------------------------------------------------
  clock clk (fall edge)                                   2.94       2.94
  clock network delay (ideal)                             0.00       2.94
  input external delay                                    0.00       2.94 f
  gen_hidden_resi_blocks[4].hidden_layer/gen_ring_banks[1].ring_bank2/gen_sram_32x128.u_ring_sram/clk1 (sky130_sram_512byte_1rw1r_32x128_8)
                                                          0.00 #     2.94 f
  gen_hidden_resi_blocks[4].hidden_layer/gen_ring_banks[1].ring_bank2/gen_sram_32x128.u_ring_sram/dout1[29] (sky130_sram_512byte_1rw1r_32x128_8)
                                                          0.31       3.25 r
  U22456/Y (sky130_fd_sc_hd__o2bb2ai_2)                   0.12       3.37 r
  gen_hidden_resi_blocks[4].hidden_layer/init_mac2/x[7][5] (MAC_array_2)
                                                          0.00       3.37 r
  gen_hidden_resi_blocks[4].hidden_layer/init_mac2/U26/X (sky130_fd_sc_hd__buf_2)
                                                          0.31       3.68 r
  gen_hidden_resi_blocks[4].hidden_layer/init_mac2/U2482/X (sky130_fd_sc_hd__xor2_1)
                                                          0.17       3.85 r
  gen_hidden_resi_blocks[4].hidden_layer/init_mac2/U135/Y (sky130_fd_sc_hd__nand2_1)
                                                          0.17       4.02 f
  gen_hidden_resi_blocks[4].hidden_layer/init_mac2/U811/Y (sky130_fd_sc_hd__o22ai_1)
                                                          0.21       4.23 r
  gen_hidden_resi_blocks[4].hidden_layer/init_mac2/U810/SUM (sky130_fd_sc_hd__fah_1)
                                                          0.30       4.53 f
  gen_hidden_resi_blocks[4].hidden_layer/init_mac2/U2562/SUM (sky130_fd_sc_hd__fa_1)
                                                          0.51       5.05 r
  gen_hidden_resi_blocks[4].hidden_layer/init_mac2/U1054/Y (sky130_fd_sc_hd__clkinv_1)
                                                          0.06       5.11 f
  gen_hidden_resi_blocks[4].hidden_layer/init_mac2/U1057/Y (sky130_fd_sc_hd__nand2_1)
                                                          0.07       5.18 r
  gen_hidden_resi_blocks[4].hidden_layer/init_mac2/U727/Y (sky130_fd_sc_hd__nand2_1)
                                                          0.06       5.24 f
  gen_hidden_resi_blocks[4].hidden_layer/init_mac2/U726/Y (sky130_fd_sc_hd__nand2_1)
                                                          0.07       5.31 r
  gen_hidden_resi_blocks[4].hidden_layer/init_mac2/U1056/Y (sky130_fd_sc_hd__nand2_1)
                                                          0.05       5.36 f
  gen_hidden_resi_blocks[4].hidden_layer/init_mac2/U1055/Y (sky130_fd_sc_hd__nand2_1)
                                                          0.08       5.45 r
  gen_hidden_resi_blocks[4].hidden_layer/init_mac2/U1059/Y (sky130_fd_sc_hd__inv_2)
                                                          0.07       5.52 f
  gen_hidden_resi_blocks[4].hidden_layer/init_mac2/U904/Y (sky130_fd_sc_hd__o21ai_1)
                                                          0.16       5.67 r
  gen_hidden_resi_blocks[4].hidden_layer/init_mac2/U903/Y (sky130_fd_sc_hd__xnor2_1)
                                                          0.13       5.80 r
  gen_hidden_resi_blocks[4].hidden_layer/init_mac2/prod_reg_reg[7][13]/D (sky130_fd_sc_hd__dfxtp_1)
                                                          0.00       5.81 r
  data arrival time                                                  5.81

  clock clk (rise edge)                                   5.88       5.88
  clock network delay (ideal)                             0.00       5.88
  gen_hidden_resi_blocks[4].hidden_layer/init_mac2/prod_reg_reg[7][13]/CLK (sky130_fd_sc_hd__dfxtp_1)
                                                          0.00       5.88 r
  library setup time                                     -0.07       5.81
  data required time                                                 5.81
  --------------------------------------------------------------------------
  data required time                                                 5.81
  data arrival time                                                 -5.81
  --------------------------------------------------------------------------
  slack (MET)                                                        0.00


  Startpoint: input_layer/gen_input_ring_banks[0].ring_bank1/gen_sram_32x16.u_ring_sram/clk1
              (internal path startpoint clocked by clk)
  Endpoint: input_layer/init_mac1/prod_reg_reg[10][9]
            (rising edge-triggered flip-flop clocked by clk)
  Path Group: clk
  Path Type: max

  Des/Clust/Port     Wire Load Model       Library
  ------------------------------------------------
  tcn_block          Small                 sky130_fd_sc_hd__tt_025C_1v80

  Point                                                   Incr       Path
  --------------------------------------------------------------------------
  clock clk (fall edge)                                   2.94       2.94
  clock network delay (ideal)                             0.00       2.94
  input external delay                                    0.00       2.94 f
  input_layer/gen_input_ring_banks[0].ring_bank1/gen_sram_32x16.u_ring_sram/clk1 (sky130_sram_64byte_1rw1r_32x16_8)
                                                          0.00 #     2.94 f
  input_layer/gen_input_ring_banks[0].ring_bank1/gen_sram_32x16.u_ring_sram/dout1[4] (sky130_sram_64byte_1rw1r_32x16_8)
                                                          0.25       3.20 f
  U19637/Y (sky130_fd_sc_hd__nand2_1)                     0.04       3.24 r
  U19635/Y (sky130_fd_sc_hd__nand4_1)                     0.10       3.34 f
  U22212/Y (sky130_fd_sc_hd__nand2_1)                     0.08       3.42 r
  U22211/Y (sky130_fd_sc_hd__nand3_2)                     0.09       3.50 f
  U20560/Y (sky130_fd_sc_hd__inv_4)                       0.17       3.67 r
  U26891/Y (sky130_fd_sc_hd__inv_8)                       0.14       3.81 f
  input_layer/init_mac1/x[10][4] (MAC_array_IN_LEN8_KERNEL_LEN18_NUM_CHANNELS16)
                                                          0.00       3.81 f
  input_layer/init_mac1/U484/Y (sky130_fd_sc_hd__xnor2_4)
                                                          0.28       4.09 r
  input_layer/init_mac1/U483/Y (sky130_fd_sc_hd__nand2_2)
                                                          0.15       4.24 f
  input_layer/init_mac1/U3587/Y (sky130_fd_sc_hd__o22ai_1)
                                                          0.15       4.39 r
  input_layer/init_mac1/U3593/SUM (sky130_fd_sc_hd__ha_1)
                                                          0.26       4.66 f
  input_layer/init_mac1/U3591/SUM (sky130_fd_sc_hd__fah_1)
                                                          0.29       4.95 r
  input_layer/init_mac1/U3589/Y (sky130_fd_sc_hd__nor2_1)
                                                          0.04       4.99 f
  input_layer/init_mac1/U3638/Y (sky130_fd_sc_hd__inv_1)
                                                          0.06       5.05 r
  input_layer/init_mac1/U1636/Y (sky130_fd_sc_hd__nand2_1)
                                                          0.06       5.11 f
  input_layer/init_mac1/U1635/Y (sky130_fd_sc_hd__nand2_1)
                                                          0.06       5.17 r
  input_layer/init_mac1/U1300/Y (sky130_fd_sc_hd__nand2_1)
                                                          0.05       5.22 f
  input_layer/init_mac1/U482/Y (sky130_fd_sc_hd__nand2_1)
                                                          0.07       5.29 r
  input_layer/init_mac1/U481/Y (sky130_fd_sc_hd__nand3_1)
                                                          0.08       5.37 f
  input_layer/init_mac1/U670/Y (sky130_fd_sc_hd__nand3_2)
                                                          0.10       5.47 r
  input_layer/init_mac1/U666/Y (sky130_fd_sc_hd__inv_2)
                                                          0.06       5.53 f
  input_layer/init_mac1/U289/X (sky130_fd_sc_hd__clkbuf_1)
                                                          0.09       5.62 f
  input_layer/init_mac1/U3628/X (sky130_fd_sc_hd__xor2_1)
                                                          0.14       5.76 f
  input_layer/init_mac1/prod_reg_reg[10][9]/D (sky130_fd_sc_hd__dfxtp_1)
                                                          0.00       5.76 f
  data arrival time                                                  5.76

  clock clk (rise edge)                                   5.88       5.88
  clock network delay (ideal)                             0.00       5.88
  input_layer/init_mac1/prod_reg_reg[10][9]/CLK (sky130_fd_sc_hd__dfxtp_1)
                                                          0.00       5.88 r
  library setup time                                     -0.12       5.76
  data required time                                                 5.76
  --------------------------------------------------------------------------
  data required time                                                 5.76
  data arrival time                                                 -5.76
  --------------------------------------------------------------------------
  slack (MET)                                                        0.00


  Startpoint: input_layer/gen_input_ring_banks[0].ring_bank1/gen_sram_32x16.u_ring_sram/clk1
              (internal path startpoint clocked by clk)
  Endpoint: input_layer/init_mac1/prod_reg_reg[5][13]
            (rising edge-triggered flip-flop clocked by clk)
  Path Group: clk
  Path Type: max

  Des/Clust/Port     Wire Load Model       Library
  ------------------------------------------------
  tcn_block          Small                 sky130_fd_sc_hd__tt_025C_1v80

  Point                                                   Incr       Path
  --------------------------------------------------------------------------
  clock clk (fall edge)                                   2.94       2.94
  clock network delay (ideal)                             0.00       2.94
  input external delay                                    0.00       2.94 f
  input_layer/gen_input_ring_banks[0].ring_bank1/gen_sram_32x16.u_ring_sram/clk1 (sky130_sram_64byte_1rw1r_32x16_8)
                                                          0.00 #     2.94 f
  input_layer/gen_input_ring_banks[0].ring_bank1/gen_sram_32x16.u_ring_sram/dout1[5] (sky130_sram_64byte_1rw1r_32x16_8)
                                                          0.27       3.21 r
  U22190/Y (sky130_fd_sc_hd__nand3_2)                     0.05       3.26 f
  U20569/Y (sky130_fd_sc_hd__nand4_2)                     0.13       3.39 r
  U25477/Y (sky130_fd_sc_hd__nor2_2)                      0.05       3.44 f
  U17166/Y (sky130_fd_sc_hd__inv_2)                       0.11       3.55 r
  U27323/X (sky130_fd_sc_hd__buf_12)                      0.39       3.94 r
  input_layer/init_mac1/x[5][5] (MAC_array_IN_LEN8_KERNEL_LEN18_NUM_CHANNELS16)
                                                          0.00       3.94 r
  input_layer/init_mac1/U17/Y (sky130_fd_sc_hd__xnor2_2)
                                                          0.17       4.11 f
  input_layer/init_mac1/U225/X (sky130_fd_sc_hd__buf_4)
                                                          0.19       4.30 f
  input_layer/init_mac1/U2806/Y (sky130_fd_sc_hd__nor2b_1)
                                                          0.14       4.43 r
  input_layer/init_mac1/U2810/SUM (sky130_fd_sc_hd__fah_1)
                                                          0.35       4.78 r
  input_layer/init_mac1/U2844/SUM (sky130_fd_sc_hd__fah_1)
                                                          0.27       5.05 f
  input_layer/init_mac1/U2845/Y (sky130_fd_sc_hd__nor2_1)
                                                          0.12       5.17 r
  input_layer/init_mac1/U1856/Y (sky130_fd_sc_hd__inv_2)
                                                          0.05       5.22 f
  input_layer/init_mac1/U1855/Y (sky130_fd_sc_hd__nand2_1)
                                                          0.06       5.28 r
  input_layer/init_mac1/U1854/Y (sky130_fd_sc_hd__nand2_1)
                                                          0.06       5.34 f
  input_layer/init_mac1/U1850/Y (sky130_fd_sc_hd__nand2_1)
                                                          0.08       5.42 r
  input_layer/init_mac1/U1285/Y (sky130_fd_sc_hd__nand2_2)
                                                          0.08       5.50 f
  input_layer/init_mac1/U1284/Y (sky130_fd_sc_hd__inv_2)
                                                          0.06       5.57 r
  input_layer/init_mac1/U2861/Y (sky130_fd_sc_hd__o21ai_1)
                                                          0.06       5.63 f
  input_layer/init_mac1/U2862/Y (sky130_fd_sc_hd__xnor2_1)
                                                          0.13       5.76 f
  input_layer/init_mac1/prod_reg_reg[5][13]/D (sky130_fd_sc_hd__dfxtp_1)
                                                          0.00       5.76 f
  data arrival time                                                  5.76

  clock clk (rise edge)                                   5.88       5.88
  clock network delay (ideal)                             0.00       5.88
  input_layer/init_mac1/prod_reg_reg[5][13]/CLK (sky130_fd_sc_hd__dfxtp_1)
                                                          0.00       5.88 r
  library setup time                                     -0.12       5.76
  data required time                                                 5.76
  --------------------------------------------------------------------------
  data required time                                                 5.76
  data arrival time                                                 -5.76
  --------------------------------------------------------------------------
  slack (MET)                                                        0.00


  Startpoint: gen_hidden_resi_blocks[4].hidden_layer/gen_ring_banks[1].ring_bank1/gen_sram_32x128.u_ring_sram/clk1
              (internal path startpoint clocked by clk)
  Endpoint: gen_hidden_resi_blocks[4].hidden_layer/init_mac1/prod_reg_reg[4][14]
            (rising edge-triggered flip-flop clocked by clk)
  Path Group: clk
  Path Type: max

  Des/Clust/Port     Wire Load Model       Library
  ------------------------------------------------
  tcn_block          Small                 sky130_fd_sc_hd__tt_025C_1v80

  Point                                                   Incr       Path
  --------------------------------------------------------------------------
  clock clk (fall edge)                                   2.94       2.94
  clock network delay (ideal)                             0.00       2.94
  input external delay                                    0.00       2.94 f
  gen_hidden_resi_blocks[4].hidden_layer/gen_ring_banks[1].ring_bank1/gen_sram_32x128.u_ring_sram/clk1 (sky130_sram_512byte_1rw1r_32x128_8)
                                                          0.00 #     2.94 f
  gen_hidden_resi_blocks[4].hidden_layer/gen_ring_banks[1].ring_bank1/gen_sram_32x128.u_ring_sram/dout1[4] (sky130_sram_512byte_1rw1r_32x128_8)
                                                          0.30       3.24 f
  U107781/X (sky130_fd_sc_hd__a22o_1)                     0.27       3.51 f
  gen_hidden_resi_blocks[4].hidden_layer/init_mac1/x[4][4] (MAC_array_3)
                                                          0.00       3.51 f
  gen_hidden_resi_blocks[4].hidden_layer/init_mac1/U789/Y (sky130_fd_sc_hd__xnor2_4)
                                                          0.32       3.83 r
  gen_hidden_resi_blocks[4].hidden_layer/init_mac1/U790/Y (sky130_fd_sc_hd__nand2_2)
                                                          0.16       3.99 f
  gen_hidden_resi_blocks[4].hidden_layer/init_mac1/U1907/Y (sky130_fd_sc_hd__o22ai_1)
                                                          0.25       4.24 r
  gen_hidden_resi_blocks[4].hidden_layer/init_mac1/U808/COUT (sky130_fd_sc_hd__fah_1)
                                                          0.35       4.59 r
  gen_hidden_resi_blocks[4].hidden_layer/init_mac1/U1912/SUM (sky130_fd_sc_hd__fa_1)
                                                          0.44       5.03 f
  gen_hidden_resi_blocks[4].hidden_layer/init_mac1/U1953/Y (sky130_fd_sc_hd__nand2_1)
                                                          0.11       5.14 r
  gen_hidden_resi_blocks[4].hidden_layer/init_mac1/U889/Y (sky130_fd_sc_hd__clkinv_1)
                                                          0.07       5.21 f
  gen_hidden_resi_blocks[4].hidden_layer/init_mac1/U888/Y (sky130_fd_sc_hd__nand2b_1)
                                                          0.07       5.27 r
  gen_hidden_resi_blocks[4].hidden_layer/init_mac1/U592/Y (sky130_fd_sc_hd__nand2_1)
                                                          0.05       5.32 f
  gen_hidden_resi_blocks[4].hidden_layer/init_mac1/U591/Y (sky130_fd_sc_hd__inv_1)
                                                          0.05       5.37 r
  gen_hidden_resi_blocks[4].hidden_layer/init_mac1/U590/Y (sky130_fd_sc_hd__nand2_1)
                                                          0.08       5.45 f
  gen_hidden_resi_blocks[4].hidden_layer/init_mac1/U585/Y (sky130_fd_sc_hd__inv_2)
                                                          0.10       5.55 r
  gen_hidden_resi_blocks[4].hidden_layer/init_mac1/U1962/Y (sky130_fd_sc_hd__o21ai_1)
                                                          0.08       5.63 f
  gen_hidden_resi_blocks[4].hidden_layer/init_mac1/U1963/Y (sky130_fd_sc_hd__xnor2_1)
                                                          0.13       5.76 f
  gen_hidden_resi_blocks[4].hidden_layer/init_mac1/prod_reg_reg[4][14]/D (sky130_fd_sc_hd__dfxtp_1)
                                                          0.00       5.76 f
  data arrival time                                                  5.76

  clock clk (rise edge)                                   5.88       5.88
  clock network delay (ideal)                             0.00       5.88
  gen_hidden_resi_blocks[4].hidden_layer/init_mac1/prod_reg_reg[4][14]/CLK (sky130_fd_sc_hd__dfxtp_1)
                                                          0.00       5.88 r
  library setup time                                     -0.12       5.76
  data required time                                                 5.76
  --------------------------------------------------------------------------
  data required time                                                 5.76
  data arrival time                                                 -5.76
  --------------------------------------------------------------------------
  slack (MET)                                                        0.00


  Startpoint: gen_hidden_resi_blocks[4].hidden_layer/gen_ring_banks[1].ring_bank1/gen_sram_32x128.u_ring_sram/clk1
              (internal path startpoint clocked by clk)
  Endpoint: gen_hidden_resi_blocks[4].hidden_layer/init_mac1/prod_reg_reg[4][13]
            (rising edge-triggered flip-flop clocked by clk)
  Path Group: clk
  Path Type: max

  Des/Clust/Port     Wire Load Model       Library
  ------------------------------------------------
  tcn_block          Small                 sky130_fd_sc_hd__tt_025C_1v80

  Point                                                   Incr       Path
  --------------------------------------------------------------------------
  clock clk (fall edge)                                   2.94       2.94
  clock network delay (ideal)                             0.00       2.94
  input external delay                                    0.00       2.94 f
  gen_hidden_resi_blocks[4].hidden_layer/gen_ring_banks[1].ring_bank1/gen_sram_32x128.u_ring_sram/clk1 (sky130_sram_512byte_1rw1r_32x128_8)
                                                          0.00 #     2.94 f
  gen_hidden_resi_blocks[4].hidden_layer/gen_ring_banks[1].ring_bank1/gen_sram_32x128.u_ring_sram/dout1[4] (sky130_sram_512byte_1rw1r_32x128_8)
                                                          0.30       3.24 f
  U107781/X (sky130_fd_sc_hd__a22o_1)                     0.27       3.51 f
  gen_hidden_resi_blocks[4].hidden_layer/init_mac1/x[4][4] (MAC_array_3)
                                                          0.00       3.51 f
  gen_hidden_resi_blocks[4].hidden_layer/init_mac1/U789/Y (sky130_fd_sc_hd__xnor2_4)
                                                          0.32       3.83 r
  gen_hidden_resi_blocks[4].hidden_layer/init_mac1/U790/Y (sky130_fd_sc_hd__nand2_2)
                                                          0.16       3.99 f
  gen_hidden_resi_blocks[4].hidden_layer/init_mac1/U1907/Y (sky130_fd_sc_hd__o22ai_1)
                                                          0.25       4.24 r
  gen_hidden_resi_blocks[4].hidden_layer/init_mac1/U808/COUT (sky130_fd_sc_hd__fah_1)
                                                          0.35       4.59 r
  gen_hidden_resi_blocks[4].hidden_layer/init_mac1/U1912/SUM (sky130_fd_sc_hd__fa_1)
                                                          0.44       5.03 f
  gen_hidden_resi_blocks[4].hidden_layer/init_mac1/U1953/Y (sky130_fd_sc_hd__nand2_1)
                                                          0.11       5.14 r
  gen_hidden_resi_blocks[4].hidden_layer/init_mac1/U889/Y (sky130_fd_sc_hd__clkinv_1)
                                                          0.07       5.21 f
  gen_hidden_resi_blocks[4].hidden_layer/init_mac1/U888/Y (sky130_fd_sc_hd__nand2b_1)
                                                          0.07       5.27 r
  gen_hidden_resi_blocks[4].hidden_layer/init_mac1/U592/Y (sky130_fd_sc_hd__nand2_1)
                                                          0.05       5.32 f
  gen_hidden_resi_blocks[4].hidden_layer/init_mac1/U591/Y (sky130_fd_sc_hd__inv_1)
                                                          0.05       5.37 r
  gen_hidden_resi_blocks[4].hidden_layer/init_mac1/U590/Y (sky130_fd_sc_hd__nand2_1)
                                                          0.08       5.45 f
  gen_hidden_resi_blocks[4].hidden_layer/init_mac1/U585/Y (sky130_fd_sc_hd__inv_2)
                                                          0.10       5.55 r
  gen_hidden_resi_blocks[4].hidden_layer/init_mac1/U1970/Y (sky130_fd_sc_hd__o21ai_1)
                                                          0.08       5.63 f
  gen_hidden_resi_blocks[4].hidden_layer/init_mac1/U1971/Y (sky130_fd_sc_hd__xnor2_1)
                                                          0.13       5.76 f
  gen_hidden_resi_blocks[4].hidden_layer/init_mac1/prod_reg_reg[4][13]/D (sky130_fd_sc_hd__dfxtp_1)
                                                          0.00       5.76 f
  data arrival time                                                  5.76

  clock clk (rise edge)                                   5.88       5.88
  clock network delay (ideal)                             0.00       5.88
  gen_hidden_resi_blocks[4].hidden_layer/init_mac1/prod_reg_reg[4][13]/CLK (sky130_fd_sc_hd__dfxtp_1)
                                                          0.00       5.88 r
  library setup time                                     -0.12       5.76
  data required time                                                 5.76
  --------------------------------------------------------------------------
  data required time                                                 5.76
  data arrival time                                                 -5.76
  --------------------------------------------------------------------------
  slack (MET)                                                        0.00


  Startpoint: input_layer/gen_input_ring_banks[0].ring_bank1/gen_sram_32x16.u_ring_sram/clk1
              (internal path startpoint clocked by clk)
  Endpoint: input_layer/init_residual_mac/prod_reg_reg[15][14]
            (rising edge-triggered flip-flop clocked by clk)
  Path Group: clk
  Path Type: max

  Des/Clust/Port     Wire Load Model       Library
  ------------------------------------------------
  tcn_block          Small                 sky130_fd_sc_hd__tt_025C_1v80

  Point                                                   Incr       Path
  --------------------------------------------------------------------------
  clock clk (fall edge)                                   2.94       2.94
  clock network delay (ideal)                             0.00       2.94
  input external delay                                    0.00       2.94 f
  input_layer/gen_input_ring_banks[0].ring_bank1/gen_sram_32x16.u_ring_sram/clk1 (sky130_sram_64byte_1rw1r_32x16_8)
                                                          0.00 #     2.94 f
  input_layer/gen_input_ring_banks[0].ring_bank1/gen_sram_32x16.u_ring_sram/dout1[10] (sky130_sram_64byte_1rw1r_32x16_8)
                                                          0.25       3.20 f
  U22551/Y (sky130_fd_sc_hd__nand2_1)                     0.04       3.24 r
  U17002/Y (sky130_fd_sc_hd__nand4_1)                     0.10       3.33 f
  U22091/Y (sky130_fd_sc_hd__nand2_1)                     0.08       3.41 r
  U22090/Y (sky130_fd_sc_hd__nand2_2)                     0.07       3.48 f
  U20677/Y (sky130_fd_sc_hd__inv_4)                       0.15       3.64 r
  U21843/Y (sky130_fd_sc_hd__inv_8)                       0.13       3.76 f
  input_layer/init_residual_mac/x[15][2] (MAC_array_IN_LEN8_KERNEL_LEN6_NUM_CHANNELS16)
                                                          0.00       3.76 f
  input_layer/init_residual_mac/U550/Y (sky130_fd_sc_hd__xnor2_2)
                                                          0.15       3.91 r
  input_layer/init_residual_mac/U23/X (sky130_fd_sc_hd__buf_4)
                                                          0.19       4.10 r
  input_layer/init_residual_mac/U956/Y (sky130_fd_sc_hd__nand2_4)
                                                          0.09       4.20 f
  input_layer/init_residual_mac/U730/Y (sky130_fd_sc_hd__o22ai_1)
                                                          0.18       4.38 r
  input_layer/init_residual_mac/U955/SUM (sky130_fd_sc_hd__fah_1)
                                                          0.30       4.68 f
  input_layer/init_residual_mac/U4501/Y (sky130_fd_sc_hd__nor2_1)
                                                          0.10       4.78 r
  input_layer/init_residual_mac/U4502/Y (sky130_fd_sc_hd__clkinv_1)
                                                          0.10       4.88 f
  input_layer/init_residual_mac/U939/Y (sky130_fd_sc_hd__a21oi_2)
                                                          0.18       5.06 r
  input_layer/init_residual_mac/U522/Y (sky130_fd_sc_hd__o21ai_2)
                                                          0.09       5.15 f
  input_layer/init_residual_mac/U527/Y (sky130_fd_sc_hd__nand2_1)
                                                          0.06       5.21 r
  input_layer/init_residual_mac/U526/Y (sky130_fd_sc_hd__nand2_1)
                                                          0.06       5.27 f
  input_layer/init_residual_mac/U525/Y (sky130_fd_sc_hd__nand3_1)
                                                          0.07       5.34 r
  input_layer/init_residual_mac/U524/Y (sky130_fd_sc_hd__nand3_1)
                                                          0.10       5.44 f
  input_layer/init_residual_mac/U1521/Y (sky130_fd_sc_hd__inv_2)
                                                          0.12       5.55 r
  input_layer/init_residual_mac/U4541/Y (sky130_fd_sc_hd__o21ai_1)
                                                          0.08       5.63 f
  input_layer/init_residual_mac/U4542/Y (sky130_fd_sc_hd__xnor2_1)
                                                          0.13       5.76 f
  input_layer/init_residual_mac/prod_reg_reg[15][14]/D (sky130_fd_sc_hd__dfxtp_1)
                                                          0.00       5.76 f
  data arrival time                                                  5.76

  clock clk (rise edge)                                   5.88       5.88
  clock network delay (ideal)                             0.00       5.88
  input_layer/init_residual_mac/prod_reg_reg[15][14]/CLK (sky130_fd_sc_hd__dfxtp_1)
                                                          0.00       5.88 r
  library setup time                                     -0.12       5.76
  data required time                                                 5.76
  --------------------------------------------------------------------------
  data required time                                                 5.76
  data arrival time                                                 -5.76
  --------------------------------------------------------------------------
  slack (MET)                                                        0.00


  Startpoint: input_layer/gen_input_ring_banks[0].ring_bank1/gen_sram_32x16.u_ring_sram/clk1
              (internal path startpoint clocked by clk)
  Endpoint: input_layer/init_residual_mac/prod_reg_reg[15][13]
            (rising edge-triggered flip-flop clocked by clk)
  Path Group: clk
  Path Type: max

  Des/Clust/Port     Wire Load Model       Library
  ------------------------------------------------
  tcn_block          Small                 sky130_fd_sc_hd__tt_025C_1v80

  Point                                                   Incr       Path
  --------------------------------------------------------------------------
  clock clk (fall edge)                                   2.94       2.94
  clock network delay (ideal)                             0.00       2.94
  input external delay                                    0.00       2.94 f
  input_layer/gen_input_ring_banks[0].ring_bank1/gen_sram_32x16.u_ring_sram/clk1 (sky130_sram_64byte_1rw1r_32x16_8)
                                                          0.00 #     2.94 f
  input_layer/gen_input_ring_banks[0].ring_bank1/gen_sram_32x16.u_ring_sram/dout1[10] (sky130_sram_64byte_1rw1r_32x16_8)
                                                          0.25       3.20 f
  U22551/Y (sky130_fd_sc_hd__nand2_1)                     0.04       3.24 r
  U17002/Y (sky130_fd_sc_hd__nand4_1)                     0.10       3.33 f
  U22091/Y (sky130_fd_sc_hd__nand2_1)                     0.08       3.41 r
  U22090/Y (sky130_fd_sc_hd__nand2_2)                     0.07       3.48 f
  U20677/Y (sky130_fd_sc_hd__inv_4)                       0.15       3.64 r
  U21843/Y (sky130_fd_sc_hd__inv_8)                       0.13       3.76 f
  input_layer/init_residual_mac/x[15][2] (MAC_array_IN_LEN8_KERNEL_LEN6_NUM_CHANNELS16)
                                                          0.00       3.76 f
  input_layer/init_residual_mac/U550/Y (sky130_fd_sc_hd__xnor2_2)
                                                          0.15       3.91 r
  input_layer/init_residual_mac/U23/X (sky130_fd_sc_hd__buf_4)
                                                          0.19       4.10 r
  input_layer/init_residual_mac/U956/Y (sky130_fd_sc_hd__nand2_4)
                                                          0.09       4.20 f
  input_layer/init_residual_mac/U730/Y (sky130_fd_sc_hd__o22ai_1)
                                                          0.18       4.38 r
  input_layer/init_residual_mac/U955/SUM (sky130_fd_sc_hd__fah_1)
                                                          0.30       4.68 f
  input_layer/init_residual_mac/U4501/Y (sky130_fd_sc_hd__nor2_1)
                                                          0.10       4.78 r
  input_layer/init_residual_mac/U4502/Y (sky130_fd_sc_hd__clkinv_1)
                                                          0.10       4.88 f
  input_layer/init_residual_mac/U939/Y (sky130_fd_sc_hd__a21oi_2)
                                                          0.18       5.06 r
  input_layer/init_residual_mac/U522/Y (sky130_fd_sc_hd__o21ai_2)
                                                          0.09       5.15 f
  input_layer/init_residual_mac/U527/Y (sky130_fd_sc_hd__nand2_1)
                                                          0.06       5.21 r
  input_layer/init_residual_mac/U526/Y (sky130_fd_sc_hd__nand2_1)
                                                          0.06       5.27 f
  input_layer/init_residual_mac/U525/Y (sky130_fd_sc_hd__nand3_1)
                                                          0.07       5.34 r
  input_layer/init_residual_mac/U524/Y (sky130_fd_sc_hd__nand3_1)
                                                          0.10       5.44 f
  input_layer/init_residual_mac/U1521/Y (sky130_fd_sc_hd__inv_2)
                                                          0.12       5.55 r
  input_layer/init_residual_mac/U4549/Y (sky130_fd_sc_hd__o21ai_1)
                                                          0.08       5.63 f
  input_layer/init_residual_mac/U4550/Y (sky130_fd_sc_hd__xnor2_1)
                                                          0.13       5.76 f
  input_layer/init_residual_mac/prod_reg_reg[15][13]/D (sky130_fd_sc_hd__dfxtp_1)
                                                          0.00       5.76 f
  data arrival time                                                  5.76

  clock clk (rise edge)                                   5.88       5.88
  clock network delay (ideal)                             0.00       5.88
  input_layer/init_residual_mac/prod_reg_reg[15][13]/CLK (sky130_fd_sc_hd__dfxtp_1)
                                                          0.00       5.88 r
  library setup time                                     -0.12       5.76
  data required time                                                 5.76
  --------------------------------------------------------------------------
  data required time                                                 5.76
  data arrival time                                                 -5.76
  --------------------------------------------------------------------------
  slack (MET)                                                        0.00


  Startpoint: input_layer/gen_input_ring_banks[0].ring_bank1/gen_sram_32x16.u_ring_sram/clk1
              (internal path startpoint clocked by clk)
  Endpoint: input_layer/init_residual_mac/prod_reg_reg[15][12]
            (rising edge-triggered flip-flop clocked by clk)
  Path Group: clk
  Path Type: max

  Des/Clust/Port     Wire Load Model       Library
  ------------------------------------------------
  tcn_block          Small                 sky130_fd_sc_hd__tt_025C_1v80

  Point                                                   Incr       Path
  --------------------------------------------------------------------------
  clock clk (fall edge)                                   2.94       2.94
  clock network delay (ideal)                             0.00       2.94
  input external delay                                    0.00       2.94 f
  input_layer/gen_input_ring_banks[0].ring_bank1/gen_sram_32x16.u_ring_sram/clk1 (sky130_sram_64byte_1rw1r_32x16_8)
                                                          0.00 #     2.94 f
  input_layer/gen_input_ring_banks[0].ring_bank1/gen_sram_32x16.u_ring_sram/dout1[10] (sky130_sram_64byte_1rw1r_32x16_8)
                                                          0.25       3.20 f
  U22551/Y (sky130_fd_sc_hd__nand2_1)                     0.04       3.24 r
  U17002/Y (sky130_fd_sc_hd__nand4_1)                     0.10       3.33 f
  U22091/Y (sky130_fd_sc_hd__nand2_1)                     0.08       3.41 r
  U22090/Y (sky130_fd_sc_hd__nand2_2)                     0.07       3.48 f
  U20677/Y (sky130_fd_sc_hd__inv_4)                       0.15       3.64 r
  U21843/Y (sky130_fd_sc_hd__inv_8)                       0.13       3.76 f
  input_layer/init_residual_mac/x[15][2] (MAC_array_IN_LEN8_KERNEL_LEN6_NUM_CHANNELS16)
                                                          0.00       3.76 f
  input_layer/init_residual_mac/U550/Y (sky130_fd_sc_hd__xnor2_2)
                                                          0.15       3.91 r
  input_layer/init_residual_mac/U23/X (sky130_fd_sc_hd__buf_4)
                                                          0.19       4.10 r
  input_layer/init_residual_mac/U956/Y (sky130_fd_sc_hd__nand2_4)
                                                          0.09       4.20 f
  input_layer/init_residual_mac/U730/Y (sky130_fd_sc_hd__o22ai_1)
                                                          0.18       4.38 r
  input_layer/init_residual_mac/U955/SUM (sky130_fd_sc_hd__fah_1)
                                                          0.30       4.68 f
  input_layer/init_residual_mac/U4501/Y (sky130_fd_sc_hd__nor2_1)
                                                          0.10       4.78 r
  input_layer/init_residual_mac/U4502/Y (sky130_fd_sc_hd__clkinv_1)
                                                          0.10       4.88 f
  input_layer/init_residual_mac/U939/Y (sky130_fd_sc_hd__a21oi_2)
                                                          0.18       5.06 r
  input_layer/init_residual_mac/U522/Y (sky130_fd_sc_hd__o21ai_2)
                                                          0.09       5.15 f
  input_layer/init_residual_mac/U527/Y (sky130_fd_sc_hd__nand2_1)
                                                          0.06       5.21 r
  input_layer/init_residual_mac/U526/Y (sky130_fd_sc_hd__nand2_1)
                                                          0.06       5.27 f
  input_layer/init_residual_mac/U525/Y (sky130_fd_sc_hd__nand3_1)
                                                          0.07       5.34 r
  input_layer/init_residual_mac/U524/Y (sky130_fd_sc_hd__nand3_1)
                                                          0.10       5.44 f
  input_layer/init_residual_mac/U1521/Y (sky130_fd_sc_hd__inv_2)
                                                          0.12       5.55 r
  input_layer/init_residual_mac/U4554/Y (sky130_fd_sc_hd__o21ai_1)
                                                          0.08       5.63 f
  input_layer/init_residual_mac/U4555/Y (sky130_fd_sc_hd__xnor2_1)
                                                          0.13       5.76 f
  input_layer/init_residual_mac/prod_reg_reg[15][12]/D (sky130_fd_sc_hd__dfxtp_1)
                                                          0.00       5.76 f
  data arrival time                                                  5.76

  clock clk (rise edge)                                   5.88       5.88
  clock network delay (ideal)                             0.00       5.88
  input_layer/init_residual_mac/prod_reg_reg[15][12]/CLK (sky130_fd_sc_hd__dfxtp_1)
                                                          0.00       5.88 r
  library setup time                                     -0.12       5.76
  data required time                                                 5.76
  --------------------------------------------------------------------------
  data required time                                                 5.76
  data arrival time                                                 -5.76
  --------------------------------------------------------------------------
  slack (MET)                                                        0.00


  Startpoint: gen_hidden_resi_blocks[0].hidden_layer/gen_ring_banks[1].ring_bank1/gen_sram_32x16.u_ring_sram/clk1
              (internal path startpoint clocked by clk)
  Endpoint: gen_hidden_resi_blocks[0].hidden_layer/init_mac1/prod_reg_reg[4][13]
            (rising edge-triggered flip-flop clocked by clk)
  Path Group: clk
  Path Type: max

  Des/Clust/Port     Wire Load Model       Library
  ------------------------------------------------
  tcn_block          Small                 sky130_fd_sc_hd__tt_025C_1v80

  Point                                                   Incr       Path
  --------------------------------------------------------------------------
  clock clk (fall edge)                                   2.94       2.94
  clock network delay (ideal)                             0.00       2.94
  input external delay                                    0.00       2.94 f
  gen_hidden_resi_blocks[0].hidden_layer/gen_ring_banks[1].ring_bank1/gen_sram_32x16.u_ring_sram/clk1 (sky130_sram_64byte_1rw1r_32x16_8)
                                                          0.00 #     2.94 f
  gen_hidden_resi_blocks[0].hidden_layer/gen_ring_banks[1].ring_bank1/gen_sram_32x16.u_ring_sram/dout1[3] (sky130_sram_64byte_1rw1r_32x16_8)
                                                          0.25       3.20 f
  U34955/Y (sky130_fd_sc_hd__o2bb2ai_1)                   0.10       3.30 f
  gen_hidden_resi_blocks[0].hidden_layer/init_mac1/x[4][3] (MAC_array_11)
                                                          0.00       3.30 f
  gen_hidden_resi_blocks[0].hidden_layer/init_mac1/U1608/X (sky130_fd_sc_hd__buf_4)
                                                          0.21       3.51 f
  gen_hidden_resi_blocks[0].hidden_layer/init_mac1/U682/Y (sky130_fd_sc_hd__xnor2_4)
                                                          0.28       3.79 r
  gen_hidden_resi_blocks[0].hidden_layer/init_mac1/U683/Y (sky130_fd_sc_hd__nand2_2)
                                                          0.16       3.95 f
  gen_hidden_resi_blocks[0].hidden_layer/init_mac1/U1672/Y (sky130_fd_sc_hd__o22ai_1)
                                                          0.17       4.13 r
  gen_hidden_resi_blocks[0].hidden_layer/init_mac1/U1711/SUM (sky130_fd_sc_hd__ha_1)
                                                          0.26       4.39 f
  gen_hidden_resi_blocks[0].hidden_layer/init_mac1/U1715/SUM (sky130_fd_sc_hd__fa_1)
                                                          0.51       4.90 r
  gen_hidden_resi_blocks[0].hidden_layer/init_mac1/U1712/Y (sky130_fd_sc_hd__nor2_1)
                                                          0.06       4.95 f
  gen_hidden_resi_blocks[0].hidden_layer/init_mac1/U1714/X (sky130_fd_sc_hd__o21a_1)
                                                          0.18       5.14 f
  gen_hidden_resi_blocks[0].hidden_layer/init_mac1/U144/Y (sky130_fd_sc_hd__o21ai_1)
                                                          0.23       5.37 r
  gen_hidden_resi_blocks[0].hidden_layer/init_mac1/U564/Y (sky130_fd_sc_hd__a21oi_1)
                                                          0.14       5.51 f
  gen_hidden_resi_blocks[0].hidden_layer/init_mac1/U1737/Y (sky130_fd_sc_hd__o21ai_1)
                                                          0.16       5.67 r
  gen_hidden_resi_blocks[0].hidden_layer/init_mac1/U1738/Y (sky130_fd_sc_hd__xnor2_1)
                                                          0.13       5.80 r
  gen_hidden_resi_blocks[0].hidden_layer/init_mac1/prod_reg_reg[4][13]/D (sky130_fd_sc_hd__dfxtp_1)
                                                          0.00       5.81 r
  data arrival time                                                  5.81

  clock clk (rise edge)                                   5.88       5.88
  clock network delay (ideal)                             0.00       5.88
  gen_hidden_resi_blocks[0].hidden_layer/init_mac1/prod_reg_reg[4][13]/CLK (sky130_fd_sc_hd__dfxtp_1)
                                                          0.00       5.88 r
  library setup time                                     -0.07       5.81
  data required time                                                 5.81
  --------------------------------------------------------------------------
  data required time                                                 5.81
  data arrival time                                                 -5.81
  --------------------------------------------------------------------------
  slack (MET)                                                        0.00


  Startpoint: gen_hidden_resi_blocks[0].hidden_layer/gen_ring_banks[1].ring_bank1/gen_sram_32x16.u_ring_sram/clk1
              (internal path startpoint clocked by clk)
  Endpoint: gen_hidden_resi_blocks[0].hidden_layer/init_mac1/prod_reg_reg[4][11]
            (rising edge-triggered flip-flop clocked by clk)
  Path Group: clk
  Path Type: max

  Des/Clust/Port     Wire Load Model       Library
  ------------------------------------------------
  tcn_block          Small                 sky130_fd_sc_hd__tt_025C_1v80

  Point                                                   Incr       Path
  --------------------------------------------------------------------------
  clock clk (fall edge)                                   2.94       2.94
  clock network delay (ideal)                             0.00       2.94
  input external delay                                    0.00       2.94 f
  gen_hidden_resi_blocks[0].hidden_layer/gen_ring_banks[1].ring_bank1/gen_sram_32x16.u_ring_sram/clk1 (sky130_sram_64byte_1rw1r_32x16_8)
                                                          0.00 #     2.94 f
  gen_hidden_resi_blocks[0].hidden_layer/gen_ring_banks[1].ring_bank1/gen_sram_32x16.u_ring_sram/dout1[3] (sky130_sram_64byte_1rw1r_32x16_8)
                                                          0.25       3.20 f
  U34955/Y (sky130_fd_sc_hd__o2bb2ai_1)                   0.10       3.30 f
  gen_hidden_resi_blocks[0].hidden_layer/init_mac1/x[4][3] (MAC_array_11)
                                                          0.00       3.30 f
  gen_hidden_resi_blocks[0].hidden_layer/init_mac1/U1608/X (sky130_fd_sc_hd__buf_4)
                                                          0.21       3.51 f
  gen_hidden_resi_blocks[0].hidden_layer/init_mac1/U682/Y (sky130_fd_sc_hd__xnor2_4)
                                                          0.28       3.79 r
  gen_hidden_resi_blocks[0].hidden_layer/init_mac1/U683/Y (sky130_fd_sc_hd__nand2_2)
                                                          0.16       3.95 f
  gen_hidden_resi_blocks[0].hidden_layer/init_mac1/U1672/Y (sky130_fd_sc_hd__o22ai_1)
                                                          0.17       4.13 r
  gen_hidden_resi_blocks[0].hidden_layer/init_mac1/U1711/SUM (sky130_fd_sc_hd__ha_1)
                                                          0.26       4.39 f
  gen_hidden_resi_blocks[0].hidden_layer/init_mac1/U1715/SUM (sky130_fd_sc_hd__fa_1)
                                                          0.51       4.90 r
  gen_hidden_resi_blocks[0].hidden_layer/init_mac1/U1712/Y (sky130_fd_sc_hd__nor2_1)
                                                          0.06       4.95 f
  gen_hidden_resi_blocks[0].hidden_layer/init_mac1/U1714/X (sky130_fd_sc_hd__o21a_1)
                                                          0.18       5.14 f
  gen_hidden_resi_blocks[0].hidden_layer/init_mac1/U144/Y (sky130_fd_sc_hd__o21ai_1)
                                                          0.23       5.37 r
  gen_hidden_resi_blocks[0].hidden_layer/init_mac1/U564/Y (sky130_fd_sc_hd__a21oi_1)
                                                          0.14       5.51 f
  gen_hidden_resi_blocks[0].hidden_layer/init_mac1/U748/Y (sky130_fd_sc_hd__o21ai_1)
                                                          0.16       5.67 r
  gen_hidden_resi_blocks[0].hidden_layer/init_mac1/U747/Y (sky130_fd_sc_hd__xnor2_1)
                                                          0.13       5.80 r
  gen_hidden_resi_blocks[0].hidden_layer/init_mac1/prod_reg_reg[4][11]/D (sky130_fd_sc_hd__dfxtp_1)
                                                          0.00       5.81 r
  data arrival time                                                  5.81

  clock clk (rise edge)                                   5.88       5.88
  clock network delay (ideal)                             0.00       5.88
  gen_hidden_resi_blocks[0].hidden_layer/init_mac1/prod_reg_reg[4][11]/CLK (sky130_fd_sc_hd__dfxtp_1)
                                                          0.00       5.88 r
  library setup time                                     -0.07       5.81
  data required time                                                 5.81
  --------------------------------------------------------------------------
  data required time                                                 5.81
  data arrival time                                                 -5.81
  --------------------------------------------------------------------------
  slack (MET)                                                        0.00


  Startpoint: gen_hidden_resi_blocks[5].hidden_layer/gen_ring_banks[1].ring_bank2/gen_sram_32x256.u_ring_sram/clk1
              (internal path startpoint clocked by clk)
  Endpoint: gen_hidden_resi_blocks[5].hidden_layer/init_mac2/prod_reg_reg[4][12]
            (rising edge-triggered flip-flop clocked by clk)
  Path Group: clk
  Path Type: max

  Des/Clust/Port     Wire Load Model       Library
  ------------------------------------------------
  tcn_block          Small                 sky130_fd_sc_hd__tt_025C_1v80

  Point                                                   Incr       Path
  --------------------------------------------------------------------------
  clock clk (fall edge)                                   2.94       2.94
  clock network delay (ideal)                             0.00       2.94
  input external delay                                    0.00       2.94 f
  gen_hidden_resi_blocks[5].hidden_layer/gen_ring_banks[1].ring_bank2/gen_sram_32x256.u_ring_sram/clk1 (sky130_sram_1kbyte_1rw1r_32x256_8)
                                                          0.00 #     2.94 f
  gen_hidden_resi_blocks[5].hidden_layer/gen_ring_banks[1].ring_bank2/gen_sram_32x256.u_ring_sram/dout1[6] (sky130_sram_1kbyte_1rw1r_32x256_8)
                                                          0.30       3.24 f
  U32931/X (sky130_fd_sc_hd__a2bb2o_1)                    0.35       3.59 f
  gen_hidden_resi_blocks[5].hidden_layer/init_mac2/x[4][6] (MAC_array_0)
                                                          0.00       3.59 f
  gen_hidden_resi_blocks[5].hidden_layer/init_mac2/U1422/Y (sky130_fd_sc_hd__xnor2_4)
                                                          0.35       3.93 r
  gen_hidden_resi_blocks[5].hidden_layer/init_mac2/U554/Y (sky130_fd_sc_hd__nand2_4)
                                                          0.13       4.06 f
  gen_hidden_resi_blocks[5].hidden_layer/init_mac2/U1457/Y (sky130_fd_sc_hd__o22ai_1)
                                                          0.25       4.31 r
  gen_hidden_resi_blocks[5].hidden_layer/init_mac2/U1465/SUM (sky130_fd_sc_hd__fa_2)
                                                          0.47       4.79 f
  gen_hidden_resi_blocks[5].hidden_layer/init_mac2/U1478/SUM (sky130_fd_sc_hd__fah_1)
                                                          0.31       5.10 r
  gen_hidden_resi_blocks[5].hidden_layer/init_mac2/U1562/Y (sky130_fd_sc_hd__nand2_1)
                                                          0.08       5.18 f
  gen_hidden_resi_blocks[5].hidden_layer/init_mac2/U1564/Y (sky130_fd_sc_hd__o21ai_1)
                                                          0.28       5.46 r
  gen_hidden_resi_blocks[5].hidden_layer/init_mac2/U1585/Y (sky130_fd_sc_hd__a21oi_1)
                                                          0.11       5.57 f
  gen_hidden_resi_blocks[5].hidden_layer/init_mac2/U1586/Y (sky130_fd_sc_hd__o21ai_1)
                                                          0.11       5.67 r
  gen_hidden_resi_blocks[5].hidden_layer/init_mac2/U1587/Y (sky130_fd_sc_hd__xnor2_1)
                                                          0.13       5.80 r
  gen_hidden_resi_blocks[5].hidden_layer/init_mac2/prod_reg_reg[4][12]/D (sky130_fd_sc_hd__dfxtp_1)
                                                          0.00       5.81 r
  data arrival time                                                  5.81

  clock clk (rise edge)                                   5.88       5.88
  clock network delay (ideal)                             0.00       5.88
  gen_hidden_resi_blocks[5].hidden_layer/init_mac2/prod_reg_reg[4][12]/CLK (sky130_fd_sc_hd__dfxtp_1)
                                                          0.00       5.88 r
  library setup time                                     -0.07       5.81
  data required time                                                 5.81
  --------------------------------------------------------------------------
  data required time                                                 5.81
  data arrival time                                                 -5.81
  --------------------------------------------------------------------------
  slack (MET)                                                        0.00


1
