 
****************************************
check_design summary:
Version:     X-2025.06-SP4
Date:        Wed Aug 19 12:14:15 2026
****************************************

                   Name                                            Total
--------------------------------------------------------------------------------
Cells                                                             424
    Cells do not drive (LINT-1)                                   327
    Connected to power or ground (LINT-32)                         64
    Nets connected to multiple pins on same cell (LINT-33)         33

Nets                                                             1744
    Unloaded nets (LINT-2)                                       1744
--------------------------------------------------------------------------------

Warning: In design 'input_block_IN_CHANNELS6_OUT_CHANNELS16_W_BIT_WIDTH8_B_BIT_WIDTH32_KERNEL_LEN3', cell 'C7250' does not drive any nets. (LINT-1)
Warning: In design 'input_block_IN_CHANNELS6_OUT_CHANNELS16_W_BIT_WIDTH8_B_BIT_WIDTH32_KERNEL_LEN3', cell 'C7251' does not drive any nets. (LINT-1)
Warning: In design 'input_block_IN_CHANNELS6_OUT_CHANNELS16_W_BIT_WIDTH8_B_BIT_WIDTH32_KERNEL_LEN3', cell 'C7267' does not drive any nets. (LINT-1)
Warning: In design 'input_block_IN_CHANNELS6_OUT_CHANNELS16_W_BIT_WIDTH8_B_BIT_WIDTH32_KERNEL_LEN3', cell 'C7268' does not drive any nets. (LINT-1)
Warning: In design 'input_block_IN_CHANNELS6_OUT_CHANNELS16_W_BIT_WIDTH8_B_BIT_WIDTH32_KERNEL_LEN3', cell 'C7294' does not drive any nets. (LINT-1)
Warning: In design 'input_block_IN_CHANNELS6_OUT_CHANNELS16_W_BIT_WIDTH8_B_BIT_WIDTH32_KERNEL_LEN3', cell 'C7300' does not drive any nets. (LINT-1)
Warning: In design 'input_block_IN_CHANNELS6_OUT_CHANNELS16_W_BIT_WIDTH8_B_BIT_WIDTH32_KERNEL_LEN3', cell 'C7319' does not drive any nets. (LINT-1)
Warning: In design 'input_block_IN_CHANNELS6_OUT_CHANNELS16_W_BIT_WIDTH8_B_BIT_WIDTH32_KERNEL_LEN3', cell 'C7326' does not drive any nets. (LINT-1)
Warning: In design 'input_block_IN_CHANNELS6_OUT_CHANNELS16_W_BIT_WIDTH8_B_BIT_WIDTH32_KERNEL_LEN3', cell 'C7333' does not drive any nets. (LINT-1)
Warning: In design 'input_block_IN_CHANNELS6_OUT_CHANNELS16_W_BIT_WIDTH8_B_BIT_WIDTH32_KERNEL_LEN3', cell 'C7340' does not drive any nets. (LINT-1)
Warning: In design 'input_block_IN_CHANNELS6_OUT_CHANNELS16_W_BIT_WIDTH8_B_BIT_WIDTH32_KERNEL_LEN3', cell 'C7347' does not drive any nets. (LINT-1)
Warning: In design 'input_block_IN_CHANNELS6_OUT_CHANNELS16_W_BIT_WIDTH8_B_BIT_WIDTH32_KERNEL_LEN3', cell 'C7354' does not drive any nets. (LINT-1)
Warning: In design 'input_block_IN_CHANNELS6_OUT_CHANNELS16_W_BIT_WIDTH8_B_BIT_WIDTH32_KERNEL_LEN3', cell 'C7361' does not drive any nets. (LINT-1)
Warning: In design 'input_block_IN_CHANNELS6_OUT_CHANNELS16_W_BIT_WIDTH8_B_BIT_WIDTH32_KERNEL_LEN3', cell 'C7368' does not drive any nets. (LINT-1)
Warning: In design 'input_block_IN_CHANNELS6_OUT_CHANNELS16_W_BIT_WIDTH8_B_BIT_WIDTH32_KERNEL_LEN3', cell 'C7375' does not drive any nets. (LINT-1)
Warning: In design 'input_block_IN_CHANNELS6_OUT_CHANNELS16_W_BIT_WIDTH8_B_BIT_WIDTH32_KERNEL_LEN3', cell 'C7382' does not drive any nets. (LINT-1)
Warning: In design 'input_block_IN_CHANNELS6_OUT_CHANNELS16_W_BIT_WIDTH8_B_BIT_WIDTH32_KERNEL_LEN3', cell 'C7389' does not drive any nets. (LINT-1)
Warning: In design 'input_block_IN_CHANNELS6_OUT_CHANNELS16_W_BIT_WIDTH8_B_BIT_WIDTH32_KERNEL_LEN3', cell 'C7396' does not drive any nets. (LINT-1)
Warning: In design 'input_block_IN_CHANNELS6_OUT_CHANNELS16_W_BIT_WIDTH8_B_BIT_WIDTH32_KERNEL_LEN3', cell 'C7403' does not drive any nets. (LINT-1)
Warning: In design 'input_block_IN_CHANNELS6_OUT_CHANNELS16_W_BIT_WIDTH8_B_BIT_WIDTH32_KERNEL_LEN3', cell 'C7410' does not drive any nets. (LINT-1)
Warning: In design 'input_block_IN_CHANNELS6_OUT_CHANNELS16_W_BIT_WIDTH8_B_BIT_WIDTH32_KERNEL_LEN3', cell 'C7417' does not drive any nets. (LINT-1)
Warning: In design 'input_block_IN_CHANNELS6_OUT_CHANNELS16_W_BIT_WIDTH8_B_BIT_WIDTH32_KERNEL_LEN3', cell 'C7424' does not drive any nets. (LINT-1)
Warning: In design 'resi_block_NUM_CHANNELS16_W_BIT_WIDTH8_B_BIT_WIDTH32_KERNEL_LEN3_DILATION2', cell 'C3892' does not drive any nets. (LINT-1)
Warning: In design 'resi_block_NUM_CHANNELS16_W_BIT_WIDTH8_B_BIT_WIDTH32_KERNEL_LEN3_DILATION2', cell 'C3905' does not drive any nets. (LINT-1)
Warning: In design 'resi_block_NUM_CHANNELS16_W_BIT_WIDTH8_B_BIT_WIDTH32_KERNEL_LEN3_DILATION2', cell 'C3931' does not drive any nets. (LINT-1)
Warning: In design 'resi_block_NUM_CHANNELS16_W_BIT_WIDTH8_B_BIT_WIDTH32_KERNEL_LEN3_DILATION2', cell 'C3938' does not drive any nets. (LINT-1)
Warning: In design 'resi_block_NUM_CHANNELS16_W_BIT_WIDTH8_B_BIT_WIDTH32_KERNEL_LEN3_DILATION2', cell 'C3945' does not drive any nets. (LINT-1)
Warning: In design 'resi_block_NUM_CHANNELS16_W_BIT_WIDTH8_B_BIT_WIDTH32_KERNEL_LEN3_DILATION2', cell 'C3952' does not drive any nets. (LINT-1)
Warning: In design 'resi_block_NUM_CHANNELS16_W_BIT_WIDTH8_B_BIT_WIDTH32_KERNEL_LEN3_DILATION2', cell 'C3959' does not drive any nets. (LINT-1)
Warning: In design 'resi_block_NUM_CHANNELS16_W_BIT_WIDTH8_B_BIT_WIDTH32_KERNEL_LEN3_DILATION2', cell 'C3966' does not drive any nets. (LINT-1)
Warning: In design 'resi_block_NUM_CHANNELS16_W_BIT_WIDTH8_B_BIT_WIDTH32_KERNEL_LEN3_DILATION2', cell 'C3973' does not drive any nets. (LINT-1)
Warning: In design 'resi_block_NUM_CHANNELS16_W_BIT_WIDTH8_B_BIT_WIDTH32_KERNEL_LEN3_DILATION2', cell 'C3980' does not drive any nets. (LINT-1)
Warning: In design 'resi_block_NUM_CHANNELS16_W_BIT_WIDTH8_B_BIT_WIDTH32_KERNEL_LEN3_DILATION2', cell 'C3987' does not drive any nets. (LINT-1)
Warning: In design 'resi_block_NUM_CHANNELS16_W_BIT_WIDTH8_B_BIT_WIDTH32_KERNEL_LEN3_DILATION2', cell 'C3994' does not drive any nets. (LINT-1)
Warning: In design 'resi_block_NUM_CHANNELS16_W_BIT_WIDTH8_B_BIT_WIDTH32_KERNEL_LEN3_DILATION2', cell 'C4001' does not drive any nets. (LINT-1)
Warning: In design 'resi_block_NUM_CHANNELS16_W_BIT_WIDTH8_B_BIT_WIDTH32_KERNEL_LEN3_DILATION2', cell 'C4008' does not drive any nets. (LINT-1)
Warning: In design 'resi_block_NUM_CHANNELS16_W_BIT_WIDTH8_B_BIT_WIDTH32_KERNEL_LEN3_DILATION2', cell 'C4015' does not drive any nets. (LINT-1)
Warning: In design 'resi_block_NUM_CHANNELS16_W_BIT_WIDTH8_B_BIT_WIDTH32_KERNEL_LEN3_DILATION2', cell 'C4022' does not drive any nets. (LINT-1)
Warning: In design 'resi_block_NUM_CHANNELS16_W_BIT_WIDTH8_B_BIT_WIDTH32_KERNEL_LEN3_DILATION2', cell 'C4029' does not drive any nets. (LINT-1)
Warning: In design 'resi_block_NUM_CHANNELS16_W_BIT_WIDTH8_B_BIT_WIDTH32_KERNEL_LEN3_DILATION2', cell 'C4036' does not drive any nets. (LINT-1)
Warning: In design 'resi_block_NUM_CHANNELS16_W_BIT_WIDTH8_B_BIT_WIDTH32_KERNEL_LEN3_DILATION4', cell 'C3896' does not drive any nets. (LINT-1)
Warning: In design 'resi_block_NUM_CHANNELS16_W_BIT_WIDTH8_B_BIT_WIDTH32_KERNEL_LEN3_DILATION4', cell 'C3909' does not drive any nets. (LINT-1)
Warning: In design 'resi_block_NUM_CHANNELS16_W_BIT_WIDTH8_B_BIT_WIDTH32_KERNEL_LEN3_DILATION4', cell 'C3935' does not drive any nets. (LINT-1)
Warning: In design 'resi_block_NUM_CHANNELS16_W_BIT_WIDTH8_B_BIT_WIDTH32_KERNEL_LEN3_DILATION4', cell 'C3942' does not drive any nets. (LINT-1)
Warning: In design 'resi_block_NUM_CHANNELS16_W_BIT_WIDTH8_B_BIT_WIDTH32_KERNEL_LEN3_DILATION4', cell 'C3949' does not drive any nets. (LINT-1)
Warning: In design 'resi_block_NUM_CHANNELS16_W_BIT_WIDTH8_B_BIT_WIDTH32_KERNEL_LEN3_DILATION4', cell 'C3956' does not drive any nets. (LINT-1)
Warning: In design 'resi_block_NUM_CHANNELS16_W_BIT_WIDTH8_B_BIT_WIDTH32_KERNEL_LEN3_DILATION4', cell 'C3963' does not drive any nets. (LINT-1)
Warning: In design 'resi_block_NUM_CHANNELS16_W_BIT_WIDTH8_B_BIT_WIDTH32_KERNEL_LEN3_DILATION4', cell 'C3970' does not drive any nets. (LINT-1)
Warning: In design 'resi_block_NUM_CHANNELS16_W_BIT_WIDTH8_B_BIT_WIDTH32_KERNEL_LEN3_DILATION4', cell 'C3977' does not drive any nets. (LINT-1)
Warning: In design 'resi_block_NUM_CHANNELS16_W_BIT_WIDTH8_B_BIT_WIDTH32_KERNEL_LEN3_DILATION4', cell 'C3984' does not drive any nets. (LINT-1)
Warning: In design 'resi_block_NUM_CHANNELS16_W_BIT_WIDTH8_B_BIT_WIDTH32_KERNEL_LEN3_DILATION4', cell 'C3991' does not drive any nets. (LINT-1)
Warning: In design 'resi_block_NUM_CHANNELS16_W_BIT_WIDTH8_B_BIT_WIDTH32_KERNEL_LEN3_DILATION4', cell 'C3998' does not drive any nets. (LINT-1)
Warning: In design 'resi_block_NUM_CHANNELS16_W_BIT_WIDTH8_B_BIT_WIDTH32_KERNEL_LEN3_DILATION4', cell 'C4005' does not drive any nets. (LINT-1)
Warning: In design 'resi_block_NUM_CHANNELS16_W_BIT_WIDTH8_B_BIT_WIDTH32_KERNEL_LEN3_DILATION4', cell 'C4012' does not drive any nets. (LINT-1)
Warning: In design 'resi_block_NUM_CHANNELS16_W_BIT_WIDTH8_B_BIT_WIDTH32_KERNEL_LEN3_DILATION4', cell 'C4019' does not drive any nets. (LINT-1)
Warning: In design 'resi_block_NUM_CHANNELS16_W_BIT_WIDTH8_B_BIT_WIDTH32_KERNEL_LEN3_DILATION4', cell 'C4026' does not drive any nets. (LINT-1)
Warning: In design 'resi_block_NUM_CHANNELS16_W_BIT_WIDTH8_B_BIT_WIDTH32_KERNEL_LEN3_DILATION4', cell 'C4033' does not drive any nets. (LINT-1)
Warning: In design 'resi_block_NUM_CHANNELS16_W_BIT_WIDTH8_B_BIT_WIDTH32_KERNEL_LEN3_DILATION4', cell 'C4040' does not drive any nets. (LINT-1)
Warning: In design 'resi_block_NUM_CHANNELS16_W_BIT_WIDTH8_B_BIT_WIDTH32_KERNEL_LEN3_DILATION8', cell 'C3900' does not drive any nets. (LINT-1)
Warning: In design 'resi_block_NUM_CHANNELS16_W_BIT_WIDTH8_B_BIT_WIDTH32_KERNEL_LEN3_DILATION8', cell 'C3913' does not drive any nets. (LINT-1)
Warning: In design 'resi_block_NUM_CHANNELS16_W_BIT_WIDTH8_B_BIT_WIDTH32_KERNEL_LEN3_DILATION8', cell 'C3939' does not drive any nets. (LINT-1)
Warning: In design 'resi_block_NUM_CHANNELS16_W_BIT_WIDTH8_B_BIT_WIDTH32_KERNEL_LEN3_DILATION8', cell 'C3946' does not drive any nets. (LINT-1)
Warning: In design 'resi_block_NUM_CHANNELS16_W_BIT_WIDTH8_B_BIT_WIDTH32_KERNEL_LEN3_DILATION8', cell 'C3953' does not drive any nets. (LINT-1)
Warning: In design 'resi_block_NUM_CHANNELS16_W_BIT_WIDTH8_B_BIT_WIDTH32_KERNEL_LEN3_DILATION8', cell 'C3960' does not drive any nets. (LINT-1)
Warning: In design 'resi_block_NUM_CHANNELS16_W_BIT_WIDTH8_B_BIT_WIDTH32_KERNEL_LEN3_DILATION8', cell 'C3967' does not drive any nets. (LINT-1)
Warning: In design 'resi_block_NUM_CHANNELS16_W_BIT_WIDTH8_B_BIT_WIDTH32_KERNEL_LEN3_DILATION8', cell 'C3974' does not drive any nets. (LINT-1)
Warning: In design 'resi_block_NUM_CHANNELS16_W_BIT_WIDTH8_B_BIT_WIDTH32_KERNEL_LEN3_DILATION8', cell 'C3981' does not drive any nets. (LINT-1)
Warning: In design 'resi_block_NUM_CHANNELS16_W_BIT_WIDTH8_B_BIT_WIDTH32_KERNEL_LEN3_DILATION8', cell 'C3988' does not drive any nets. (LINT-1)
Warning: In design 'resi_block_NUM_CHANNELS16_W_BIT_WIDTH8_B_BIT_WIDTH32_KERNEL_LEN3_DILATION8', cell 'C3995' does not drive any nets. (LINT-1)
Warning: In design 'resi_block_NUM_CHANNELS16_W_BIT_WIDTH8_B_BIT_WIDTH32_KERNEL_LEN3_DILATION8', cell 'C4002' does not drive any nets. (LINT-1)
Warning: In design 'resi_block_NUM_CHANNELS16_W_BIT_WIDTH8_B_BIT_WIDTH32_KERNEL_LEN3_DILATION8', cell 'C4009' does not drive any nets. (LINT-1)
Warning: In design 'resi_block_NUM_CHANNELS16_W_BIT_WIDTH8_B_BIT_WIDTH32_KERNEL_LEN3_DILATION8', cell 'C4016' does not drive any nets. (LINT-1)
Warning: In design 'resi_block_NUM_CHANNELS16_W_BIT_WIDTH8_B_BIT_WIDTH32_KERNEL_LEN3_DILATION8', cell 'C4023' does not drive any nets. (LINT-1)
Warning: In design 'resi_block_NUM_CHANNELS16_W_BIT_WIDTH8_B_BIT_WIDTH32_KERNEL_LEN3_DILATION8', cell 'C4030' does not drive any nets. (LINT-1)
Warning: In design 'resi_block_NUM_CHANNELS16_W_BIT_WIDTH8_B_BIT_WIDTH32_KERNEL_LEN3_DILATION8', cell 'C4037' does not drive any nets. (LINT-1)
Warning: In design 'resi_block_NUM_CHANNELS16_W_BIT_WIDTH8_B_BIT_WIDTH32_KERNEL_LEN3_DILATION8', cell 'C4044' does not drive any nets. (LINT-1)
Warning: In design 'resi_block_NUM_CHANNELS16_W_BIT_WIDTH8_B_BIT_WIDTH32_KERNEL_LEN3_DILATION16', cell 'C3904' does not drive any nets. (LINT-1)
Warning: In design 'resi_block_NUM_CHANNELS16_W_BIT_WIDTH8_B_BIT_WIDTH32_KERNEL_LEN3_DILATION16', cell 'C3917' does not drive any nets. (LINT-1)
Warning: In design 'resi_block_NUM_CHANNELS16_W_BIT_WIDTH8_B_BIT_WIDTH32_KERNEL_LEN3_DILATION16', cell 'C3943' does not drive any nets. (LINT-1)
Warning: In design 'resi_block_NUM_CHANNELS16_W_BIT_WIDTH8_B_BIT_WIDTH32_KERNEL_LEN3_DILATION16', cell 'C3950' does not drive any nets. (LINT-1)
Warning: In design 'resi_block_NUM_CHANNELS16_W_BIT_WIDTH8_B_BIT_WIDTH32_KERNEL_LEN3_DILATION16', cell 'C3957' does not drive any nets. (LINT-1)
Warning: In design 'resi_block_NUM_CHANNELS16_W_BIT_WIDTH8_B_BIT_WIDTH32_KERNEL_LEN3_DILATION16', cell 'C3964' does not drive any nets. (LINT-1)
Warning: In design 'resi_block_NUM_CHANNELS16_W_BIT_WIDTH8_B_BIT_WIDTH32_KERNEL_LEN3_DILATION16', cell 'C3971' does not drive any nets. (LINT-1)
Warning: In design 'resi_block_NUM_CHANNELS16_W_BIT_WIDTH8_B_BIT_WIDTH32_KERNEL_LEN3_DILATION16', cell 'C3978' does not drive any nets. (LINT-1)
Warning: In design 'resi_block_NUM_CHANNELS16_W_BIT_WIDTH8_B_BIT_WIDTH32_KERNEL_LEN3_DILATION16', cell 'C3985' does not drive any nets. (LINT-1)
Warning: In design 'resi_block_NUM_CHANNELS16_W_BIT_WIDTH8_B_BIT_WIDTH32_KERNEL_LEN3_DILATION16', cell 'C3992' does not drive any nets. (LINT-1)
Warning: In design 'resi_block_NUM_CHANNELS16_W_BIT_WIDTH8_B_BIT_WIDTH32_KERNEL_LEN3_DILATION16', cell 'C3999' does not drive any nets. (LINT-1)
Warning: In design 'resi_block_NUM_CHANNELS16_W_BIT_WIDTH8_B_BIT_WIDTH32_KERNEL_LEN3_DILATION16', cell 'C4006' does not drive any nets. (LINT-1)
Warning: In design 'resi_block_NUM_CHANNELS16_W_BIT_WIDTH8_B_BIT_WIDTH32_KERNEL_LEN3_DILATION16', cell 'C4013' does not drive any nets. (LINT-1)
Warning: In design 'resi_block_NUM_CHANNELS16_W_BIT_WIDTH8_B_BIT_WIDTH32_KERNEL_LEN3_DILATION16', cell 'C4020' does not drive any nets. (LINT-1)
Warning: In design 'resi_block_NUM_CHANNELS16_W_BIT_WIDTH8_B_BIT_WIDTH32_KERNEL_LEN3_DILATION16', cell 'C4027' does not drive any nets. (LINT-1)
Warning: In design 'resi_block_NUM_CHANNELS16_W_BIT_WIDTH8_B_BIT_WIDTH32_KERNEL_LEN3_DILATION16', cell 'C4034' does not drive any nets. (LINT-1)
Warning: In design 'resi_block_NUM_CHANNELS16_W_BIT_WIDTH8_B_BIT_WIDTH32_KERNEL_LEN3_DILATION16', cell 'C4041' does not drive any nets. (LINT-1)
Warning: In design 'resi_block_NUM_CHANNELS16_W_BIT_WIDTH8_B_BIT_WIDTH32_KERNEL_LEN3_DILATION16', cell 'C4048' does not drive any nets. (LINT-1)
Warning: In design 'resi_block_NUM_CHANNELS16_W_BIT_WIDTH8_B_BIT_WIDTH32_KERNEL_LEN3_DILATION32', cell 'C3908' does not drive any nets. (LINT-1)
Warning: In design 'resi_block_NUM_CHANNELS16_W_BIT_WIDTH8_B_BIT_WIDTH32_KERNEL_LEN3_DILATION32', cell 'C3921' does not drive any nets. (LINT-1)
Warning: In design 'resi_block_NUM_CHANNELS16_W_BIT_WIDTH8_B_BIT_WIDTH32_KERNEL_LEN3_DILATION32', cell 'C3947' does not drive any nets. (LINT-1)
Warning: In design 'resi_block_NUM_CHANNELS16_W_BIT_WIDTH8_B_BIT_WIDTH32_KERNEL_LEN3_DILATION32', cell 'C3954' does not drive any nets. (LINT-1)
Warning: In design 'resi_block_NUM_CHANNELS16_W_BIT_WIDTH8_B_BIT_WIDTH32_KERNEL_LEN3_DILATION32', cell 'C3961' does not drive any nets. (LINT-1)
Warning: In design 'resi_block_NUM_CHANNELS16_W_BIT_WIDTH8_B_BIT_WIDTH32_KERNEL_LEN3_DILATION32', cell 'C3968' does not drive any nets. (LINT-1)
Warning: In design 'resi_block_NUM_CHANNELS16_W_BIT_WIDTH8_B_BIT_WIDTH32_KERNEL_LEN3_DILATION32', cell 'C3975' does not drive any nets. (LINT-1)
Warning: In design 'resi_block_NUM_CHANNELS16_W_BIT_WIDTH8_B_BIT_WIDTH32_KERNEL_LEN3_DILATION32', cell 'C3982' does not drive any nets. (LINT-1)
Warning: In design 'resi_block_NUM_CHANNELS16_W_BIT_WIDTH8_B_BIT_WIDTH32_KERNEL_LEN3_DILATION32', cell 'C3989' does not drive any nets. (LINT-1)
Warning: In design 'resi_block_NUM_CHANNELS16_W_BIT_WIDTH8_B_BIT_WIDTH32_KERNEL_LEN3_DILATION32', cell 'C3996' does not drive any nets. (LINT-1)
Warning: In design 'resi_block_NUM_CHANNELS16_W_BIT_WIDTH8_B_BIT_WIDTH32_KERNEL_LEN3_DILATION32', cell 'C4003' does not drive any nets. (LINT-1)
Warning: In design 'resi_block_NUM_CHANNELS16_W_BIT_WIDTH8_B_BIT_WIDTH32_KERNEL_LEN3_DILATION32', cell 'C4010' does not drive any nets. (LINT-1)
Warning: In design 'resi_block_NUM_CHANNELS16_W_BIT_WIDTH8_B_BIT_WIDTH32_KERNEL_LEN3_DILATION32', cell 'C4017' does not drive any nets. (LINT-1)
Warning: In design 'resi_block_NUM_CHANNELS16_W_BIT_WIDTH8_B_BIT_WIDTH32_KERNEL_LEN3_DILATION32', cell 'C4024' does not drive any nets. (LINT-1)
Warning: In design 'resi_block_NUM_CHANNELS16_W_BIT_WIDTH8_B_BIT_WIDTH32_KERNEL_LEN3_DILATION32', cell 'C4031' does not drive any nets. (LINT-1)
Warning: In design 'resi_block_NUM_CHANNELS16_W_BIT_WIDTH8_B_BIT_WIDTH32_KERNEL_LEN3_DILATION32', cell 'C4038' does not drive any nets. (LINT-1)
Warning: In design 'resi_block_NUM_CHANNELS16_W_BIT_WIDTH8_B_BIT_WIDTH32_KERNEL_LEN3_DILATION32', cell 'C4045' does not drive any nets. (LINT-1)
Warning: In design 'resi_block_NUM_CHANNELS16_W_BIT_WIDTH8_B_BIT_WIDTH32_KERNEL_LEN3_DILATION32', cell 'C4052' does not drive any nets. (LINT-1)
Warning: In design 'resi_block_NUM_CHANNELS16_W_BIT_WIDTH8_B_BIT_WIDTH32_KERNEL_LEN3_DILATION64', cell 'C3912' does not drive any nets. (LINT-1)
Warning: In design 'resi_block_NUM_CHANNELS16_W_BIT_WIDTH8_B_BIT_WIDTH32_KERNEL_LEN3_DILATION64', cell 'C3925' does not drive any nets. (LINT-1)
Warning: In design 'resi_block_NUM_CHANNELS16_W_BIT_WIDTH8_B_BIT_WIDTH32_KERNEL_LEN3_DILATION64', cell 'C3951' does not drive any nets. (LINT-1)
Warning: In design 'resi_block_NUM_CHANNELS16_W_BIT_WIDTH8_B_BIT_WIDTH32_KERNEL_LEN3_DILATION64', cell 'C3958' does not drive any nets. (LINT-1)
Warning: In design 'resi_block_NUM_CHANNELS16_W_BIT_WIDTH8_B_BIT_WIDTH32_KERNEL_LEN3_DILATION64', cell 'C3965' does not drive any nets. (LINT-1)
Warning: In design 'resi_block_NUM_CHANNELS16_W_BIT_WIDTH8_B_BIT_WIDTH32_KERNEL_LEN3_DILATION64', cell 'C3972' does not drive any nets. (LINT-1)
Warning: In design 'resi_block_NUM_CHANNELS16_W_BIT_WIDTH8_B_BIT_WIDTH32_KERNEL_LEN3_DILATION64', cell 'C3979' does not drive any nets. (LINT-1)
Warning: In design 'resi_block_NUM_CHANNELS16_W_BIT_WIDTH8_B_BIT_WIDTH32_KERNEL_LEN3_DILATION64', cell 'C3986' does not drive any nets. (LINT-1)
Warning: In design 'resi_block_NUM_CHANNELS16_W_BIT_WIDTH8_B_BIT_WIDTH32_KERNEL_LEN3_DILATION64', cell 'C3993' does not drive any nets. (LINT-1)
Warning: In design 'resi_block_NUM_CHANNELS16_W_BIT_WIDTH8_B_BIT_WIDTH32_KERNEL_LEN3_DILATION64', cell 'C4000' does not drive any nets. (LINT-1)
Warning: In design 'resi_block_NUM_CHANNELS16_W_BIT_WIDTH8_B_BIT_WIDTH32_KERNEL_LEN3_DILATION64', cell 'C4007' does not drive any nets. (LINT-1)
Warning: In design 'resi_block_NUM_CHANNELS16_W_BIT_WIDTH8_B_BIT_WIDTH32_KERNEL_LEN3_DILATION64', cell 'C4014' does not drive any nets. (LINT-1)
Warning: In design 'resi_block_NUM_CHANNELS16_W_BIT_WIDTH8_B_BIT_WIDTH32_KERNEL_LEN3_DILATION64', cell 'C4021' does not drive any nets. (LINT-1)
Warning: In design 'resi_block_NUM_CHANNELS16_W_BIT_WIDTH8_B_BIT_WIDTH32_KERNEL_LEN3_DILATION64', cell 'C4028' does not drive any nets. (LINT-1)
Warning: In design 'resi_block_NUM_CHANNELS16_W_BIT_WIDTH8_B_BIT_WIDTH32_KERNEL_LEN3_DILATION64', cell 'C4035' does not drive any nets. (LINT-1)
Warning: In design 'resi_block_NUM_CHANNELS16_W_BIT_WIDTH8_B_BIT_WIDTH32_KERNEL_LEN3_DILATION64', cell 'C4042' does not drive any nets. (LINT-1)
Warning: In design 'resi_block_NUM_CHANNELS16_W_BIT_WIDTH8_B_BIT_WIDTH32_KERNEL_LEN3_DILATION64', cell 'C4049' does not drive any nets. (LINT-1)
Warning: In design 'resi_block_NUM_CHANNELS16_W_BIT_WIDTH8_B_BIT_WIDTH32_KERNEL_LEN3_DILATION64', cell 'C4056' does not drive any nets. (LINT-1)
Warning: In design 'output_block_IN_CHANNELS16_OUT_CHANNELS6_W_BIT_WIDTH8_B_BIT_WIDTH32', cell 'C819' does not drive any nets. (LINT-1)
Warning: In design 'MAC_array_IN_LEN8_KERNEL_LEN18_NUM_CHANNELS16', cell 'C3439' does not drive any nets. (LINT-1)
Warning: In design 'MAC_array_IN_LEN8_KERNEL_LEN18_NUM_CHANNELS16', cell 'C3440' does not drive any nets. (LINT-1)
Warning: In design 'MAC_array_IN_LEN8_KERNEL_LEN18_NUM_CHANNELS16', cell 'C3447' does not drive any nets. (LINT-1)
Warning: In design 'MAC_array_IN_LEN8_KERNEL_LEN18_NUM_CHANNELS16', cell 'C3448' does not drive any nets. (LINT-1)
Warning: In design 'MAC_array_IN_LEN8_KERNEL_LEN18_NUM_CHANNELS16', cell 'C3455' does not drive any nets. (LINT-1)
Warning: In design 'MAC_array_IN_LEN8_KERNEL_LEN18_NUM_CHANNELS16', cell 'C3456' does not drive any nets. (LINT-1)
Warning: In design 'MAC_array_IN_LEN8_KERNEL_LEN18_NUM_CHANNELS16', cell 'C3463' does not drive any nets. (LINT-1)
Warning: In design 'MAC_array_IN_LEN8_KERNEL_LEN18_NUM_CHANNELS16', cell 'C3464' does not drive any nets. (LINT-1)
Warning: In design 'MAC_array_IN_LEN8_KERNEL_LEN18_NUM_CHANNELS16', cell 'C3471' does not drive any nets. (LINT-1)
Warning: In design 'MAC_array_IN_LEN8_KERNEL_LEN18_NUM_CHANNELS16', cell 'C3472' does not drive any nets. (LINT-1)
Warning: In design 'MAC_array_IN_LEN8_KERNEL_LEN18_NUM_CHANNELS16', cell 'C3479' does not drive any nets. (LINT-1)
Warning: In design 'MAC_array_IN_LEN8_KERNEL_LEN18_NUM_CHANNELS16', cell 'C3480' does not drive any nets. (LINT-1)
Warning: In design 'MAC_array_IN_LEN8_KERNEL_LEN18_NUM_CHANNELS16', cell 'C3487' does not drive any nets. (LINT-1)
Warning: In design 'MAC_array_IN_LEN8_KERNEL_LEN18_NUM_CHANNELS16', cell 'C3488' does not drive any nets. (LINT-1)
Warning: In design 'MAC_array_IN_LEN8_KERNEL_LEN18_NUM_CHANNELS16', cell 'C3495' does not drive any nets. (LINT-1)
Warning: In design 'MAC_array_IN_LEN8_KERNEL_LEN18_NUM_CHANNELS16', cell 'C3496' does not drive any nets. (LINT-1)
Warning: In design 'MAC_array_IN_LEN8_KERNEL_LEN18_NUM_CHANNELS16', cell 'C3503' does not drive any nets. (LINT-1)
Warning: In design 'MAC_array_IN_LEN8_KERNEL_LEN18_NUM_CHANNELS16', cell 'C3504' does not drive any nets. (LINT-1)
Warning: In design 'MAC_array_IN_LEN8_KERNEL_LEN18_NUM_CHANNELS16', cell 'C3511' does not drive any nets. (LINT-1)
Warning: In design 'MAC_array_IN_LEN8_KERNEL_LEN18_NUM_CHANNELS16', cell 'C3512' does not drive any nets. (LINT-1)
Warning: In design 'MAC_array_IN_LEN8_KERNEL_LEN18_NUM_CHANNELS16', cell 'C3519' does not drive any nets. (LINT-1)
Warning: In design 'MAC_array_IN_LEN8_KERNEL_LEN18_NUM_CHANNELS16', cell 'C3520' does not drive any nets. (LINT-1)
Warning: In design 'MAC_array_IN_LEN8_KERNEL_LEN18_NUM_CHANNELS16', cell 'C3527' does not drive any nets. (LINT-1)
Warning: In design 'MAC_array_IN_LEN8_KERNEL_LEN18_NUM_CHANNELS16', cell 'C3528' does not drive any nets. (LINT-1)
Warning: In design 'MAC_array_IN_LEN8_KERNEL_LEN18_NUM_CHANNELS16', cell 'C3535' does not drive any nets. (LINT-1)
Warning: In design 'MAC_array_IN_LEN8_KERNEL_LEN18_NUM_CHANNELS16', cell 'C3536' does not drive any nets. (LINT-1)
Warning: In design 'MAC_array_IN_LEN8_KERNEL_LEN18_NUM_CHANNELS16', cell 'C3543' does not drive any nets. (LINT-1)
Warning: In design 'MAC_array_IN_LEN8_KERNEL_LEN18_NUM_CHANNELS16', cell 'C3544' does not drive any nets. (LINT-1)
Warning: In design 'MAC_array_IN_LEN8_KERNEL_LEN18_NUM_CHANNELS16', cell 'C3551' does not drive any nets. (LINT-1)
Warning: In design 'MAC_array_IN_LEN8_KERNEL_LEN18_NUM_CHANNELS16', cell 'C3552' does not drive any nets. (LINT-1)
Warning: In design 'MAC_array_IN_LEN8_KERNEL_LEN18_NUM_CHANNELS16', cell 'C3559' does not drive any nets. (LINT-1)
Warning: In design 'MAC_array_IN_LEN8_KERNEL_LEN18_NUM_CHANNELS16', cell 'C3560' does not drive any nets. (LINT-1)
Warning: In design 'MAC_array_IN_LEN8_KERNEL_LEN18_NUM_CHANNELS16', cell 'C3570' does not drive any nets. (LINT-1)
Warning: In design 'quant_array_IN_LEN32_OUT_LEN8_NUM_CHANNELS16', cell 'C2780' does not drive any nets. (LINT-1)
Warning: In design 'quant_array_IN_LEN32_OUT_LEN8_NUM_CHANNELS16', cell 'C2781' does not drive any nets. (LINT-1)
Warning: In design 'quant_array_IN_LEN32_OUT_LEN8_NUM_CHANNELS16', cell 'C2790' does not drive any nets. (LINT-1)
Warning: In design 'quant_array_IN_LEN32_OUT_LEN8_NUM_CHANNELS16', cell 'C2791' does not drive any nets. (LINT-1)
Warning: In design 'quant_array_IN_LEN32_OUT_LEN8_NUM_CHANNELS16', cell 'C2803' does not drive any nets. (LINT-1)
Warning: In design 'quant_array_IN_LEN32_OUT_LEN8_NUM_CHANNELS16', cell 'C2804' does not drive any nets. (LINT-1)
Warning: In design 'quant_array_IN_LEN32_OUT_LEN8_NUM_CHANNELS16', cell 'C2813' does not drive any nets. (LINT-1)
Warning: In design 'quant_array_IN_LEN32_OUT_LEN8_NUM_CHANNELS16', cell 'C2814' does not drive any nets. (LINT-1)
Warning: In design 'quant_array_IN_LEN32_OUT_LEN8_NUM_CHANNELS16', cell 'C2826' does not drive any nets. (LINT-1)
Warning: In design 'quant_array_IN_LEN32_OUT_LEN8_NUM_CHANNELS16', cell 'C2827' does not drive any nets. (LINT-1)
Warning: In design 'quant_array_IN_LEN32_OUT_LEN8_NUM_CHANNELS16', cell 'C2836' does not drive any nets. (LINT-1)
Warning: In design 'quant_array_IN_LEN32_OUT_LEN8_NUM_CHANNELS16', cell 'C2837' does not drive any nets. (LINT-1)
Warning: In design 'quant_array_IN_LEN32_OUT_LEN8_NUM_CHANNELS16', cell 'C2849' does not drive any nets. (LINT-1)
Warning: In design 'quant_array_IN_LEN32_OUT_LEN8_NUM_CHANNELS16', cell 'C2850' does not drive any nets. (LINT-1)
Warning: In design 'quant_array_IN_LEN32_OUT_LEN8_NUM_CHANNELS16', cell 'C2859' does not drive any nets. (LINT-1)
Warning: In design 'quant_array_IN_LEN32_OUT_LEN8_NUM_CHANNELS16', cell 'C2860' does not drive any nets. (LINT-1)
Warning: In design 'quant_array_IN_LEN32_OUT_LEN8_NUM_CHANNELS16', cell 'C2872' does not drive any nets. (LINT-1)
Warning: In design 'quant_array_IN_LEN32_OUT_LEN8_NUM_CHANNELS16', cell 'C2873' does not drive any nets. (LINT-1)
Warning: In design 'quant_array_IN_LEN32_OUT_LEN8_NUM_CHANNELS16', cell 'C2882' does not drive any nets. (LINT-1)
Warning: In design 'quant_array_IN_LEN32_OUT_LEN8_NUM_CHANNELS16', cell 'C2883' does not drive any nets. (LINT-1)
Warning: In design 'quant_array_IN_LEN32_OUT_LEN8_NUM_CHANNELS16', cell 'C2895' does not drive any nets. (LINT-1)
Warning: In design 'quant_array_IN_LEN32_OUT_LEN8_NUM_CHANNELS16', cell 'C2896' does not drive any nets. (LINT-1)
Warning: In design 'quant_array_IN_LEN32_OUT_LEN8_NUM_CHANNELS16', cell 'C2905' does not drive any nets. (LINT-1)
Warning: In design 'quant_array_IN_LEN32_OUT_LEN8_NUM_CHANNELS16', cell 'C2906' does not drive any nets. (LINT-1)
Warning: In design 'quant_array_IN_LEN32_OUT_LEN8_NUM_CHANNELS16', cell 'C2918' does not drive any nets. (LINT-1)
Warning: In design 'quant_array_IN_LEN32_OUT_LEN8_NUM_CHANNELS16', cell 'C2919' does not drive any nets. (LINT-1)
Warning: In design 'quant_array_IN_LEN32_OUT_LEN8_NUM_CHANNELS16', cell 'C2928' does not drive any nets. (LINT-1)
Warning: In design 'quant_array_IN_LEN32_OUT_LEN8_NUM_CHANNELS16', cell 'C2929' does not drive any nets. (LINT-1)
Warning: In design 'quant_array_IN_LEN32_OUT_LEN8_NUM_CHANNELS16', cell 'C2941' does not drive any nets. (LINT-1)
Warning: In design 'quant_array_IN_LEN32_OUT_LEN8_NUM_CHANNELS16', cell 'C2942' does not drive any nets. (LINT-1)
Warning: In design 'quant_array_IN_LEN32_OUT_LEN8_NUM_CHANNELS16', cell 'C2951' does not drive any nets. (LINT-1)
Warning: In design 'quant_array_IN_LEN32_OUT_LEN8_NUM_CHANNELS16', cell 'C2952' does not drive any nets. (LINT-1)
Warning: In design 'MAC_array_IN_LEN8_KERNEL_LEN48_NUM_CHANNELS16', cell 'C3511' does not drive any nets. (LINT-1)
Warning: In design 'MAC_array_IN_LEN8_KERNEL_LEN48_NUM_CHANNELS16', cell 'C3512' does not drive any nets. (LINT-1)
Warning: In design 'MAC_array_IN_LEN8_KERNEL_LEN48_NUM_CHANNELS16', cell 'C3519' does not drive any nets. (LINT-1)
Warning: In design 'MAC_array_IN_LEN8_KERNEL_LEN48_NUM_CHANNELS16', cell 'C3520' does not drive any nets. (LINT-1)
Warning: In design 'MAC_array_IN_LEN8_KERNEL_LEN48_NUM_CHANNELS16', cell 'C3527' does not drive any nets. (LINT-1)
Warning: In design 'MAC_array_IN_LEN8_KERNEL_LEN48_NUM_CHANNELS16', cell 'C3528' does not drive any nets. (LINT-1)
Warning: In design 'MAC_array_IN_LEN8_KERNEL_LEN48_NUM_CHANNELS16', cell 'C3535' does not drive any nets. (LINT-1)
Warning: In design 'MAC_array_IN_LEN8_KERNEL_LEN48_NUM_CHANNELS16', cell 'C3536' does not drive any nets. (LINT-1)
Warning: In design 'MAC_array_IN_LEN8_KERNEL_LEN48_NUM_CHANNELS16', cell 'C3543' does not drive any nets. (LINT-1)
Warning: In design 'MAC_array_IN_LEN8_KERNEL_LEN48_NUM_CHANNELS16', cell 'C3544' does not drive any nets. (LINT-1)
Warning: In design 'MAC_array_IN_LEN8_KERNEL_LEN48_NUM_CHANNELS16', cell 'C3551' does not drive any nets. (LINT-1)
Warning: In design 'MAC_array_IN_LEN8_KERNEL_LEN48_NUM_CHANNELS16', cell 'C3552' does not drive any nets. (LINT-1)
Warning: In design 'MAC_array_IN_LEN8_KERNEL_LEN48_NUM_CHANNELS16', cell 'C3559' does not drive any nets. (LINT-1)
Warning: In design 'MAC_array_IN_LEN8_KERNEL_LEN48_NUM_CHANNELS16', cell 'C3560' does not drive any nets. (LINT-1)
Warning: In design 'MAC_array_IN_LEN8_KERNEL_LEN48_NUM_CHANNELS16', cell 'C3567' does not drive any nets. (LINT-1)
Warning: In design 'MAC_array_IN_LEN8_KERNEL_LEN48_NUM_CHANNELS16', cell 'C3568' does not drive any nets. (LINT-1)
Warning: In design 'MAC_array_IN_LEN8_KERNEL_LEN48_NUM_CHANNELS16', cell 'C3575' does not drive any nets. (LINT-1)
Warning: In design 'MAC_array_IN_LEN8_KERNEL_LEN48_NUM_CHANNELS16', cell 'C3576' does not drive any nets. (LINT-1)
Warning: In design 'MAC_array_IN_LEN8_KERNEL_LEN48_NUM_CHANNELS16', cell 'C3583' does not drive any nets. (LINT-1)
Warning: In design 'MAC_array_IN_LEN8_KERNEL_LEN48_NUM_CHANNELS16', cell 'C3584' does not drive any nets. (LINT-1)
Warning: In design 'MAC_array_IN_LEN8_KERNEL_LEN48_NUM_CHANNELS16', cell 'C3591' does not drive any nets. (LINT-1)
Warning: In design 'MAC_array_IN_LEN8_KERNEL_LEN48_NUM_CHANNELS16', cell 'C3592' does not drive any nets. (LINT-1)
Warning: In design 'MAC_array_IN_LEN8_KERNEL_LEN48_NUM_CHANNELS16', cell 'C3599' does not drive any nets. (LINT-1)
Warning: In design 'MAC_array_IN_LEN8_KERNEL_LEN48_NUM_CHANNELS16', cell 'C3600' does not drive any nets. (LINT-1)
Warning: In design 'MAC_array_IN_LEN8_KERNEL_LEN48_NUM_CHANNELS16', cell 'C3607' does not drive any nets. (LINT-1)
Warning: In design 'MAC_array_IN_LEN8_KERNEL_LEN48_NUM_CHANNELS16', cell 'C3608' does not drive any nets. (LINT-1)
Warning: In design 'MAC_array_IN_LEN8_KERNEL_LEN48_NUM_CHANNELS16', cell 'C3615' does not drive any nets. (LINT-1)
Warning: In design 'MAC_array_IN_LEN8_KERNEL_LEN48_NUM_CHANNELS16', cell 'C3616' does not drive any nets. (LINT-1)
Warning: In design 'MAC_array_IN_LEN8_KERNEL_LEN48_NUM_CHANNELS16', cell 'C3623' does not drive any nets. (LINT-1)
Warning: In design 'MAC_array_IN_LEN8_KERNEL_LEN48_NUM_CHANNELS16', cell 'C3624' does not drive any nets. (LINT-1)
Warning: In design 'MAC_array_IN_LEN8_KERNEL_LEN48_NUM_CHANNELS16', cell 'C3631' does not drive any nets. (LINT-1)
Warning: In design 'MAC_array_IN_LEN8_KERNEL_LEN48_NUM_CHANNELS16', cell 'C3632' does not drive any nets. (LINT-1)
Warning: In design 'MAC_array_IN_LEN8_KERNEL_LEN48_NUM_CHANNELS16', cell 'C3642' does not drive any nets. (LINT-1)
Warning: In design 'MAC_array_IN_LEN8_KERNEL_LEN6_NUM_CHANNELS16', cell 'C3397' does not drive any nets. (LINT-1)
Warning: In design 'MAC_array_IN_LEN8_KERNEL_LEN6_NUM_CHANNELS16', cell 'C3398' does not drive any nets. (LINT-1)
Warning: In design 'MAC_array_IN_LEN8_KERNEL_LEN6_NUM_CHANNELS16', cell 'C3405' does not drive any nets. (LINT-1)
Warning: In design 'MAC_array_IN_LEN8_KERNEL_LEN6_NUM_CHANNELS16', cell 'C3406' does not drive any nets. (LINT-1)
Warning: In design 'MAC_array_IN_LEN8_KERNEL_LEN6_NUM_CHANNELS16', cell 'C3413' does not drive any nets. (LINT-1)
Warning: In design 'MAC_array_IN_LEN8_KERNEL_LEN6_NUM_CHANNELS16', cell 'C3414' does not drive any nets. (LINT-1)
Warning: In design 'MAC_array_IN_LEN8_KERNEL_LEN6_NUM_CHANNELS16', cell 'C3421' does not drive any nets. (LINT-1)
Warning: In design 'MAC_array_IN_LEN8_KERNEL_LEN6_NUM_CHANNELS16', cell 'C3422' does not drive any nets. (LINT-1)
Warning: In design 'MAC_array_IN_LEN8_KERNEL_LEN6_NUM_CHANNELS16', cell 'C3429' does not drive any nets. (LINT-1)
Warning: In design 'MAC_array_IN_LEN8_KERNEL_LEN6_NUM_CHANNELS16', cell 'C3430' does not drive any nets. (LINT-1)
Warning: In design 'MAC_array_IN_LEN8_KERNEL_LEN6_NUM_CHANNELS16', cell 'C3437' does not drive any nets. (LINT-1)
Warning: In design 'MAC_array_IN_LEN8_KERNEL_LEN6_NUM_CHANNELS16', cell 'C3438' does not drive any nets. (LINT-1)
Warning: In design 'MAC_array_IN_LEN8_KERNEL_LEN6_NUM_CHANNELS16', cell 'C3445' does not drive any nets. (LINT-1)
Warning: In design 'MAC_array_IN_LEN8_KERNEL_LEN6_NUM_CHANNELS16', cell 'C3446' does not drive any nets. (LINT-1)
Warning: In design 'MAC_array_IN_LEN8_KERNEL_LEN6_NUM_CHANNELS16', cell 'C3453' does not drive any nets. (LINT-1)
Warning: In design 'MAC_array_IN_LEN8_KERNEL_LEN6_NUM_CHANNELS16', cell 'C3454' does not drive any nets. (LINT-1)
Warning: In design 'MAC_array_IN_LEN8_KERNEL_LEN6_NUM_CHANNELS16', cell 'C3461' does not drive any nets. (LINT-1)
Warning: In design 'MAC_array_IN_LEN8_KERNEL_LEN6_NUM_CHANNELS16', cell 'C3462' does not drive any nets. (LINT-1)
Warning: In design 'MAC_array_IN_LEN8_KERNEL_LEN6_NUM_CHANNELS16', cell 'C3469' does not drive any nets. (LINT-1)
Warning: In design 'MAC_array_IN_LEN8_KERNEL_LEN6_NUM_CHANNELS16', cell 'C3470' does not drive any nets. (LINT-1)
Warning: In design 'MAC_array_IN_LEN8_KERNEL_LEN6_NUM_CHANNELS16', cell 'C3477' does not drive any nets. (LINT-1)
Warning: In design 'MAC_array_IN_LEN8_KERNEL_LEN6_NUM_CHANNELS16', cell 'C3478' does not drive any nets. (LINT-1)
Warning: In design 'MAC_array_IN_LEN8_KERNEL_LEN6_NUM_CHANNELS16', cell 'C3485' does not drive any nets. (LINT-1)
Warning: In design 'MAC_array_IN_LEN8_KERNEL_LEN6_NUM_CHANNELS16', cell 'C3486' does not drive any nets. (LINT-1)
Warning: In design 'MAC_array_IN_LEN8_KERNEL_LEN6_NUM_CHANNELS16', cell 'C3493' does not drive any nets. (LINT-1)
Warning: In design 'MAC_array_IN_LEN8_KERNEL_LEN6_NUM_CHANNELS16', cell 'C3494' does not drive any nets. (LINT-1)
Warning: In design 'MAC_array_IN_LEN8_KERNEL_LEN6_NUM_CHANNELS16', cell 'C3501' does not drive any nets. (LINT-1)
Warning: In design 'MAC_array_IN_LEN8_KERNEL_LEN6_NUM_CHANNELS16', cell 'C3502' does not drive any nets. (LINT-1)
Warning: In design 'MAC_array_IN_LEN8_KERNEL_LEN6_NUM_CHANNELS16', cell 'C3509' does not drive any nets. (LINT-1)
Warning: In design 'MAC_array_IN_LEN8_KERNEL_LEN6_NUM_CHANNELS16', cell 'C3510' does not drive any nets. (LINT-1)
Warning: In design 'MAC_array_IN_LEN8_KERNEL_LEN6_NUM_CHANNELS16', cell 'C3517' does not drive any nets. (LINT-1)
Warning: In design 'MAC_array_IN_LEN8_KERNEL_LEN6_NUM_CHANNELS16', cell 'C3518' does not drive any nets. (LINT-1)
Warning: In design 'MAC_array_IN_LEN8_KERNEL_LEN6_NUM_CHANNELS16', cell 'C3528' does not drive any nets. (LINT-1)
Warning: In design 'ring_DEPTH4_DATA_LEN8', cell 'C95' does not drive any nets. (LINT-1)
Warning: In design 'MAC_array', cell 'C3359' does not drive any nets. (LINT-1)
Warning: In design 'MAC_array', cell 'C3360' does not drive any nets. (LINT-1)
Warning: In design 'MAC_array', cell 'C3367' does not drive any nets. (LINT-1)
Warning: In design 'MAC_array', cell 'C3368' does not drive any nets. (LINT-1)
Warning: In design 'MAC_array', cell 'C3375' does not drive any nets. (LINT-1)
Warning: In design 'MAC_array', cell 'C3376' does not drive any nets. (LINT-1)
Warning: In design 'MAC_array', cell 'C3383' does not drive any nets. (LINT-1)
Warning: In design 'MAC_array', cell 'C3384' does not drive any nets. (LINT-1)
Warning: In design 'MAC_array', cell 'C3391' does not drive any nets. (LINT-1)
Warning: In design 'MAC_array', cell 'C3392' does not drive any nets. (LINT-1)
Warning: In design 'MAC_array', cell 'C3399' does not drive any nets. (LINT-1)
Warning: In design 'MAC_array', cell 'C3400' does not drive any nets. (LINT-1)
Warning: In design 'MAC_array', cell 'C3407' does not drive any nets. (LINT-1)
Warning: In design 'MAC_array', cell 'C3408' does not drive any nets. (LINT-1)
Warning: In design 'MAC_array', cell 'C3415' does not drive any nets. (LINT-1)
Warning: In design 'MAC_array', cell 'C3416' does not drive any nets. (LINT-1)
Warning: In design 'MAC_array', cell 'C3423' does not drive any nets. (LINT-1)
Warning: In design 'MAC_array', cell 'C3424' does not drive any nets. (LINT-1)
Warning: In design 'MAC_array', cell 'C3431' does not drive any nets. (LINT-1)
Warning: In design 'MAC_array', cell 'C3432' does not drive any nets. (LINT-1)
Warning: In design 'MAC_array', cell 'C3439' does not drive any nets. (LINT-1)
Warning: In design 'MAC_array', cell 'C3440' does not drive any nets. (LINT-1)
Warning: In design 'MAC_array', cell 'C3447' does not drive any nets. (LINT-1)
Warning: In design 'MAC_array', cell 'C3448' does not drive any nets. (LINT-1)
Warning: In design 'MAC_array', cell 'C3455' does not drive any nets. (LINT-1)
Warning: In design 'MAC_array', cell 'C3456' does not drive any nets. (LINT-1)
Warning: In design 'MAC_array', cell 'C3463' does not drive any nets. (LINT-1)
Warning: In design 'MAC_array', cell 'C3464' does not drive any nets. (LINT-1)
Warning: In design 'MAC_array', cell 'C3471' does not drive any nets. (LINT-1)
Warning: In design 'MAC_array', cell 'C3472' does not drive any nets. (LINT-1)
Warning: In design 'MAC_array', cell 'C3479' does not drive any nets. (LINT-1)
Warning: In design 'MAC_array', cell 'C3480' does not drive any nets. (LINT-1)
Warning: In design 'MAC_array', cell 'C3490' does not drive any nets. (LINT-1)
Warning: In design 'ring_DEPTH8_DATA_LEN8', cell 'C105' does not drive any nets. (LINT-1)
Warning: In design 'ring_DEPTH16_DATA_LEN8', cell 'C115' does not drive any nets. (LINT-1)
Warning: In design 'ring_DEPTH32_DATA_LEN8', cell 'C125' does not drive any nets. (LINT-1)
Warning: In design 'ring_DEPTH64_DATA_LEN8', cell 'C135' does not drive any nets. (LINT-1)
Warning: In design 'ring_DEPTH128_DATA_LEN8', cell 'C145' does not drive any nets. (LINT-1)
Warning: In design 'ring_DEPTH256_DATA_LEN8', cell 'C155' does not drive any nets. (LINT-1)
Warning: In design 'MAC_array_IN_LEN8_KERNEL_LEN16_NUM_CHANNELS6', cell 'C1297' does not drive any nets. (LINT-1)
Warning: In design 'MAC_array_IN_LEN8_KERNEL_LEN16_NUM_CHANNELS6', cell 'C1298' does not drive any nets. (LINT-1)
Warning: In design 'MAC_array_IN_LEN8_KERNEL_LEN16_NUM_CHANNELS6', cell 'C1305' does not drive any nets. (LINT-1)
Warning: In design 'MAC_array_IN_LEN8_KERNEL_LEN16_NUM_CHANNELS6', cell 'C1306' does not drive any nets. (LINT-1)
Warning: In design 'MAC_array_IN_LEN8_KERNEL_LEN16_NUM_CHANNELS6', cell 'C1313' does not drive any nets. (LINT-1)
Warning: In design 'MAC_array_IN_LEN8_KERNEL_LEN16_NUM_CHANNELS6', cell 'C1314' does not drive any nets. (LINT-1)
Warning: In design 'MAC_array_IN_LEN8_KERNEL_LEN16_NUM_CHANNELS6', cell 'C1321' does not drive any nets. (LINT-1)
Warning: In design 'MAC_array_IN_LEN8_KERNEL_LEN16_NUM_CHANNELS6', cell 'C1322' does not drive any nets. (LINT-1)
Warning: In design 'MAC_array_IN_LEN8_KERNEL_LEN16_NUM_CHANNELS6', cell 'C1329' does not drive any nets. (LINT-1)
Warning: In design 'MAC_array_IN_LEN8_KERNEL_LEN16_NUM_CHANNELS6', cell 'C1330' does not drive any nets. (LINT-1)
Warning: In design 'MAC_array_IN_LEN8_KERNEL_LEN16_NUM_CHANNELS6', cell 'C1337' does not drive any nets. (LINT-1)
Warning: In design 'MAC_array_IN_LEN8_KERNEL_LEN16_NUM_CHANNELS6', cell 'C1338' does not drive any nets. (LINT-1)
Warning: In design 'MAC_array_IN_LEN8_KERNEL_LEN16_NUM_CHANNELS6', cell 'C1348' does not drive any nets. (LINT-1)
Warning: In design 'quant_array_IN_LEN32_OUT_LEN8_NUM_CHANNELS6', cell 'C1050' does not drive any nets. (LINT-1)
Warning: In design 'quant_array_IN_LEN32_OUT_LEN8_NUM_CHANNELS6', cell 'C1051' does not drive any nets. (LINT-1)
Warning: In design 'quant_array_IN_LEN32_OUT_LEN8_NUM_CHANNELS6', cell 'C1060' does not drive any nets. (LINT-1)
Warning: In design 'quant_array_IN_LEN32_OUT_LEN8_NUM_CHANNELS6', cell 'C1061' does not drive any nets. (LINT-1)
Warning: In design 'quant_array_IN_LEN32_OUT_LEN8_NUM_CHANNELS6', cell 'C1073' does not drive any nets. (LINT-1)
Warning: In design 'quant_array_IN_LEN32_OUT_LEN8_NUM_CHANNELS6', cell 'C1074' does not drive any nets. (LINT-1)
Warning: In design 'quant_array_IN_LEN32_OUT_LEN8_NUM_CHANNELS6', cell 'C1083' does not drive any nets. (LINT-1)
Warning: In design 'quant_array_IN_LEN32_OUT_LEN8_NUM_CHANNELS6', cell 'C1084' does not drive any nets. (LINT-1)
Warning: In design 'quant_array_IN_LEN32_OUT_LEN8_NUM_CHANNELS6', cell 'C1096' does not drive any nets. (LINT-1)
Warning: In design 'quant_array_IN_LEN32_OUT_LEN8_NUM_CHANNELS6', cell 'C1097' does not drive any nets. (LINT-1)
Warning: In design 'quant_array_IN_LEN32_OUT_LEN8_NUM_CHANNELS6', cell 'C1106' does not drive any nets. (LINT-1)
Warning: In design 'quant_array_IN_LEN32_OUT_LEN8_NUM_CHANNELS6', cell 'C1107' does not drive any nets. (LINT-1)
Warning: In design 'tcn_block', net 'input_layer/gen_input_ring_banks[1].ring_bank1/sram_dout0[0]' driven by pin 'input_layer/gen_input_ring_banks[1].ring_bank1/gen_sram_32x16.u_ring_sram/dout0[0]' has no loads. (LINT-2)
Warning: In design 'tcn_block', net 'input_layer/gen_input_ring_banks[1].ring_bank1/sram_dout0[1]' driven by pin 'input_layer/gen_input_ring_banks[1].ring_bank1/gen_sram_32x16.u_ring_sram/dout0[1]' has no loads. (LINT-2)
Warning: In design 'tcn_block', net 'input_layer/gen_input_ring_banks[1].ring_bank1/sram_dout0[2]' driven by pin 'input_layer/gen_input_ring_banks[1].ring_bank1/gen_sram_32x16.u_ring_sram/dout0[2]' has no loads. (LINT-2)
Warning: In design 'tcn_block', net 'input_layer/gen_input_ring_banks[1].ring_bank1/sram_dout0[3]' driven by pin 'input_layer/gen_input_ring_banks[1].ring_bank1/gen_sram_32x16.u_ring_sram/dout0[3]' has no loads. (LINT-2)
Warning: In design 'tcn_block', net 'input_layer/gen_input_ring_banks[1].ring_bank1/sram_dout0[4]' driven by pin 'input_layer/gen_input_ring_banks[1].ring_bank1/gen_sram_32x16.u_ring_sram/dout0[4]' has no loads. (LINT-2)
Warning: In design 'tcn_block', net 'input_layer/gen_input_ring_banks[1].ring_bank1/sram_dout0[5]' driven by pin 'input_layer/gen_input_ring_banks[1].ring_bank1/gen_sram_32x16.u_ring_sram/dout0[5]' has no loads. (LINT-2)
Warning: In design 'tcn_block', net 'input_layer/gen_input_ring_banks[1].ring_bank1/sram_dout0[6]' driven by pin 'input_layer/gen_input_ring_banks[1].ring_bank1/gen_sram_32x16.u_ring_sram/dout0[6]' has no loads. (LINT-2)
Warning: In design 'tcn_block', net 'input_layer/gen_input_ring_banks[1].ring_bank1/sram_dout0[7]' driven by pin 'input_layer/gen_input_ring_banks[1].ring_bank1/gen_sram_32x16.u_ring_sram/dout0[7]' has no loads. (LINT-2)
Warning: In design 'tcn_block', net 'input_layer/gen_input_ring_banks[1].ring_bank1/sram_dout0[8]' driven by pin 'input_layer/gen_input_ring_banks[1].ring_bank1/gen_sram_32x16.u_ring_sram/dout0[8]' has no loads. (LINT-2)
Warning: In design 'tcn_block', net 'input_layer/gen_input_ring_banks[1].ring_bank1/sram_dout0[9]' driven by pin 'input_layer/gen_input_ring_banks[1].ring_bank1/gen_sram_32x16.u_ring_sram/dout0[9]' has no loads. (LINT-2)
Warning: In design 'tcn_block', net 'input_layer/gen_input_ring_banks[1].ring_bank1/sram_dout0[10]' driven by pin 'input_layer/gen_input_ring_banks[1].ring_bank1/gen_sram_32x16.u_ring_sram/dout0[10]' has no loads. (LINT-2)
Warning: In design 'tcn_block', net 'input_layer/gen_input_ring_banks[1].ring_bank1/sram_dout0[11]' driven by pin 'input_layer/gen_input_ring_banks[1].ring_bank1/gen_sram_32x16.u_ring_sram/dout0[11]' has no loads. (LINT-2)
Warning: In design 'tcn_block', net 'input_layer/gen_input_ring_banks[1].ring_bank1/sram_dout0[12]' driven by pin 'input_layer/gen_input_ring_banks[1].ring_bank1/gen_sram_32x16.u_ring_sram/dout0[12]' has no loads. (LINT-2)
Warning: In design 'tcn_block', net 'input_layer/gen_input_ring_banks[1].ring_bank1/sram_dout0[13]' driven by pin 'input_layer/gen_input_ring_banks[1].ring_bank1/gen_sram_32x16.u_ring_sram/dout0[13]' has no loads. (LINT-2)
Warning: In design 'tcn_block', net 'input_layer/gen_input_ring_banks[1].ring_bank1/sram_dout0[14]' driven by pin 'input_layer/gen_input_ring_banks[1].ring_bank1/gen_sram_32x16.u_ring_sram/dout0[14]' has no loads. (LINT-2)
Warning: In design 'tcn_block', net 'input_layer/gen_input_ring_banks[1].ring_bank1/sram_dout0[15]' driven by pin 'input_layer/gen_input_ring_banks[1].ring_bank1/gen_sram_32x16.u_ring_sram/dout0[15]' has no loads. (LINT-2)
Warning: In design 'tcn_block', net 'input_layer/gen_input_ring_banks[1].ring_bank1/sram_dout0[16]' driven by pin 'input_layer/gen_input_ring_banks[1].ring_bank1/gen_sram_32x16.u_ring_sram/dout0[16]' has no loads. (LINT-2)
Warning: In design 'tcn_block', net 'input_layer/gen_input_ring_banks[1].ring_bank1/sram_dout0[17]' driven by pin 'input_layer/gen_input_ring_banks[1].ring_bank1/gen_sram_32x16.u_ring_sram/dout0[17]' has no loads. (LINT-2)
Warning: In design 'tcn_block', net 'input_layer/gen_input_ring_banks[1].ring_bank1/sram_dout0[18]' driven by pin 'input_layer/gen_input_ring_banks[1].ring_bank1/gen_sram_32x16.u_ring_sram/dout0[18]' has no loads. (LINT-2)
Warning: In design 'tcn_block', net 'input_layer/gen_input_ring_banks[1].ring_bank1/sram_dout0[19]' driven by pin 'input_layer/gen_input_ring_banks[1].ring_bank1/gen_sram_32x16.u_ring_sram/dout0[19]' has no loads. (LINT-2)
Warning: In design 'tcn_block', net 'input_layer/gen_input_ring_banks[1].ring_bank1/sram_dout0[20]' driven by pin 'input_layer/gen_input_ring_banks[1].ring_bank1/gen_sram_32x16.u_ring_sram/dout0[20]' has no loads. (LINT-2)
Warning: In design 'tcn_block', net 'input_layer/gen_input_ring_banks[1].ring_bank1/sram_dout0[21]' driven by pin 'input_layer/gen_input_ring_banks[1].ring_bank1/gen_sram_32x16.u_ring_sram/dout0[21]' has no loads. (LINT-2)
Warning: In design 'tcn_block', net 'input_layer/gen_input_ring_banks[1].ring_bank1/sram_dout0[22]' driven by pin 'input_layer/gen_input_ring_banks[1].ring_bank1/gen_sram_32x16.u_ring_sram/dout0[22]' has no loads. (LINT-2)
Warning: In design 'tcn_block', net 'input_layer/gen_input_ring_banks[1].ring_bank1/sram_dout0[23]' driven by pin 'input_layer/gen_input_ring_banks[1].ring_bank1/gen_sram_32x16.u_ring_sram/dout0[23]' has no loads. (LINT-2)
Warning: In design 'tcn_block', net 'input_layer/gen_input_ring_banks[1].ring_bank1/sram_dout0[24]' driven by pin 'input_layer/gen_input_ring_banks[1].ring_bank1/gen_sram_32x16.u_ring_sram/dout0[24]' has no loads. (LINT-2)
Warning: In design 'tcn_block', net 'input_layer/gen_input_ring_banks[1].ring_bank1/sram_dout0[25]' driven by pin 'input_layer/gen_input_ring_banks[1].ring_bank1/gen_sram_32x16.u_ring_sram/dout0[25]' has no loads. (LINT-2)
Warning: In design 'tcn_block', net 'input_layer/gen_input_ring_banks[1].ring_bank1/sram_dout0[26]' driven by pin 'input_layer/gen_input_ring_banks[1].ring_bank1/gen_sram_32x16.u_ring_sram/dout0[26]' has no loads. (LINT-2)
Warning: In design 'tcn_block', net 'input_layer/gen_input_ring_banks[1].ring_bank1/sram_dout0[27]' driven by pin 'input_layer/gen_input_ring_banks[1].ring_bank1/gen_sram_32x16.u_ring_sram/dout0[27]' has no loads. (LINT-2)
Warning: In design 'tcn_block', net 'input_layer/gen_input_ring_banks[1].ring_bank1/sram_dout0[28]' driven by pin 'input_layer/gen_input_ring_banks[1].ring_bank1/gen_sram_32x16.u_ring_sram/dout0[28]' has no loads. (LINT-2)
Warning: In design 'tcn_block', net 'input_layer/gen_input_ring_banks[1].ring_bank1/sram_dout0[29]' driven by pin 'input_layer/gen_input_ring_banks[1].ring_bank1/gen_sram_32x16.u_ring_sram/dout0[29]' has no loads. (LINT-2)
Warning: In design 'tcn_block', net 'input_layer/gen_input_ring_banks[1].ring_bank1/sram_dout0[30]' driven by pin 'input_layer/gen_input_ring_banks[1].ring_bank1/gen_sram_32x16.u_ring_sram/dout0[30]' has no loads. (LINT-2)
Warning: In design 'tcn_block', net 'input_layer/gen_input_ring_banks[1].ring_bank1/sram_dout0[31]' driven by pin 'input_layer/gen_input_ring_banks[1].ring_bank1/gen_sram_32x16.u_ring_sram/dout0[31]' has no loads. (LINT-2)
Warning: In design 'tcn_block', net 'input_layer/ringOut1[1][16]' driven by pin 'input_layer/gen_input_ring_banks[1].ring_bank1/data_out[16]' has no loads. (LINT-2)
Warning: In design 'tcn_block', net 'input_layer/ringOut1[1][17]' driven by pin 'input_layer/gen_input_ring_banks[1].ring_bank1/data_out[17]' has no loads. (LINT-2)
Warning: In design 'tcn_block', net 'input_layer/ringOut1[1][18]' driven by pin 'input_layer/gen_input_ring_banks[1].ring_bank1/data_out[18]' has no loads. (LINT-2)
Warning: In design 'tcn_block', net 'input_layer/ringOut1[1][19]' driven by pin 'input_layer/gen_input_ring_banks[1].ring_bank1/data_out[19]' has no loads. (LINT-2)
Warning: In design 'tcn_block', net 'input_layer/ringOut1[1][20]' driven by pin 'input_layer/gen_input_ring_banks[1].ring_bank1/data_out[20]' has no loads. (LINT-2)
Warning: In design 'tcn_block', net 'input_layer/ringOut1[1][21]' driven by pin 'input_layer/gen_input_ring_banks[1].ring_bank1/data_out[21]' has no loads. (LINT-2)
Warning: In design 'tcn_block', net 'input_layer/ringOut1[1][22]' driven by pin 'input_layer/gen_input_ring_banks[1].ring_bank1/data_out[22]' has no loads. (LINT-2)
Warning: In design 'tcn_block', net 'input_layer/ringOut1[1][23]' driven by pin 'input_layer/gen_input_ring_banks[1].ring_bank1/data_out[23]' has no loads. (LINT-2)
Warning: In design 'tcn_block', net 'input_layer/ringOut1[1][24]' driven by pin 'input_layer/gen_input_ring_banks[1].ring_bank1/data_out[24]' has no loads. (LINT-2)
Warning: In design 'tcn_block', net 'input_layer/ringOut1[1][25]' driven by pin 'input_layer/gen_input_ring_banks[1].ring_bank1/data_out[25]' has no loads. (LINT-2)
Warning: In design 'tcn_block', net 'input_layer/ringOut1[1][26]' driven by pin 'input_layer/gen_input_ring_banks[1].ring_bank1/data_out[26]' has no loads. (LINT-2)
Warning: In design 'tcn_block', net 'input_layer/ringOut1[1][27]' driven by pin 'input_layer/gen_input_ring_banks[1].ring_bank1/data_out[27]' has no loads. (LINT-2)
Warning: In design 'tcn_block', net 'input_layer/ringOut1[1][28]' driven by pin 'input_layer/gen_input_ring_banks[1].ring_bank1/data_out[28]' has no loads. (LINT-2)
Warning: In design 'tcn_block', net 'input_layer/ringOut1[1][29]' driven by pin 'input_layer/gen_input_ring_banks[1].ring_bank1/data_out[29]' has no loads. (LINT-2)
Warning: In design 'tcn_block', net 'input_layer/ringOut1[1][30]' driven by pin 'input_layer/gen_input_ring_banks[1].ring_bank1/data_out[30]' has no loads. (LINT-2)
Warning: In design 'tcn_block', net 'input_layer/ringOut1[1][31]' driven by pin 'input_layer/gen_input_ring_banks[1].ring_bank1/data_out[31]' has no loads. (LINT-2)
Warning: In design 'tcn_block', net 'input_layer/gen_output_ring_banks[0].ring_bank2/sram_dout0[0]' driven by pin 'input_layer/gen_output_ring_banks[0].ring_bank2/gen_sram_32x16.u_ring_sram/dout0[0]' has no loads. (LINT-2)
Warning: In design 'tcn_block', net 'input_layer/gen_output_ring_banks[0].ring_bank2/sram_dout0[1]' driven by pin 'input_layer/gen_output_ring_banks[0].ring_bank2/gen_sram_32x16.u_ring_sram/dout0[1]' has no loads. (LINT-2)
Warning: In design 'tcn_block', net 'input_layer/gen_output_ring_banks[0].ring_bank2/sram_dout0[2]' driven by pin 'input_layer/gen_output_ring_banks[0].ring_bank2/gen_sram_32x16.u_ring_sram/dout0[2]' has no loads. (LINT-2)
Warning: In design 'tcn_block', net 'input_layer/gen_output_ring_banks[0].ring_bank2/sram_dout0[3]' driven by pin 'input_layer/gen_output_ring_banks[0].ring_bank2/gen_sram_32x16.u_ring_sram/dout0[3]' has no loads. (LINT-2)
Warning: In design 'tcn_block', net 'input_layer/gen_output_ring_banks[0].ring_bank2/sram_dout0[4]' driven by pin 'input_layer/gen_output_ring_banks[0].ring_bank2/gen_sram_32x16.u_ring_sram/dout0[4]' has no loads. (LINT-2)
Warning: In design 'tcn_block', net 'input_layer/gen_output_ring_banks[0].ring_bank2/sram_dout0[5]' driven by pin 'input_layer/gen_output_ring_banks[0].ring_bank2/gen_sram_32x16.u_ring_sram/dout0[5]' has no loads. (LINT-2)
Warning: In design 'tcn_block', net 'input_layer/gen_output_ring_banks[0].ring_bank2/sram_dout0[6]' driven by pin 'input_layer/gen_output_ring_banks[0].ring_bank2/gen_sram_32x16.u_ring_sram/dout0[6]' has no loads. (LINT-2)
Warning: In design 'tcn_block', net 'input_layer/gen_output_ring_banks[0].ring_bank2/sram_dout0[7]' driven by pin 'input_layer/gen_output_ring_banks[0].ring_bank2/gen_sram_32x16.u_ring_sram/dout0[7]' has no loads. (LINT-2)
Warning: In design 'tcn_block', net 'input_layer/gen_output_ring_banks[0].ring_bank2/sram_dout0[8]' driven by pin 'input_layer/gen_output_ring_banks[0].ring_bank2/gen_sram_32x16.u_ring_sram/dout0[8]' has no loads. (LINT-2)
Warning: In design 'tcn_block', net 'input_layer/gen_output_ring_banks[0].ring_bank2/sram_dout0[9]' driven by pin 'input_layer/gen_output_ring_banks[0].ring_bank2/gen_sram_32x16.u_ring_sram/dout0[9]' has no loads. (LINT-2)
Warning: In design 'tcn_block', net 'input_layer/gen_output_ring_banks[0].ring_bank2/sram_dout0[10]' driven by pin 'input_layer/gen_output_ring_banks[0].ring_bank2/gen_sram_32x16.u_ring_sram/dout0[10]' has no loads. (LINT-2)
Warning: In design 'tcn_block', net 'input_layer/gen_output_ring_banks[0].ring_bank2/sram_dout0[11]' driven by pin 'input_layer/gen_output_ring_banks[0].ring_bank2/gen_sram_32x16.u_ring_sram/dout0[11]' has no loads. (LINT-2)
Warning: In design 'tcn_block', net 'input_layer/gen_output_ring_banks[0].ring_bank2/sram_dout0[12]' driven by pin 'input_layer/gen_output_ring_banks[0].ring_bank2/gen_sram_32x16.u_ring_sram/dout0[12]' has no loads. (LINT-2)
Warning: In design 'tcn_block', net 'input_layer/gen_output_ring_banks[0].ring_bank2/sram_dout0[13]' driven by pin 'input_layer/gen_output_ring_banks[0].ring_bank2/gen_sram_32x16.u_ring_sram/dout0[13]' has no loads. (LINT-2)
Warning: In design 'tcn_block', net 'input_layer/gen_output_ring_banks[0].ring_bank2/sram_dout0[14]' driven by pin 'input_layer/gen_output_ring_banks[0].ring_bank2/gen_sram_32x16.u_ring_sram/dout0[14]' has no loads. (LINT-2)
Warning: In design 'tcn_block', net 'input_layer/gen_output_ring_banks[0].ring_bank2/sram_dout0[15]' driven by pin 'input_layer/gen_output_ring_banks[0].ring_bank2/gen_sram_32x16.u_ring_sram/dout0[15]' has no loads. (LINT-2)
Warning: In design 'tcn_block', net 'input_layer/gen_output_ring_banks[0].ring_bank2/sram_dout0[16]' driven by pin 'input_layer/gen_output_ring_banks[0].ring_bank2/gen_sram_32x16.u_ring_sram/dout0[16]' has no loads. (LINT-2)
Warning: In design 'tcn_block', net 'input_layer/gen_output_ring_banks[0].ring_bank2/sram_dout0[17]' driven by pin 'input_layer/gen_output_ring_banks[0].ring_bank2/gen_sram_32x16.u_ring_sram/dout0[17]' has no loads. (LINT-2)
Warning: In design 'tcn_block', net 'input_layer/gen_output_ring_banks[0].ring_bank2/sram_dout0[18]' driven by pin 'input_layer/gen_output_ring_banks[0].ring_bank2/gen_sram_32x16.u_ring_sram/dout0[18]' has no loads. (LINT-2)
Warning: In design 'tcn_block', net 'input_layer/gen_output_ring_banks[0].ring_bank2/sram_dout0[19]' driven by pin 'input_layer/gen_output_ring_banks[0].ring_bank2/gen_sram_32x16.u_ring_sram/dout0[19]' has no loads. (LINT-2)
Warning: In design 'tcn_block', net 'input_layer/gen_output_ring_banks[0].ring_bank2/sram_dout0[20]' driven by pin 'input_layer/gen_output_ring_banks[0].ring_bank2/gen_sram_32x16.u_ring_sram/dout0[20]' has no loads. (LINT-2)
Warning: In design 'tcn_block', net 'input_layer/gen_output_ring_banks[0].ring_bank2/sram_dout0[21]' driven by pin 'input_layer/gen_output_ring_banks[0].ring_bank2/gen_sram_32x16.u_ring_sram/dout0[21]' has no loads. (LINT-2)
Warning: In design 'tcn_block', net 'input_layer/gen_output_ring_banks[0].ring_bank2/sram_dout0[22]' driven by pin 'input_layer/gen_output_ring_banks[0].ring_bank2/gen_sram_32x16.u_ring_sram/dout0[22]' has no loads. (LINT-2)
Warning: In design 'tcn_block', net 'input_layer/gen_output_ring_banks[0].ring_bank2/sram_dout0[23]' driven by pin 'input_layer/gen_output_ring_banks[0].ring_bank2/gen_sram_32x16.u_ring_sram/dout0[23]' has no loads. (LINT-2)
Warning: In design 'tcn_block', net 'input_layer/gen_output_ring_banks[0].ring_bank2/sram_dout0[24]' driven by pin 'input_layer/gen_output_ring_banks[0].ring_bank2/gen_sram_32x16.u_ring_sram/dout0[24]' has no loads. (LINT-2)
Warning: In design 'tcn_block', net 'input_layer/gen_output_ring_banks[0].ring_bank2/sram_dout0[25]' driven by pin 'input_layer/gen_output_ring_banks[0].ring_bank2/gen_sram_32x16.u_ring_sram/dout0[25]' has no loads. (LINT-2)
Warning: In design 'tcn_block', net 'input_layer/gen_output_ring_banks[0].ring_bank2/sram_dout0[26]' driven by pin 'input_layer/gen_output_ring_banks[0].ring_bank2/gen_sram_32x16.u_ring_sram/dout0[26]' has no loads. (LINT-2)
Warning: In design 'tcn_block', net 'input_layer/gen_output_ring_banks[0].ring_bank2/sram_dout0[27]' driven by pin 'input_layer/gen_output_ring_banks[0].ring_bank2/gen_sram_32x16.u_ring_sram/dout0[27]' has no loads. (LINT-2)
Warning: In design 'tcn_block', net 'input_layer/gen_output_ring_banks[0].ring_bank2/sram_dout0[28]' driven by pin 'input_layer/gen_output_ring_banks[0].ring_bank2/gen_sram_32x16.u_ring_sram/dout0[28]' has no loads. (LINT-2)
Warning: In design 'tcn_block', net 'input_layer/gen_output_ring_banks[0].ring_bank2/sram_dout0[29]' driven by pin 'input_layer/gen_output_ring_banks[0].ring_bank2/gen_sram_32x16.u_ring_sram/dout0[29]' has no loads. (LINT-2)
Warning: In design 'tcn_block', net 'input_layer/gen_output_ring_banks[0].ring_bank2/sram_dout0[30]' driven by pin 'input_layer/gen_output_ring_banks[0].ring_bank2/gen_sram_32x16.u_ring_sram/dout0[30]' has no loads. (LINT-2)
Warning: In design 'tcn_block', net 'input_layer/gen_output_ring_banks[0].ring_bank2/sram_dout0[31]' driven by pin 'input_layer/gen_output_ring_banks[0].ring_bank2/gen_sram_32x16.u_ring_sram/dout0[31]' has no loads. (LINT-2)
Warning: In design 'tcn_block', net 'input_layer/gen_output_ring_banks[1].ring_bank2/sram_dout0[0]' driven by pin 'input_layer/gen_output_ring_banks[1].ring_bank2/gen_sram_32x16.u_ring_sram/dout0[0]' has no loads. (LINT-2)
Warning: In design 'tcn_block', net 'input_layer/gen_output_ring_banks[1].ring_bank2/sram_dout0[1]' driven by pin 'input_layer/gen_output_ring_banks[1].ring_bank2/gen_sram_32x16.u_ring_sram/dout0[1]' has no loads. (LINT-2)
Warning: In design 'tcn_block', net 'input_layer/gen_output_ring_banks[1].ring_bank2/sram_dout0[2]' driven by pin 'input_layer/gen_output_ring_banks[1].ring_bank2/gen_sram_32x16.u_ring_sram/dout0[2]' has no loads. (LINT-2)
Warning: In design 'tcn_block', net 'input_layer/gen_output_ring_banks[1].ring_bank2/sram_dout0[3]' driven by pin 'input_layer/gen_output_ring_banks[1].ring_bank2/gen_sram_32x16.u_ring_sram/dout0[3]' has no loads. (LINT-2)
Warning: In design 'tcn_block', net 'input_layer/gen_output_ring_banks[1].ring_bank2/sram_dout0[4]' driven by pin 'input_layer/gen_output_ring_banks[1].ring_bank2/gen_sram_32x16.u_ring_sram/dout0[4]' has no loads. (LINT-2)
Warning: In design 'tcn_block', net 'input_layer/gen_output_ring_banks[1].ring_bank2/sram_dout0[5]' driven by pin 'input_layer/gen_output_ring_banks[1].ring_bank2/gen_sram_32x16.u_ring_sram/dout0[5]' has no loads. (LINT-2)
Warning: In design 'tcn_block', net 'input_layer/gen_output_ring_banks[1].ring_bank2/sram_dout0[6]' driven by pin 'input_layer/gen_output_ring_banks[1].ring_bank2/gen_sram_32x16.u_ring_sram/dout0[6]' has no loads. (LINT-2)
Warning: In design 'tcn_block', net 'input_layer/gen_output_ring_banks[1].ring_bank2/sram_dout0[7]' driven by pin 'input_layer/gen_output_ring_banks[1].ring_bank2/gen_sram_32x16.u_ring_sram/dout0[7]' has no loads. (LINT-2)
Warning: In design 'tcn_block', net 'input_layer/gen_output_ring_banks[1].ring_bank2/sram_dout0[8]' driven by pin 'input_layer/gen_output_ring_banks[1].ring_bank2/gen_sram_32x16.u_ring_sram/dout0[8]' has no loads. (LINT-2)
Warning: In design 'tcn_block', net 'input_layer/gen_output_ring_banks[1].ring_bank2/sram_dout0[9]' driven by pin 'input_layer/gen_output_ring_banks[1].ring_bank2/gen_sram_32x16.u_ring_sram/dout0[9]' has no loads. (LINT-2)
Warning: In design 'tcn_block', net 'input_layer/gen_output_ring_banks[1].ring_bank2/sram_dout0[10]' driven by pin 'input_layer/gen_output_ring_banks[1].ring_bank2/gen_sram_32x16.u_ring_sram/dout0[10]' has no loads. (LINT-2)
Warning: In design 'tcn_block', net 'input_layer/gen_output_ring_banks[1].ring_bank2/sram_dout0[11]' driven by pin 'input_layer/gen_output_ring_banks[1].ring_bank2/gen_sram_32x16.u_ring_sram/dout0[11]' has no loads. (LINT-2)
Warning: In design 'tcn_block', net 'input_layer/gen_output_ring_banks[1].ring_bank2/sram_dout0[12]' driven by pin 'input_layer/gen_output_ring_banks[1].ring_bank2/gen_sram_32x16.u_ring_sram/dout0[12]' has no loads. (LINT-2)
Warning: In design 'tcn_block', net 'input_layer/gen_output_ring_banks[1].ring_bank2/sram_dout0[13]' driven by pin 'input_layer/gen_output_ring_banks[1].ring_bank2/gen_sram_32x16.u_ring_sram/dout0[13]' has no loads. (LINT-2)
Warning: In design 'tcn_block', net 'input_layer/gen_output_ring_banks[1].ring_bank2/sram_dout0[14]' driven by pin 'input_layer/gen_output_ring_banks[1].ring_bank2/gen_sram_32x16.u_ring_sram/dout0[14]' has no loads. (LINT-2)
Warning: In design 'tcn_block', net 'input_layer/gen_output_ring_banks[1].ring_bank2/sram_dout0[15]' driven by pin 'input_layer/gen_output_ring_banks[1].ring_bank2/gen_sram_32x16.u_ring_sram/dout0[15]' has no loads. (LINT-2)
Warning: In design 'tcn_block', net 'input_layer/gen_output_ring_banks[1].ring_bank2/sram_dout0[16]' driven by pin 'input_layer/gen_output_ring_banks[1].ring_bank2/gen_sram_32x16.u_ring_sram/dout0[16]' has no loads. (LINT-2)
Warning: In design 'tcn_block', net 'input_layer/gen_output_ring_banks[1].ring_bank2/sram_dout0[17]' driven by pin 'input_layer/gen_output_ring_banks[1].ring_bank2/gen_sram_32x16.u_ring_sram/dout0[17]' has no loads. (LINT-2)
Warning: In design 'tcn_block', net 'input_layer/gen_output_ring_banks[1].ring_bank2/sram_dout0[18]' driven by pin 'input_layer/gen_output_ring_banks[1].ring_bank2/gen_sram_32x16.u_ring_sram/dout0[18]' has no loads. (LINT-2)
Warning: In design 'tcn_block', net 'input_layer/gen_output_ring_banks[1].ring_bank2/sram_dout0[19]' driven by pin 'input_layer/gen_output_ring_banks[1].ring_bank2/gen_sram_32x16.u_ring_sram/dout0[19]' has no loads. (LINT-2)
Warning: In design 'tcn_block', net 'input_layer/gen_output_ring_banks[1].ring_bank2/sram_dout0[20]' driven by pin 'input_layer/gen_output_ring_banks[1].ring_bank2/gen_sram_32x16.u_ring_sram/dout0[20]' has no loads. (LINT-2)
Warning: In design 'tcn_block', net 'input_layer/gen_output_ring_banks[1].ring_bank2/sram_dout0[21]' driven by pin 'input_layer/gen_output_ring_banks[1].ring_bank2/gen_sram_32x16.u_ring_sram/dout0[21]' has no loads. (LINT-2)
Warning: In design 'tcn_block', net 'input_layer/gen_output_ring_banks[1].ring_bank2/sram_dout0[22]' driven by pin 'input_layer/gen_output_ring_banks[1].ring_bank2/gen_sram_32x16.u_ring_sram/dout0[22]' has no loads. (LINT-2)
Warning: In design 'tcn_block', net 'input_layer/gen_output_ring_banks[1].ring_bank2/sram_dout0[23]' driven by pin 'input_layer/gen_output_ring_banks[1].ring_bank2/gen_sram_32x16.u_ring_sram/dout0[23]' has no loads. (LINT-2)
Warning: In design 'tcn_block', net 'input_layer/gen_output_ring_banks[1].ring_bank2/sram_dout0[24]' driven by pin 'input_layer/gen_output_ring_banks[1].ring_bank2/gen_sram_32x16.u_ring_sram/dout0[24]' has no loads. (LINT-2)
Warning: In design 'tcn_block', net 'input_layer/gen_output_ring_banks[1].ring_bank2/sram_dout0[25]' driven by pin 'input_layer/gen_output_ring_banks[1].ring_bank2/gen_sram_32x16.u_ring_sram/dout0[25]' has no loads. (LINT-2)
Warning: In design 'tcn_block', net 'input_layer/gen_output_ring_banks[1].ring_bank2/sram_dout0[26]' driven by pin 'input_layer/gen_output_ring_banks[1].ring_bank2/gen_sram_32x16.u_ring_sram/dout0[26]' has no loads. (LINT-2)
Warning: In design 'tcn_block', net 'input_layer/gen_output_ring_banks[1].ring_bank2/sram_dout0[27]' driven by pin 'input_layer/gen_output_ring_banks[1].ring_bank2/gen_sram_32x16.u_ring_sram/dout0[27]' has no loads. (LINT-2)
Warning: In design 'tcn_block', net 'input_layer/gen_output_ring_banks[1].ring_bank2/sram_dout0[28]' driven by pin 'input_layer/gen_output_ring_banks[1].ring_bank2/gen_sram_32x16.u_ring_sram/dout0[28]' has no loads. (LINT-2)
Warning: In design 'tcn_block', net 'input_layer/gen_output_ring_banks[1].ring_bank2/sram_dout0[29]' driven by pin 'input_layer/gen_output_ring_banks[1].ring_bank2/gen_sram_32x16.u_ring_sram/dout0[29]' has no loads. (LINT-2)
Warning: In design 'tcn_block', net 'input_layer/gen_output_ring_banks[1].ring_bank2/sram_dout0[30]' driven by pin 'input_layer/gen_output_ring_banks[1].ring_bank2/gen_sram_32x16.u_ring_sram/dout0[30]' has no loads. (LINT-2)
Warning: In design 'tcn_block', net 'input_layer/gen_output_ring_banks[1].ring_bank2/sram_dout0[31]' driven by pin 'input_layer/gen_output_ring_banks[1].ring_bank2/gen_sram_32x16.u_ring_sram/dout0[31]' has no loads. (LINT-2)
Warning: In design 'tcn_block', net 'input_layer/gen_output_ring_banks[2].ring_bank2/sram_dout0[0]' driven by pin 'input_layer/gen_output_ring_banks[2].ring_bank2/gen_sram_32x16.u_ring_sram/dout0[0]' has no loads. (LINT-2)
Warning: In design 'tcn_block', net 'input_layer/gen_output_ring_banks[2].ring_bank2/sram_dout0[1]' driven by pin 'input_layer/gen_output_ring_banks[2].ring_bank2/gen_sram_32x16.u_ring_sram/dout0[1]' has no loads. (LINT-2)
Warning: In design 'tcn_block', net 'input_layer/gen_output_ring_banks[2].ring_bank2/sram_dout0[2]' driven by pin 'input_layer/gen_output_ring_banks[2].ring_bank2/gen_sram_32x16.u_ring_sram/dout0[2]' has no loads. (LINT-2)
Warning: In design 'tcn_block', net 'input_layer/gen_output_ring_banks[2].ring_bank2/sram_dout0[3]' driven by pin 'input_layer/gen_output_ring_banks[2].ring_bank2/gen_sram_32x16.u_ring_sram/dout0[3]' has no loads. (LINT-2)
Warning: In design 'tcn_block', net 'input_layer/gen_output_ring_banks[2].ring_bank2/sram_dout0[4]' driven by pin 'input_layer/gen_output_ring_banks[2].ring_bank2/gen_sram_32x16.u_ring_sram/dout0[4]' has no loads. (LINT-2)
Warning: In design 'tcn_block', net 'input_layer/gen_output_ring_banks[2].ring_bank2/sram_dout0[5]' driven by pin 'input_layer/gen_output_ring_banks[2].ring_bank2/gen_sram_32x16.u_ring_sram/dout0[5]' has no loads. (LINT-2)
Warning: In design 'tcn_block', net 'input_layer/gen_output_ring_banks[2].ring_bank2/sram_dout0[6]' driven by pin 'input_layer/gen_output_ring_banks[2].ring_bank2/gen_sram_32x16.u_ring_sram/dout0[6]' has no loads. (LINT-2)
Warning: In design 'tcn_block', net 'input_layer/gen_output_ring_banks[2].ring_bank2/sram_dout0[7]' driven by pin 'input_layer/gen_output_ring_banks[2].ring_bank2/gen_sram_32x16.u_ring_sram/dout0[7]' has no loads. (LINT-2)
Warning: In design 'tcn_block', net 'input_layer/gen_output_ring_banks[2].ring_bank2/sram_dout0[8]' driven by pin 'input_layer/gen_output_ring_banks[2].ring_bank2/gen_sram_32x16.u_ring_sram/dout0[8]' has no loads. (LINT-2)
Warning: In design 'tcn_block', net 'input_layer/gen_output_ring_banks[2].ring_bank2/sram_dout0[9]' driven by pin 'input_layer/gen_output_ring_banks[2].ring_bank2/gen_sram_32x16.u_ring_sram/dout0[9]' has no loads. (LINT-2)
Warning: In design 'tcn_block', net 'input_layer/gen_output_ring_banks[2].ring_bank2/sram_dout0[10]' driven by pin 'input_layer/gen_output_ring_banks[2].ring_bank2/gen_sram_32x16.u_ring_sram/dout0[10]' has no loads. (LINT-2)
Warning: In design 'tcn_block', net 'input_layer/gen_output_ring_banks[2].ring_bank2/sram_dout0[11]' driven by pin 'input_layer/gen_output_ring_banks[2].ring_bank2/gen_sram_32x16.u_ring_sram/dout0[11]' has no loads. (LINT-2)
Warning: In design 'tcn_block', net 'input_layer/gen_output_ring_banks[2].ring_bank2/sram_dout0[12]' driven by pin 'input_layer/gen_output_ring_banks[2].ring_bank2/gen_sram_32x16.u_ring_sram/dout0[12]' has no loads. (LINT-2)
Warning: In design 'tcn_block', net 'input_layer/gen_output_ring_banks[2].ring_bank2/sram_dout0[13]' driven by pin 'input_layer/gen_output_ring_banks[2].ring_bank2/gen_sram_32x16.u_ring_sram/dout0[13]' has no loads. (LINT-2)
Warning: In design 'tcn_block', net 'input_layer/gen_output_ring_banks[2].ring_bank2/sram_dout0[14]' driven by pin 'input_layer/gen_output_ring_banks[2].ring_bank2/gen_sram_32x16.u_ring_sram/dout0[14]' has no loads. (LINT-2)
Warning: In design 'tcn_block', net 'input_layer/gen_output_ring_banks[2].ring_bank2/sram_dout0[15]' driven by pin 'input_layer/gen_output_ring_banks[2].ring_bank2/gen_sram_32x16.u_ring_sram/dout0[15]' has no loads. (LINT-2)
Warning: In design 'tcn_block', net 'input_layer/gen_output_ring_banks[2].ring_bank2/sram_dout0[16]' driven by pin 'input_layer/gen_output_ring_banks[2].ring_bank2/gen_sram_32x16.u_ring_sram/dout0[16]' has no loads. (LINT-2)
Warning: In design 'tcn_block', net 'input_layer/gen_output_ring_banks[2].ring_bank2/sram_dout0[17]' driven by pin 'input_layer/gen_output_ring_banks[2].ring_bank2/gen_sram_32x16.u_ring_sram/dout0[17]' has no loads. (LINT-2)
Warning: In design 'tcn_block', net 'input_layer/gen_output_ring_banks[2].ring_bank2/sram_dout0[18]' driven by pin 'input_layer/gen_output_ring_banks[2].ring_bank2/gen_sram_32x16.u_ring_sram/dout0[18]' has no loads. (LINT-2)
Warning: In design 'tcn_block', net 'input_layer/gen_output_ring_banks[2].ring_bank2/sram_dout0[19]' driven by pin 'input_layer/gen_output_ring_banks[2].ring_bank2/gen_sram_32x16.u_ring_sram/dout0[19]' has no loads. (LINT-2)
Warning: In design 'tcn_block', net 'input_layer/gen_output_ring_banks[2].ring_bank2/sram_dout0[20]' driven by pin 'input_layer/gen_output_ring_banks[2].ring_bank2/gen_sram_32x16.u_ring_sram/dout0[20]' has no loads. (LINT-2)
Warning: In design 'tcn_block', net 'input_layer/gen_output_ring_banks[2].ring_bank2/sram_dout0[21]' driven by pin 'input_layer/gen_output_ring_banks[2].ring_bank2/gen_sram_32x16.u_ring_sram/dout0[21]' has no loads. (LINT-2)
Warning: In design 'tcn_block', net 'input_layer/gen_output_ring_banks[2].ring_bank2/sram_dout0[22]' driven by pin 'input_layer/gen_output_ring_banks[2].ring_bank2/gen_sram_32x16.u_ring_sram/dout0[22]' has no loads. (LINT-2)
Warning: In design 'tcn_block', net 'input_layer/gen_output_ring_banks[2].ring_bank2/sram_dout0[23]' driven by pin 'input_layer/gen_output_ring_banks[2].ring_bank2/gen_sram_32x16.u_ring_sram/dout0[23]' has no loads. (LINT-2)
Warning: In design 'tcn_block', net 'input_layer/gen_output_ring_banks[2].ring_bank2/sram_dout0[24]' driven by pin 'input_layer/gen_output_ring_banks[2].ring_bank2/gen_sram_32x16.u_ring_sram/dout0[24]' has no loads. (LINT-2)
Warning: In design 'tcn_block', net 'input_layer/gen_output_ring_banks[2].ring_bank2/sram_dout0[25]' driven by pin 'input_layer/gen_output_ring_banks[2].ring_bank2/gen_sram_32x16.u_ring_sram/dout0[25]' has no loads. (LINT-2)
Warning: In design 'tcn_block', net 'input_layer/gen_output_ring_banks[2].ring_bank2/sram_dout0[26]' driven by pin 'input_layer/gen_output_ring_banks[2].ring_bank2/gen_sram_32x16.u_ring_sram/dout0[26]' has no loads. (LINT-2)
Warning: In design 'tcn_block', net 'input_layer/gen_output_ring_banks[2].ring_bank2/sram_dout0[27]' driven by pin 'input_layer/gen_output_ring_banks[2].ring_bank2/gen_sram_32x16.u_ring_sram/dout0[27]' has no loads. (LINT-2)
Warning: In design 'tcn_block', net 'input_layer/gen_output_ring_banks[2].ring_bank2/sram_dout0[28]' driven by pin 'input_layer/gen_output_ring_banks[2].ring_bank2/gen_sram_32x16.u_ring_sram/dout0[28]' has no loads. (LINT-2)
Warning: In design 'tcn_block', net 'input_layer/gen_output_ring_banks[2].ring_bank2/sram_dout0[29]' driven by pin 'input_layer/gen_output_ring_banks[2].ring_bank2/gen_sram_32x16.u_ring_sram/dout0[29]' has no loads. (LINT-2)
Warning: In design 'tcn_block', net 'input_layer/gen_output_ring_banks[2].ring_bank2/sram_dout0[30]' driven by pin 'input_layer/gen_output_ring_banks[2].ring_bank2/gen_sram_32x16.u_ring_sram/dout0[30]' has no loads. (LINT-2)
Warning: In design 'tcn_block', net 'input_layer/gen_output_ring_banks[2].ring_bank2/sram_dout0[31]' driven by pin 'input_layer/gen_output_ring_banks[2].ring_bank2/gen_sram_32x16.u_ring_sram/dout0[31]' has no loads. (LINT-2)
Warning: In design 'tcn_block', net 'input_layer/gen_output_ring_banks[3].ring_bank2/sram_dout0[0]' driven by pin 'input_layer/gen_output_ring_banks[3].ring_bank2/gen_sram_32x16.u_ring_sram/dout0[0]' has no loads. (LINT-2)
Warning: In design 'tcn_block', net 'input_layer/gen_output_ring_banks[3].ring_bank2/sram_dout0[1]' driven by pin 'input_layer/gen_output_ring_banks[3].ring_bank2/gen_sram_32x16.u_ring_sram/dout0[1]' has no loads. (LINT-2)
Warning: In design 'tcn_block', net 'input_layer/gen_output_ring_banks[3].ring_bank2/sram_dout0[2]' driven by pin 'input_layer/gen_output_ring_banks[3].ring_bank2/gen_sram_32x16.u_ring_sram/dout0[2]' has no loads. (LINT-2)
Warning: In design 'tcn_block', net 'input_layer/gen_output_ring_banks[3].ring_bank2/sram_dout0[3]' driven by pin 'input_layer/gen_output_ring_banks[3].ring_bank2/gen_sram_32x16.u_ring_sram/dout0[3]' has no loads. (LINT-2)
Warning: In design 'tcn_block', net 'input_layer/gen_output_ring_banks[3].ring_bank2/sram_dout0[4]' driven by pin 'input_layer/gen_output_ring_banks[3].ring_bank2/gen_sram_32x16.u_ring_sram/dout0[4]' has no loads. (LINT-2)
Warning: In design 'tcn_block', net 'input_layer/gen_output_ring_banks[3].ring_bank2/sram_dout0[5]' driven by pin 'input_layer/gen_output_ring_banks[3].ring_bank2/gen_sram_32x16.u_ring_sram/dout0[5]' has no loads. (LINT-2)
Warning: In design 'tcn_block', net 'input_layer/gen_output_ring_banks[3].ring_bank2/sram_dout0[6]' driven by pin 'input_layer/gen_output_ring_banks[3].ring_bank2/gen_sram_32x16.u_ring_sram/dout0[6]' has no loads. (LINT-2)
Warning: In design 'tcn_block', net 'input_layer/gen_output_ring_banks[3].ring_bank2/sram_dout0[7]' driven by pin 'input_layer/gen_output_ring_banks[3].ring_bank2/gen_sram_32x16.u_ring_sram/dout0[7]' has no loads. (LINT-2)
Warning: In design 'tcn_block', net 'input_layer/gen_output_ring_banks[3].ring_bank2/sram_dout0[8]' driven by pin 'input_layer/gen_output_ring_banks[3].ring_bank2/gen_sram_32x16.u_ring_sram/dout0[8]' has no loads. (LINT-2)
Warning: In design 'tcn_block', net 'input_layer/gen_output_ring_banks[3].ring_bank2/sram_dout0[9]' driven by pin 'input_layer/gen_output_ring_banks[3].ring_bank2/gen_sram_32x16.u_ring_sram/dout0[9]' has no loads. (LINT-2)
Warning: In design 'tcn_block', net 'input_layer/gen_output_ring_banks[3].ring_bank2/sram_dout0[10]' driven by pin 'input_layer/gen_output_ring_banks[3].ring_bank2/gen_sram_32x16.u_ring_sram/dout0[10]' has no loads. (LINT-2)
Warning: In design 'tcn_block', net 'input_layer/gen_output_ring_banks[3].ring_bank2/sram_dout0[11]' driven by pin 'input_layer/gen_output_ring_banks[3].ring_bank2/gen_sram_32x16.u_ring_sram/dout0[11]' has no loads. (LINT-2)
Warning: In design 'tcn_block', net 'input_layer/gen_output_ring_banks[3].ring_bank2/sram_dout0[12]' driven by pin 'input_layer/gen_output_ring_banks[3].ring_bank2/gen_sram_32x16.u_ring_sram/dout0[12]' has no loads. (LINT-2)
Warning: In design 'tcn_block', net 'input_layer/gen_output_ring_banks[3].ring_bank2/sram_dout0[13]' driven by pin 'input_layer/gen_output_ring_banks[3].ring_bank2/gen_sram_32x16.u_ring_sram/dout0[13]' has no loads. (LINT-2)
Warning: In design 'tcn_block', net 'input_layer/gen_output_ring_banks[3].ring_bank2/sram_dout0[14]' driven by pin 'input_layer/gen_output_ring_banks[3].ring_bank2/gen_sram_32x16.u_ring_sram/dout0[14]' has no loads. (LINT-2)
Warning: In design 'tcn_block', net 'input_layer/gen_output_ring_banks[3].ring_bank2/sram_dout0[15]' driven by pin 'input_layer/gen_output_ring_banks[3].ring_bank2/gen_sram_32x16.u_ring_sram/dout0[15]' has no loads. (LINT-2)
Warning: In design 'tcn_block', net 'input_layer/gen_output_ring_banks[3].ring_bank2/sram_dout0[16]' driven by pin 'input_layer/gen_output_ring_banks[3].ring_bank2/gen_sram_32x16.u_ring_sram/dout0[16]' has no loads. (LINT-2)
Warning: In design 'tcn_block', net 'input_layer/gen_output_ring_banks[3].ring_bank2/sram_dout0[17]' driven by pin 'input_layer/gen_output_ring_banks[3].ring_bank2/gen_sram_32x16.u_ring_sram/dout0[17]' has no loads. (LINT-2)
Warning: In design 'tcn_block', net 'input_layer/gen_output_ring_banks[3].ring_bank2/sram_dout0[18]' driven by pin 'input_layer/gen_output_ring_banks[3].ring_bank2/gen_sram_32x16.u_ring_sram/dout0[18]' has no loads. (LINT-2)
Warning: In design 'tcn_block', net 'input_layer/gen_output_ring_banks[3].ring_bank2/sram_dout0[19]' driven by pin 'input_layer/gen_output_ring_banks[3].ring_bank2/gen_sram_32x16.u_ring_sram/dout0[19]' has no loads. (LINT-2)
Warning: In design 'tcn_block', net 'input_layer/gen_output_ring_banks[3].ring_bank2/sram_dout0[20]' driven by pin 'input_layer/gen_output_ring_banks[3].ring_bank2/gen_sram_32x16.u_ring_sram/dout0[20]' has no loads. (LINT-2)
Warning: In design 'tcn_block', net 'input_layer/gen_output_ring_banks[3].ring_bank2/sram_dout0[21]' driven by pin 'input_layer/gen_output_ring_banks[3].ring_bank2/gen_sram_32x16.u_ring_sram/dout0[21]' has no loads. (LINT-2)
Warning: In design 'tcn_block', net 'input_layer/gen_output_ring_banks[3].ring_bank2/sram_dout0[22]' driven by pin 'input_layer/gen_output_ring_banks[3].ring_bank2/gen_sram_32x16.u_ring_sram/dout0[22]' has no loads. (LINT-2)
Warning: In design 'tcn_block', net 'input_layer/gen_output_ring_banks[3].ring_bank2/sram_dout0[23]' driven by pin 'input_layer/gen_output_ring_banks[3].ring_bank2/gen_sram_32x16.u_ring_sram/dout0[23]' has no loads. (LINT-2)
Warning: In design 'tcn_block', net 'input_layer/gen_output_ring_banks[3].ring_bank2/sram_dout0[24]' driven by pin 'input_layer/gen_output_ring_banks[3].ring_bank2/gen_sram_32x16.u_ring_sram/dout0[24]' has no loads. (LINT-2)
Warning: In design 'tcn_block', net 'input_layer/gen_output_ring_banks[3].ring_bank2/sram_dout0[25]' driven by pin 'input_layer/gen_output_ring_banks[3].ring_bank2/gen_sram_32x16.u_ring_sram/dout0[25]' has no loads. (LINT-2)
Warning: In design 'tcn_block', net 'input_layer/gen_output_ring_banks[3].ring_bank2/sram_dout0[26]' driven by pin 'input_layer/gen_output_ring_banks[3].ring_bank2/gen_sram_32x16.u_ring_sram/dout0[26]' has no loads. (LINT-2)
Warning: In design 'tcn_block', net 'input_layer/gen_output_ring_banks[3].ring_bank2/sram_dout0[27]' driven by pin 'input_layer/gen_output_ring_banks[3].ring_bank2/gen_sram_32x16.u_ring_sram/dout0[27]' has no loads. (LINT-2)
Warning: In design 'tcn_block', net 'input_layer/gen_output_ring_banks[3].ring_bank2/sram_dout0[28]' driven by pin 'input_layer/gen_output_ring_banks[3].ring_bank2/gen_sram_32x16.u_ring_sram/dout0[28]' has no loads. (LINT-2)
Warning: In design 'tcn_block', net 'input_layer/gen_output_ring_banks[3].ring_bank2/sram_dout0[29]' driven by pin 'input_layer/gen_output_ring_banks[3].ring_bank2/gen_sram_32x16.u_ring_sram/dout0[29]' has no loads. (LINT-2)
Warning: In design 'tcn_block', net 'input_layer/gen_output_ring_banks[3].ring_bank2/sram_dout0[30]' driven by pin 'input_layer/gen_output_ring_banks[3].ring_bank2/gen_sram_32x16.u_ring_sram/dout0[30]' has no loads. (LINT-2)
Warning: In design 'tcn_block', net 'input_layer/gen_output_ring_banks[3].ring_bank2/sram_dout0[31]' driven by pin 'input_layer/gen_output_ring_banks[3].ring_bank2/gen_sram_32x16.u_ring_sram/dout0[31]' has no loads. (LINT-2)
Warning: In design 'tcn_block', net 'gen_hidden_resi_blocks[0].hidden_layer/gen_ring_banks[0].ring_bank2/sram_dout0[0]' driven by pin 'gen_hidden_resi_blocks[0].hidden_layer/gen_ring_banks[0].ring_bank2/gen_sram_32x16.u_ring_sram/dout0[0]' has no loads. (LINT-2)
Warning: In design 'tcn_block', net 'gen_hidden_resi_blocks[0].hidden_layer/gen_ring_banks[0].ring_bank2/sram_dout0[1]' driven by pin 'gen_hidden_resi_blocks[0].hidden_layer/gen_ring_banks[0].ring_bank2/gen_sram_32x16.u_ring_sram/dout0[1]' has no loads. (LINT-2)
Warning: In design 'tcn_block', net 'gen_hidden_resi_blocks[0].hidden_layer/gen_ring_banks[0].ring_bank2/sram_dout0[2]' driven by pin 'gen_hidden_resi_blocks[0].hidden_layer/gen_ring_banks[0].ring_bank2/gen_sram_32x16.u_ring_sram/dout0[2]' has no loads. (LINT-2)
Warning: In design 'tcn_block', net 'gen_hidden_resi_blocks[0].hidden_layer/gen_ring_banks[0].ring_bank2/sram_dout0[3]' driven by pin 'gen_hidden_resi_blocks[0].hidden_layer/gen_ring_banks[0].ring_bank2/gen_sram_32x16.u_ring_sram/dout0[3]' has no loads. (LINT-2)
Warning: In design 'tcn_block', net 'gen_hidden_resi_blocks[0].hidden_layer/gen_ring_banks[0].ring_bank2/sram_dout0[4]' driven by pin 'gen_hidden_resi_blocks[0].hidden_layer/gen_ring_banks[0].ring_bank2/gen_sram_32x16.u_ring_sram/dout0[4]' has no loads. (LINT-2)
Warning: In design 'tcn_block', net 'gen_hidden_resi_blocks[0].hidden_layer/gen_ring_banks[0].ring_bank2/sram_dout0[5]' driven by pin 'gen_hidden_resi_blocks[0].hidden_layer/gen_ring_banks[0].ring_bank2/gen_sram_32x16.u_ring_sram/dout0[5]' has no loads. (LINT-2)
Warning: In design 'tcn_block', net 'gen_hidden_resi_blocks[0].hidden_layer/gen_ring_banks[0].ring_bank2/sram_dout0[6]' driven by pin 'gen_hidden_resi_blocks[0].hidden_layer/gen_ring_banks[0].ring_bank2/gen_sram_32x16.u_ring_sram/dout0[6]' has no loads. (LINT-2)
Warning: In design 'tcn_block', net 'gen_hidden_resi_blocks[0].hidden_layer/gen_ring_banks[0].ring_bank2/sram_dout0[7]' driven by pin 'gen_hidden_resi_blocks[0].hidden_layer/gen_ring_banks[0].ring_bank2/gen_sram_32x16.u_ring_sram/dout0[7]' has no loads. (LINT-2)
Warning: In design 'tcn_block', net 'gen_hidden_resi_blocks[0].hidden_layer/gen_ring_banks[0].ring_bank2/sram_dout0[8]' driven by pin 'gen_hidden_resi_blocks[0].hidden_layer/gen_ring_banks[0].ring_bank2/gen_sram_32x16.u_ring_sram/dout0[8]' has no loads. (LINT-2)
Warning: In design 'tcn_block', net 'gen_hidden_resi_blocks[0].hidden_layer/gen_ring_banks[0].ring_bank2/sram_dout0[9]' driven by pin 'gen_hidden_resi_blocks[0].hidden_layer/gen_ring_banks[0].ring_bank2/gen_sram_32x16.u_ring_sram/dout0[9]' has no loads. (LINT-2)
Warning: In design 'tcn_block', net 'gen_hidden_resi_blocks[0].hidden_layer/gen_ring_banks[0].ring_bank2/sram_dout0[10]' driven by pin 'gen_hidden_resi_blocks[0].hidden_layer/gen_ring_banks[0].ring_bank2/gen_sram_32x16.u_ring_sram/dout0[10]' has no loads. (LINT-2)
Warning: In design 'tcn_block', net 'gen_hidden_resi_blocks[0].hidden_layer/gen_ring_banks[0].ring_bank2/sram_dout0[11]' driven by pin 'gen_hidden_resi_blocks[0].hidden_layer/gen_ring_banks[0].ring_bank2/gen_sram_32x16.u_ring_sram/dout0[11]' has no loads. (LINT-2)
Warning: In design 'tcn_block', net 'gen_hidden_resi_blocks[0].hidden_layer/gen_ring_banks[0].ring_bank2/sram_dout0[12]' driven by pin 'gen_hidden_resi_blocks[0].hidden_layer/gen_ring_banks[0].ring_bank2/gen_sram_32x16.u_ring_sram/dout0[12]' has no loads. (LINT-2)
Warning: In design 'tcn_block', net 'gen_hidden_resi_blocks[0].hidden_layer/gen_ring_banks[0].ring_bank2/sram_dout0[13]' driven by pin 'gen_hidden_resi_blocks[0].hidden_layer/gen_ring_banks[0].ring_bank2/gen_sram_32x16.u_ring_sram/dout0[13]' has no loads. (LINT-2)
Warning: In design 'tcn_block', net 'gen_hidden_resi_blocks[0].hidden_layer/gen_ring_banks[0].ring_bank2/sram_dout0[14]' driven by pin 'gen_hidden_resi_blocks[0].hidden_layer/gen_ring_banks[0].ring_bank2/gen_sram_32x16.u_ring_sram/dout0[14]' has no loads. (LINT-2)
Warning: In design 'tcn_block', net 'gen_hidden_resi_blocks[0].hidden_layer/gen_ring_banks[0].ring_bank2/sram_dout0[15]' driven by pin 'gen_hidden_resi_blocks[0].hidden_layer/gen_ring_banks[0].ring_bank2/gen_sram_32x16.u_ring_sram/dout0[15]' has no loads. (LINT-2)
Warning: In design 'tcn_block', net 'gen_hidden_resi_blocks[0].hidden_layer/gen_ring_banks[0].ring_bank2/sram_dout0[16]' driven by pin 'gen_hidden_resi_blocks[0].hidden_layer/gen_ring_banks[0].ring_bank2/gen_sram_32x16.u_ring_sram/dout0[16]' has no loads. (LINT-2)
Warning: In design 'tcn_block', net 'gen_hidden_resi_blocks[0].hidden_layer/gen_ring_banks[0].ring_bank2/sram_dout0[17]' driven by pin 'gen_hidden_resi_blocks[0].hidden_layer/gen_ring_banks[0].ring_bank2/gen_sram_32x16.u_ring_sram/dout0[17]' has no loads. (LINT-2)
Warning: In design 'tcn_block', net 'gen_hidden_resi_blocks[0].hidden_layer/gen_ring_banks[0].ring_bank2/sram_dout0[18]' driven by pin 'gen_hidden_resi_blocks[0].hidden_layer/gen_ring_banks[0].ring_bank2/gen_sram_32x16.u_ring_sram/dout0[18]' has no loads. (LINT-2)
Warning: In design 'tcn_block', net 'gen_hidden_resi_blocks[0].hidden_layer/gen_ring_banks[0].ring_bank2/sram_dout0[19]' driven by pin 'gen_hidden_resi_blocks[0].hidden_layer/gen_ring_banks[0].ring_bank2/gen_sram_32x16.u_ring_sram/dout0[19]' has no loads. (LINT-2)
Warning: In design 'tcn_block', net 'gen_hidden_resi_blocks[0].hidden_layer/gen_ring_banks[0].ring_bank2/sram_dout0[20]' driven by pin 'gen_hidden_resi_blocks[0].hidden_layer/gen_ring_banks[0].ring_bank2/gen_sram_32x16.u_ring_sram/dout0[20]' has no loads. (LINT-2)
Warning: In design 'tcn_block', net 'gen_hidden_resi_blocks[0].hidden_layer/gen_ring_banks[0].ring_bank2/sram_dout0[21]' driven by pin 'gen_hidden_resi_blocks[0].hidden_layer/gen_ring_banks[0].ring_bank2/gen_sram_32x16.u_ring_sram/dout0[21]' has no loads. (LINT-2)
Warning: In design 'tcn_block', net 'gen_hidden_resi_blocks[0].hidden_layer/gen_ring_banks[0].ring_bank2/sram_dout0[22]' driven by pin 'gen_hidden_resi_blocks[0].hidden_layer/gen_ring_banks[0].ring_bank2/gen_sram_32x16.u_ring_sram/dout0[22]' has no loads. (LINT-2)
Warning: In design 'tcn_block', net 'gen_hidden_resi_blocks[0].hidden_layer/gen_ring_banks[0].ring_bank2/sram_dout0[23]' driven by pin 'gen_hidden_resi_blocks[0].hidden_layer/gen_ring_banks[0].ring_bank2/gen_sram_32x16.u_ring_sram/dout0[23]' has no loads. (LINT-2)
Warning: In design 'tcn_block', net 'gen_hidden_resi_blocks[0].hidden_layer/gen_ring_banks[0].ring_bank2/sram_dout0[24]' driven by pin 'gen_hidden_resi_blocks[0].hidden_layer/gen_ring_banks[0].ring_bank2/gen_sram_32x16.u_ring_sram/dout0[24]' has no loads. (LINT-2)
Warning: In design 'tcn_block', net 'gen_hidden_resi_blocks[0].hidden_layer/gen_ring_banks[0].ring_bank2/sram_dout0[25]' driven by pin 'gen_hidden_resi_blocks[0].hidden_layer/gen_ring_banks[0].ring_bank2/gen_sram_32x16.u_ring_sram/dout0[25]' has no loads. (LINT-2)
Warning: In design 'tcn_block', net 'gen_hidden_resi_blocks[0].hidden_layer/gen_ring_banks[0].ring_bank2/sram_dout0[26]' driven by pin 'gen_hidden_resi_blocks[0].hidden_layer/gen_ring_banks[0].ring_bank2/gen_sram_32x16.u_ring_sram/dout0[26]' has no loads. (LINT-2)
Warning: In design 'tcn_block', net 'gen_hidden_resi_blocks[0].hidden_layer/gen_ring_banks[0].ring_bank2/sram_dout0[27]' driven by pin 'gen_hidden_resi_blocks[0].hidden_layer/gen_ring_banks[0].ring_bank2/gen_sram_32x16.u_ring_sram/dout0[27]' has no loads. (LINT-2)
Warning: In design 'tcn_block', net 'gen_hidden_resi_blocks[0].hidden_layer/gen_ring_banks[0].ring_bank2/sram_dout0[28]' driven by pin 'gen_hidden_resi_blocks[0].hidden_layer/gen_ring_banks[0].ring_bank2/gen_sram_32x16.u_ring_sram/dout0[28]' has no loads. (LINT-2)
Warning: In design 'tcn_block', net 'gen_hidden_resi_blocks[0].hidden_layer/gen_ring_banks[0].ring_bank2/sram_dout0[29]' driven by pin 'gen_hidden_resi_blocks[0].hidden_layer/gen_ring_banks[0].ring_bank2/gen_sram_32x16.u_ring_sram/dout0[29]' has no loads. (LINT-2)
Warning: In design 'tcn_block', net 'gen_hidden_resi_blocks[0].hidden_layer/gen_ring_banks[0].ring_bank2/sram_dout0[30]' driven by pin 'gen_hidden_resi_blocks[0].hidden_layer/gen_ring_banks[0].ring_bank2/gen_sram_32x16.u_ring_sram/dout0[30]' has no loads. (LINT-2)
Warning: In design 'tcn_block', net 'gen_hidden_resi_blocks[0].hidden_layer/gen_ring_banks[0].ring_bank2/sram_dout0[31]' driven by pin 'gen_hidden_resi_blocks[0].hidden_layer/gen_ring_banks[0].ring_bank2/gen_sram_32x16.u_ring_sram/dout0[31]' has no loads. (LINT-2)
Warning: In design 'tcn_block', net 'gen_hidden_resi_blocks[0].hidden_layer/gen_ring_banks[1].ring_bank1/sram_dout0[0]' driven by pin 'gen_hidden_resi_blocks[0].hidden_layer/gen_ring_banks[1].ring_bank1/gen_sram_32x16.u_ring_sram/dout0[0]' has no loads. (LINT-2)
Warning: In design 'tcn_block', net 'gen_hidden_resi_blocks[0].hidden_layer/gen_ring_banks[1].ring_bank1/sram_dout0[1]' driven by pin 'gen_hidden_resi_blocks[0].hidden_layer/gen_ring_banks[1].ring_bank1/gen_sram_32x16.u_ring_sram/dout0[1]' has no loads. (LINT-2)
Warning: In design 'tcn_block', net 'gen_hidden_resi_blocks[0].hidden_layer/gen_ring_banks[1].ring_bank1/sram_dout0[2]' driven by pin 'gen_hidden_resi_blocks[0].hidden_layer/gen_ring_banks[1].ring_bank1/gen_sram_32x16.u_ring_sram/dout0[2]' has no loads. (LINT-2)
Warning: In design 'tcn_block', net 'gen_hidden_resi_blocks[0].hidden_layer/gen_ring_banks[1].ring_bank1/sram_dout0[3]' driven by pin 'gen_hidden_resi_blocks[0].hidden_layer/gen_ring_banks[1].ring_bank1/gen_sram_32x16.u_ring_sram/dout0[3]' has no loads. (LINT-2)
Warning: In design 'tcn_block', net 'gen_hidden_resi_blocks[0].hidden_layer/gen_ring_banks[1].ring_bank1/sram_dout0[4]' driven by pin 'gen_hidden_resi_blocks[0].hidden_layer/gen_ring_banks[1].ring_bank1/gen_sram_32x16.u_ring_sram/dout0[4]' has no loads. (LINT-2)
Warning: In design 'tcn_block', net 'gen_hidden_resi_blocks[0].hidden_layer/gen_ring_banks[1].ring_bank1/sram_dout0[5]' driven by pin 'gen_hidden_resi_blocks[0].hidden_layer/gen_ring_banks[1].ring_bank1/gen_sram_32x16.u_ring_sram/dout0[5]' has no loads. (LINT-2)
Warning: In design 'tcn_block', net 'gen_hidden_resi_blocks[0].hidden_layer/gen_ring_banks[1].ring_bank1/sram_dout0[6]' driven by pin 'gen_hidden_resi_blocks[0].hidden_layer/gen_ring_banks[1].ring_bank1/gen_sram_32x16.u_ring_sram/dout0[6]' has no loads. (LINT-2)
Warning: In design 'tcn_block', net 'gen_hidden_resi_blocks[0].hidden_layer/gen_ring_banks[1].ring_bank1/sram_dout0[7]' driven by pin 'gen_hidden_resi_blocks[0].hidden_layer/gen_ring_banks[1].ring_bank1/gen_sram_32x16.u_ring_sram/dout0[7]' has no loads. (LINT-2)
Warning: In design 'tcn_block', net 'gen_hidden_resi_blocks[0].hidden_layer/gen_ring_banks[1].ring_bank1/sram_dout0[8]' driven by pin 'gen_hidden_resi_blocks[0].hidden_layer/gen_ring_banks[1].ring_bank1/gen_sram_32x16.u_ring_sram/dout0[8]' has no loads. (LINT-2)
Warning: In design 'tcn_block', net 'gen_hidden_resi_blocks[0].hidden_layer/gen_ring_banks[1].ring_bank1/sram_dout0[9]' driven by pin 'gen_hidden_resi_blocks[0].hidden_layer/gen_ring_banks[1].ring_bank1/gen_sram_32x16.u_ring_sram/dout0[9]' has no loads. (LINT-2)
Warning: In design 'tcn_block', net 'gen_hidden_resi_blocks[0].hidden_layer/gen_ring_banks[1].ring_bank1/sram_dout0[10]' driven by pin 'gen_hidden_resi_blocks[0].hidden_layer/gen_ring_banks[1].ring_bank1/gen_sram_32x16.u_ring_sram/dout0[10]' has no loads. (LINT-2)
Warning: In design 'tcn_block', net 'gen_hidden_resi_blocks[0].hidden_layer/gen_ring_banks[1].ring_bank1/sram_dout0[11]' driven by pin 'gen_hidden_resi_blocks[0].hidden_layer/gen_ring_banks[1].ring_bank1/gen_sram_32x16.u_ring_sram/dout0[11]' has no loads. (LINT-2)
Warning: In design 'tcn_block', net 'gen_hidden_resi_blocks[0].hidden_layer/gen_ring_banks[1].ring_bank1/sram_dout0[12]' driven by pin 'gen_hidden_resi_blocks[0].hidden_layer/gen_ring_banks[1].ring_bank1/gen_sram_32x16.u_ring_sram/dout0[12]' has no loads. (LINT-2)
Warning: In design 'tcn_block', net 'gen_hidden_resi_blocks[0].hidden_layer/gen_ring_banks[1].ring_bank1/sram_dout0[13]' driven by pin 'gen_hidden_resi_blocks[0].hidden_layer/gen_ring_banks[1].ring_bank1/gen_sram_32x16.u_ring_sram/dout0[13]' has no loads. (LINT-2)
Warning: In design 'tcn_block', net 'gen_hidden_resi_blocks[0].hidden_layer/gen_ring_banks[1].ring_bank1/sram_dout0[14]' driven by pin 'gen_hidden_resi_blocks[0].hidden_layer/gen_ring_banks[1].ring_bank1/gen_sram_32x16.u_ring_sram/dout0[14]' has no loads. (LINT-2)
Warning: In design 'tcn_block', net 'gen_hidden_resi_blocks[0].hidden_layer/gen_ring_banks[1].ring_bank1/sram_dout0[15]' driven by pin 'gen_hidden_resi_blocks[0].hidden_layer/gen_ring_banks[1].ring_bank1/gen_sram_32x16.u_ring_sram/dout0[15]' has no loads. (LINT-2)
Warning: In design 'tcn_block', net 'gen_hidden_resi_blocks[0].hidden_layer/gen_ring_banks[1].ring_bank1/sram_dout0[16]' driven by pin 'gen_hidden_resi_blocks[0].hidden_layer/gen_ring_banks[1].ring_bank1/gen_sram_32x16.u_ring_sram/dout0[16]' has no loads. (LINT-2)
Warning: In design 'tcn_block', net 'gen_hidden_resi_blocks[0].hidden_layer/gen_ring_banks[1].ring_bank1/sram_dout0[17]' driven by pin 'gen_hidden_resi_blocks[0].hidden_layer/gen_ring_banks[1].ring_bank1/gen_sram_32x16.u_ring_sram/dout0[17]' has no loads. (LINT-2)
Warning: In design 'tcn_block', net 'gen_hidden_resi_blocks[0].hidden_layer/gen_ring_banks[1].ring_bank1/sram_dout0[18]' driven by pin 'gen_hidden_resi_blocks[0].hidden_layer/gen_ring_banks[1].ring_bank1/gen_sram_32x16.u_ring_sram/dout0[18]' has no loads. (LINT-2)
Warning: In design 'tcn_block', net 'gen_hidden_resi_blocks[0].hidden_layer/gen_ring_banks[1].ring_bank1/sram_dout0[19]' driven by pin 'gen_hidden_resi_blocks[0].hidden_layer/gen_ring_banks[1].ring_bank1/gen_sram_32x16.u_ring_sram/dout0[19]' has no loads. (LINT-2)
Warning: In design 'tcn_block', net 'gen_hidden_resi_blocks[0].hidden_layer/gen_ring_banks[1].ring_bank1/sram_dout0[20]' driven by pin 'gen_hidden_resi_blocks[0].hidden_layer/gen_ring_banks[1].ring_bank1/gen_sram_32x16.u_ring_sram/dout0[20]' has no loads. (LINT-2)
Warning: In design 'tcn_block', net 'gen_hidden_resi_blocks[0].hidden_layer/gen_ring_banks[1].ring_bank1/sram_dout0[21]' driven by pin 'gen_hidden_resi_blocks[0].hidden_layer/gen_ring_banks[1].ring_bank1/gen_sram_32x16.u_ring_sram/dout0[21]' has no loads. (LINT-2)
Warning: In design 'tcn_block', net 'gen_hidden_resi_blocks[0].hidden_layer/gen_ring_banks[1].ring_bank1/sram_dout0[22]' driven by pin 'gen_hidden_resi_blocks[0].hidden_layer/gen_ring_banks[1].ring_bank1/gen_sram_32x16.u_ring_sram/dout0[22]' has no loads. (LINT-2)
Warning: In design 'tcn_block', net 'gen_hidden_resi_blocks[0].hidden_layer/gen_ring_banks[1].ring_bank1/sram_dout0[23]' driven by pin 'gen_hidden_resi_blocks[0].hidden_layer/gen_ring_banks[1].ring_bank1/gen_sram_32x16.u_ring_sram/dout0[23]' has no loads. (LINT-2)
Warning: In design 'tcn_block', net 'gen_hidden_resi_blocks[0].hidden_layer/gen_ring_banks[1].ring_bank1/sram_dout0[24]' driven by pin 'gen_hidden_resi_blocks[0].hidden_layer/gen_ring_banks[1].ring_bank1/gen_sram_32x16.u_ring_sram/dout0[24]' has no loads. (LINT-2)
Warning: In design 'tcn_block', net 'gen_hidden_resi_blocks[0].hidden_layer/gen_ring_banks[1].ring_bank1/sram_dout0[25]' driven by pin 'gen_hidden_resi_blocks[0].hidden_layer/gen_ring_banks[1].ring_bank1/gen_sram_32x16.u_ring_sram/dout0[25]' has no loads. (LINT-2)
Warning: In design 'tcn_block', net 'gen_hidden_resi_blocks[0].hidden_layer/gen_ring_banks[1].ring_bank1/sram_dout0[26]' driven by pin 'gen_hidden_resi_blocks[0].hidden_layer/gen_ring_banks[1].ring_bank1/gen_sram_32x16.u_ring_sram/dout0[26]' has no loads. (LINT-2)
Warning: In design 'tcn_block', net 'gen_hidden_resi_blocks[0].hidden_layer/gen_ring_banks[1].ring_bank1/sram_dout0[27]' driven by pin 'gen_hidden_resi_blocks[0].hidden_layer/gen_ring_banks[1].ring_bank1/gen_sram_32x16.u_ring_sram/dout0[27]' has no loads. (LINT-2)
Warning: In design 'tcn_block', net 'gen_hidden_resi_blocks[0].hidden_layer/gen_ring_banks[1].ring_bank1/sram_dout0[28]' driven by pin 'gen_hidden_resi_blocks[0].hidden_layer/gen_ring_banks[1].ring_bank1/gen_sram_32x16.u_ring_sram/dout0[28]' has no loads. (LINT-2)
Warning: In design 'tcn_block', net 'gen_hidden_resi_blocks[0].hidden_layer/gen_ring_banks[1].ring_bank1/sram_dout0[29]' driven by pin 'gen_hidden_resi_blocks[0].hidden_layer/gen_ring_banks[1].ring_bank1/gen_sram_32x16.u_ring_sram/dout0[29]' has no loads. (LINT-2)
Warning: In design 'tcn_block', net 'gen_hidden_resi_blocks[0].hidden_layer/gen_ring_banks[1].ring_bank1/sram_dout0[30]' driven by pin 'gen_hidden_resi_blocks[0].hidden_layer/gen_ring_banks[1].ring_bank1/gen_sram_32x16.u_ring_sram/dout0[30]' has no loads. (LINT-2)
Warning: In design 'tcn_block', net 'gen_hidden_resi_blocks[0].hidden_layer/gen_ring_banks[1].ring_bank1/sram_dout0[31]' driven by pin 'gen_hidden_resi_blocks[0].hidden_layer/gen_ring_banks[1].ring_bank1/gen_sram_32x16.u_ring_sram/dout0[31]' has no loads. (LINT-2)
Warning: In design 'tcn_block', net 'gen_hidden_resi_blocks[0].hidden_layer/gen_ring_banks[1].ring_bank2/sram_dout0[0]' driven by pin 'gen_hidden_resi_blocks[0].hidden_layer/gen_ring_banks[1].ring_bank2/gen_sram_32x16.u_ring_sram/dout0[0]' has no loads. (LINT-2)
Warning: In design 'tcn_block', net 'gen_hidden_resi_blocks[0].hidden_layer/gen_ring_banks[1].ring_bank2/sram_dout0[1]' driven by pin 'gen_hidden_resi_blocks[0].hidden_layer/gen_ring_banks[1].ring_bank2/gen_sram_32x16.u_ring_sram/dout0[1]' has no loads. (LINT-2)
Warning: In design 'tcn_block', net 'gen_hidden_resi_blocks[0].hidden_layer/gen_ring_banks[1].ring_bank2/sram_dout0[2]' driven by pin 'gen_hidden_resi_blocks[0].hidden_layer/gen_ring_banks[1].ring_bank2/gen_sram_32x16.u_ring_sram/dout0[2]' has no loads. (LINT-2)
Warning: In design 'tcn_block', net 'gen_hidden_resi_blocks[0].hidden_layer/gen_ring_banks[1].ring_bank2/sram_dout0[3]' driven by pin 'gen_hidden_resi_blocks[0].hidden_layer/gen_ring_banks[1].ring_bank2/gen_sram_32x16.u_ring_sram/dout0[3]' has no loads. (LINT-2)
Warning: In design 'tcn_block', net 'gen_hidden_resi_blocks[0].hidden_layer/gen_ring_banks[1].ring_bank2/sram_dout0[4]' driven by pin 'gen_hidden_resi_blocks[0].hidden_layer/gen_ring_banks[1].ring_bank2/gen_sram_32x16.u_ring_sram/dout0[4]' has no loads. (LINT-2)
Warning: In design 'tcn_block', net 'gen_hidden_resi_blocks[0].hidden_layer/gen_ring_banks[1].ring_bank2/sram_dout0[5]' driven by pin 'gen_hidden_resi_blocks[0].hidden_layer/gen_ring_banks[1].ring_bank2/gen_sram_32x16.u_ring_sram/dout0[5]' has no loads. (LINT-2)
Warning: In design 'tcn_block', net 'gen_hidden_resi_blocks[0].hidden_layer/gen_ring_banks[1].ring_bank2/sram_dout0[6]' driven by pin 'gen_hidden_resi_blocks[0].hidden_layer/gen_ring_banks[1].ring_bank2/gen_sram_32x16.u_ring_sram/dout0[6]' has no loads. (LINT-2)
Warning: In design 'tcn_block', net 'gen_hidden_resi_blocks[0].hidden_layer/gen_ring_banks[1].ring_bank2/sram_dout0[7]' driven by pin 'gen_hidden_resi_blocks[0].hidden_layer/gen_ring_banks[1].ring_bank2/gen_sram_32x16.u_ring_sram/dout0[7]' has no loads. (LINT-2)
Warning: In design 'tcn_block', net 'gen_hidden_resi_blocks[0].hidden_layer/gen_ring_banks[1].ring_bank2/sram_dout0[8]' driven by pin 'gen_hidden_resi_blocks[0].hidden_layer/gen_ring_banks[1].ring_bank2/gen_sram_32x16.u_ring_sram/dout0[8]' has no loads. (LINT-2)
Warning: In design 'tcn_block', net 'gen_hidden_resi_blocks[0].hidden_layer/gen_ring_banks[1].ring_bank2/sram_dout0[9]' driven by pin 'gen_hidden_resi_blocks[0].hidden_layer/gen_ring_banks[1].ring_bank2/gen_sram_32x16.u_ring_sram/dout0[9]' has no loads. (LINT-2)
Warning: In design 'tcn_block', net 'gen_hidden_resi_blocks[0].hidden_layer/gen_ring_banks[1].ring_bank2/sram_dout0[10]' driven by pin 'gen_hidden_resi_blocks[0].hidden_layer/gen_ring_banks[1].ring_bank2/gen_sram_32x16.u_ring_sram/dout0[10]' has no loads. (LINT-2)
Warning: In design 'tcn_block', net 'gen_hidden_resi_blocks[0].hidden_layer/gen_ring_banks[1].ring_bank2/sram_dout0[11]' driven by pin 'gen_hidden_resi_blocks[0].hidden_layer/gen_ring_banks[1].ring_bank2/gen_sram_32x16.u_ring_sram/dout0[11]' has no loads. (LINT-2)
Warning: In design 'tcn_block', net 'gen_hidden_resi_blocks[0].hidden_layer/gen_ring_banks[1].ring_bank2/sram_dout0[12]' driven by pin 'gen_hidden_resi_blocks[0].hidden_layer/gen_ring_banks[1].ring_bank2/gen_sram_32x16.u_ring_sram/dout0[12]' has no loads. (LINT-2)
Warning: In design 'tcn_block', net 'gen_hidden_resi_blocks[0].hidden_layer/gen_ring_banks[1].ring_bank2/sram_dout0[13]' driven by pin 'gen_hidden_resi_blocks[0].hidden_layer/gen_ring_banks[1].ring_bank2/gen_sram_32x16.u_ring_sram/dout0[13]' has no loads. (LINT-2)
Warning: In design 'tcn_block', net 'gen_hidden_resi_blocks[0].hidden_layer/gen_ring_banks[1].ring_bank2/sram_dout0[14]' driven by pin 'gen_hidden_resi_blocks[0].hidden_layer/gen_ring_banks[1].ring_bank2/gen_sram_32x16.u_ring_sram/dout0[14]' has no loads. (LINT-2)
Warning: In design 'tcn_block', net 'gen_hidden_resi_blocks[0].hidden_layer/gen_ring_banks[1].ring_bank2/sram_dout0[15]' driven by pin 'gen_hidden_resi_blocks[0].hidden_layer/gen_ring_banks[1].ring_bank2/gen_sram_32x16.u_ring_sram/dout0[15]' has no loads. (LINT-2)
Warning: In design 'tcn_block', net 'gen_hidden_resi_blocks[0].hidden_layer/gen_ring_banks[1].ring_bank2/sram_dout0[16]' driven by pin 'gen_hidden_resi_blocks[0].hidden_layer/gen_ring_banks[1].ring_bank2/gen_sram_32x16.u_ring_sram/dout0[16]' has no loads. (LINT-2)
Warning: In design 'tcn_block', net 'gen_hidden_resi_blocks[0].hidden_layer/gen_ring_banks[1].ring_bank2/sram_dout0[17]' driven by pin 'gen_hidden_resi_blocks[0].hidden_layer/gen_ring_banks[1].ring_bank2/gen_sram_32x16.u_ring_sram/dout0[17]' has no loads. (LINT-2)
Warning: In design 'tcn_block', net 'gen_hidden_resi_blocks[0].hidden_layer/gen_ring_banks[1].ring_bank2/sram_dout0[18]' driven by pin 'gen_hidden_resi_blocks[0].hidden_layer/gen_ring_banks[1].ring_bank2/gen_sram_32x16.u_ring_sram/dout0[18]' has no loads. (LINT-2)
Warning: In design 'tcn_block', net 'gen_hidden_resi_blocks[0].hidden_layer/gen_ring_banks[1].ring_bank2/sram_dout0[19]' driven by pin 'gen_hidden_resi_blocks[0].hidden_layer/gen_ring_banks[1].ring_bank2/gen_sram_32x16.u_ring_sram/dout0[19]' has no loads. (LINT-2)
Warning: In design 'tcn_block', net 'gen_hidden_resi_blocks[0].hidden_layer/gen_ring_banks[1].ring_bank2/sram_dout0[20]' driven by pin 'gen_hidden_resi_blocks[0].hidden_layer/gen_ring_banks[1].ring_bank2/gen_sram_32x16.u_ring_sram/dout0[20]' has no loads. (LINT-2)
Warning: In design 'tcn_block', net 'gen_hidden_resi_blocks[0].hidden_layer/gen_ring_banks[1].ring_bank2/sram_dout0[21]' driven by pin 'gen_hidden_resi_blocks[0].hidden_layer/gen_ring_banks[1].ring_bank2/gen_sram_32x16.u_ring_sram/dout0[21]' has no loads. (LINT-2)
Warning: In design 'tcn_block', net 'gen_hidden_resi_blocks[0].hidden_layer/gen_ring_banks[1].ring_bank2/sram_dout0[22]' driven by pin 'gen_hidden_resi_blocks[0].hidden_layer/gen_ring_banks[1].ring_bank2/gen_sram_32x16.u_ring_sram/dout0[22]' has no loads. (LINT-2)
Warning: In design 'tcn_block', net 'gen_hidden_resi_blocks[0].hidden_layer/gen_ring_banks[1].ring_bank2/sram_dout0[23]' driven by pin 'gen_hidden_resi_blocks[0].hidden_layer/gen_ring_banks[1].ring_bank2/gen_sram_32x16.u_ring_sram/dout0[23]' has no loads. (LINT-2)
Warning: In design 'tcn_block', net 'gen_hidden_resi_blocks[0].hidden_layer/gen_ring_banks[1].ring_bank2/sram_dout0[24]' driven by pin 'gen_hidden_resi_blocks[0].hidden_layer/gen_ring_banks[1].ring_bank2/gen_sram_32x16.u_ring_sram/dout0[24]' has no loads. (LINT-2)
Warning: In design 'tcn_block', net 'gen_hidden_resi_blocks[0].hidden_layer/gen_ring_banks[1].ring_bank2/sram_dout0[25]' driven by pin 'gen_hidden_resi_blocks[0].hidden_layer/gen_ring_banks[1].ring_bank2/gen_sram_32x16.u_ring_sram/dout0[25]' has no loads. (LINT-2)
Warning: In design 'tcn_block', net 'gen_hidden_resi_blocks[0].hidden_layer/gen_ring_banks[1].ring_bank2/sram_dout0[26]' driven by pin 'gen_hidden_resi_blocks[0].hidden_layer/gen_ring_banks[1].ring_bank2/gen_sram_32x16.u_ring_sram/dout0[26]' has no loads. (LINT-2)
Warning: In design 'tcn_block', net 'gen_hidden_resi_blocks[0].hidden_layer/gen_ring_banks[1].ring_bank2/sram_dout0[27]' driven by pin 'gen_hidden_resi_blocks[0].hidden_layer/gen_ring_banks[1].ring_bank2/gen_sram_32x16.u_ring_sram/dout0[27]' has no loads. (LINT-2)
Warning: In design 'tcn_block', net 'gen_hidden_resi_blocks[0].hidden_layer/gen_ring_banks[1].ring_bank2/sram_dout0[28]' driven by pin 'gen_hidden_resi_blocks[0].hidden_layer/gen_ring_banks[1].ring_bank2/gen_sram_32x16.u_ring_sram/dout0[28]' has no loads. (LINT-2)
Warning: In design 'tcn_block', net 'gen_hidden_resi_blocks[0].hidden_layer/gen_ring_banks[1].ring_bank2/sram_dout0[29]' driven by pin 'gen_hidden_resi_blocks[0].hidden_layer/gen_ring_banks[1].ring_bank2/gen_sram_32x16.u_ring_sram/dout0[29]' has no loads. (LINT-2)
Warning: In design 'tcn_block', net 'gen_hidden_resi_blocks[0].hidden_layer/gen_ring_banks[1].ring_bank2/sram_dout0[30]' driven by pin 'gen_hidden_resi_blocks[0].hidden_layer/gen_ring_banks[1].ring_bank2/gen_sram_32x16.u_ring_sram/dout0[30]' has no loads. (LINT-2)
Warning: In design 'tcn_block', net 'gen_hidden_resi_blocks[0].hidden_layer/gen_ring_banks[1].ring_bank2/sram_dout0[31]' driven by pin 'gen_hidden_resi_blocks[0].hidden_layer/gen_ring_banks[1].ring_bank2/gen_sram_32x16.u_ring_sram/dout0[31]' has no loads. (LINT-2)
Warning: In design 'tcn_block', net 'gen_hidden_resi_blocks[0].hidden_layer/gen_ring_banks[2].ring_bank1/sram_dout0[0]' driven by pin 'gen_hidden_resi_blocks[0].hidden_layer/gen_ring_banks[2].ring_bank1/gen_sram_32x16.u_ring_sram/dout0[0]' has no loads. (LINT-2)
Warning: In design 'tcn_block', net 'gen_hidden_resi_blocks[0].hidden_layer/gen_ring_banks[2].ring_bank1/sram_dout0[1]' driven by pin 'gen_hidden_resi_blocks[0].hidden_layer/gen_ring_banks[2].ring_bank1/gen_sram_32x16.u_ring_sram/dout0[1]' has no loads. (LINT-2)
Warning: In design 'tcn_block', net 'gen_hidden_resi_blocks[0].hidden_layer/gen_ring_banks[2].ring_bank1/sram_dout0[2]' driven by pin 'gen_hidden_resi_blocks[0].hidden_layer/gen_ring_banks[2].ring_bank1/gen_sram_32x16.u_ring_sram/dout0[2]' has no loads. (LINT-2)
Warning: In design 'tcn_block', net 'gen_hidden_resi_blocks[0].hidden_layer/gen_ring_banks[2].ring_bank1/sram_dout0[3]' driven by pin 'gen_hidden_resi_blocks[0].hidden_layer/gen_ring_banks[2].ring_bank1/gen_sram_32x16.u_ring_sram/dout0[3]' has no loads. (LINT-2)
Warning: In design 'tcn_block', net 'gen_hidden_resi_blocks[0].hidden_layer/gen_ring_banks[2].ring_bank1/sram_dout0[4]' driven by pin 'gen_hidden_resi_blocks[0].hidden_layer/gen_ring_banks[2].ring_bank1/gen_sram_32x16.u_ring_sram/dout0[4]' has no loads. (LINT-2)
Warning: In design 'tcn_block', net 'gen_hidden_resi_blocks[0].hidden_layer/gen_ring_banks[2].ring_bank1/sram_dout0[5]' driven by pin 'gen_hidden_resi_blocks[0].hidden_layer/gen_ring_banks[2].ring_bank1/gen_sram_32x16.u_ring_sram/dout0[5]' has no loads. (LINT-2)
Warning: In design 'tcn_block', net 'gen_hidden_resi_blocks[0].hidden_layer/gen_ring_banks[2].ring_bank1/sram_dout0[6]' driven by pin 'gen_hidden_resi_blocks[0].hidden_layer/gen_ring_banks[2].ring_bank1/gen_sram_32x16.u_ring_sram/dout0[6]' has no loads. (LINT-2)
Warning: In design 'tcn_block', net 'gen_hidden_resi_blocks[0].hidden_layer/gen_ring_banks[2].ring_bank1/sram_dout0[7]' driven by pin 'gen_hidden_resi_blocks[0].hidden_layer/gen_ring_banks[2].ring_bank1/gen_sram_32x16.u_ring_sram/dout0[7]' has no loads. (LINT-2)
Warning: In design 'tcn_block', net 'gen_hidden_resi_blocks[0].hidden_layer/gen_ring_banks[2].ring_bank1/sram_dout0[8]' driven by pin 'gen_hidden_resi_blocks[0].hidden_layer/gen_ring_banks[2].ring_bank1/gen_sram_32x16.u_ring_sram/dout0[8]' has no loads. (LINT-2)
Warning: In design 'tcn_block', net 'gen_hidden_resi_blocks[0].hidden_layer/gen_ring_banks[2].ring_bank1/sram_dout0[9]' driven by pin 'gen_hidden_resi_blocks[0].hidden_layer/gen_ring_banks[2].ring_bank1/gen_sram_32x16.u_ring_sram/dout0[9]' has no loads. (LINT-2)
Warning: In design 'tcn_block', net 'gen_hidden_resi_blocks[0].hidden_layer/gen_ring_banks[2].ring_bank1/sram_dout0[10]' driven by pin 'gen_hidden_resi_blocks[0].hidden_layer/gen_ring_banks[2].ring_bank1/gen_sram_32x16.u_ring_sram/dout0[10]' has no loads. (LINT-2)
Warning: In design 'tcn_block', net 'gen_hidden_resi_blocks[0].hidden_layer/gen_ring_banks[2].ring_bank1/sram_dout0[11]' driven by pin 'gen_hidden_resi_blocks[0].hidden_layer/gen_ring_banks[2].ring_bank1/gen_sram_32x16.u_ring_sram/dout0[11]' has no loads. (LINT-2)
Warning: In design 'tcn_block', net 'gen_hidden_resi_blocks[0].hidden_layer/gen_ring_banks[2].ring_bank1/sram_dout0[12]' driven by pin 'gen_hidden_resi_blocks[0].hidden_layer/gen_ring_banks[2].ring_bank1/gen_sram_32x16.u_ring_sram/dout0[12]' has no loads. (LINT-2)
Warning: In design 'tcn_block', net 'gen_hidden_resi_blocks[0].hidden_layer/gen_ring_banks[2].ring_bank1/sram_dout0[13]' driven by pin 'gen_hidden_resi_blocks[0].hidden_layer/gen_ring_banks[2].ring_bank1/gen_sram_32x16.u_ring_sram/dout0[13]' has no loads. (LINT-2)
Warning: In design 'tcn_block', net 'gen_hidden_resi_blocks[0].hidden_layer/gen_ring_banks[2].ring_bank1/sram_dout0[14]' driven by pin 'gen_hidden_resi_blocks[0].hidden_layer/gen_ring_banks[2].ring_bank1/gen_sram_32x16.u_ring_sram/dout0[14]' has no loads. (LINT-2)
Warning: In design 'tcn_block', net 'gen_hidden_resi_blocks[0].hidden_layer/gen_ring_banks[2].ring_bank1/sram_dout0[15]' driven by pin 'gen_hidden_resi_blocks[0].hidden_layer/gen_ring_banks[2].ring_bank1/gen_sram_32x16.u_ring_sram/dout0[15]' has no loads. (LINT-2)
Warning: In design 'tcn_block', net 'gen_hidden_resi_blocks[0].hidden_layer/gen_ring_banks[2].ring_bank1/sram_dout0[16]' driven by pin 'gen_hidden_resi_blocks[0].hidden_layer/gen_ring_banks[2].ring_bank1/gen_sram_32x16.u_ring_sram/dout0[16]' has no loads. (LINT-2)
Warning: In design 'tcn_block', net 'gen_hidden_resi_blocks[0].hidden_layer/gen_ring_banks[2].ring_bank1/sram_dout0[17]' driven by pin 'gen_hidden_resi_blocks[0].hidden_layer/gen_ring_banks[2].ring_bank1/gen_sram_32x16.u_ring_sram/dout0[17]' has no loads. (LINT-2)
Warning: In design 'tcn_block', net 'gen_hidden_resi_blocks[0].hidden_layer/gen_ring_banks[2].ring_bank1/sram_dout0[18]' driven by pin 'gen_hidden_resi_blocks[0].hidden_layer/gen_ring_banks[2].ring_bank1/gen_sram_32x16.u_ring_sram/dout0[18]' has no loads. (LINT-2)
Warning: In design 'tcn_block', net 'gen_hidden_resi_blocks[0].hidden_layer/gen_ring_banks[2].ring_bank1/sram_dout0[19]' driven by pin 'gen_hidden_resi_blocks[0].hidden_layer/gen_ring_banks[2].ring_bank1/gen_sram_32x16.u_ring_sram/dout0[19]' has no loads. (LINT-2)
Warning: In design 'tcn_block', net 'gen_hidden_resi_blocks[0].hidden_layer/gen_ring_banks[2].ring_bank1/sram_dout0[20]' driven by pin 'gen_hidden_resi_blocks[0].hidden_layer/gen_ring_banks[2].ring_bank1/gen_sram_32x16.u_ring_sram/dout0[20]' has no loads. (LINT-2)
Warning: In design 'tcn_block', net 'gen_hidden_resi_blocks[0].hidden_layer/gen_ring_banks[2].ring_bank1/sram_dout0[21]' driven by pin 'gen_hidden_resi_blocks[0].hidden_layer/gen_ring_banks[2].ring_bank1/gen_sram_32x16.u_ring_sram/dout0[21]' has no loads. (LINT-2)
Warning: In design 'tcn_block', net 'gen_hidden_resi_blocks[0].hidden_layer/gen_ring_banks[2].ring_bank1/sram_dout0[22]' driven by pin 'gen_hidden_resi_blocks[0].hidden_layer/gen_ring_banks[2].ring_bank1/gen_sram_32x16.u_ring_sram/dout0[22]' has no loads. (LINT-2)
Warning: In design 'tcn_block', net 'gen_hidden_resi_blocks[0].hidden_layer/gen_ring_banks[2].ring_bank1/sram_dout0[23]' driven by pin 'gen_hidden_resi_blocks[0].hidden_layer/gen_ring_banks[2].ring_bank1/gen_sram_32x16.u_ring_sram/dout0[23]' has no loads. (LINT-2)
Warning: In design 'tcn_block', net 'gen_hidden_resi_blocks[0].hidden_layer/gen_ring_banks[2].ring_bank1/sram_dout0[24]' driven by pin 'gen_hidden_resi_blocks[0].hidden_layer/gen_ring_banks[2].ring_bank1/gen_sram_32x16.u_ring_sram/dout0[24]' has no loads. (LINT-2)
Warning: In design 'tcn_block', net 'gen_hidden_resi_blocks[0].hidden_layer/gen_ring_banks[2].ring_bank1/sram_dout0[25]' driven by pin 'gen_hidden_resi_blocks[0].hidden_layer/gen_ring_banks[2].ring_bank1/gen_sram_32x16.u_ring_sram/dout0[25]' has no loads. (LINT-2)
Warning: In design 'tcn_block', net 'gen_hidden_resi_blocks[0].hidden_layer/gen_ring_banks[2].ring_bank1/sram_dout0[26]' driven by pin 'gen_hidden_resi_blocks[0].hidden_layer/gen_ring_banks[2].ring_bank1/gen_sram_32x16.u_ring_sram/dout0[26]' has no loads. (LINT-2)
Warning: In design 'tcn_block', net 'gen_hidden_resi_blocks[0].hidden_layer/gen_ring_banks[2].ring_bank1/sram_dout0[27]' driven by pin 'gen_hidden_resi_blocks[0].hidden_layer/gen_ring_banks[2].ring_bank1/gen_sram_32x16.u_ring_sram/dout0[27]' has no loads. (LINT-2)
Warning: In design 'tcn_block', net 'gen_hidden_resi_blocks[0].hidden_layer/gen_ring_banks[2].ring_bank1/sram_dout0[28]' driven by pin 'gen_hidden_resi_blocks[0].hidden_layer/gen_ring_banks[2].ring_bank1/gen_sram_32x16.u_ring_sram/dout0[28]' has no loads. (LINT-2)
Warning: In design 'tcn_block', net 'gen_hidden_resi_blocks[0].hidden_layer/gen_ring_banks[2].ring_bank1/sram_dout0[29]' driven by pin 'gen_hidden_resi_blocks[0].hidden_layer/gen_ring_banks[2].ring_bank1/gen_sram_32x16.u_ring_sram/dout0[29]' has no loads. (LINT-2)
Warning: In design 'tcn_block', net 'gen_hidden_resi_blocks[0].hidden_layer/gen_ring_banks[2].ring_bank1/sram_dout0[30]' driven by pin 'gen_hidden_resi_blocks[0].hidden_layer/gen_ring_banks[2].ring_bank1/gen_sram_32x16.u_ring_sram/dout0[30]' has no loads. (LINT-2)
Warning: In design 'tcn_block', net 'gen_hidden_resi_blocks[0].hidden_layer/gen_ring_banks[2].ring_bank1/sram_dout0[31]' driven by pin 'gen_hidden_resi_blocks[0].hidden_layer/gen_ring_banks[2].ring_bank1/gen_sram_32x16.u_ring_sram/dout0[31]' has no loads. (LINT-2)
Warning: In design 'tcn_block', net 'gen_hidden_resi_blocks[0].hidden_layer/gen_ring_banks[2].ring_bank2/sram_dout0[0]' driven by pin 'gen_hidden_resi_blocks[0].hidden_layer/gen_ring_banks[2].ring_bank2/gen_sram_32x16.u_ring_sram/dout0[0]' has no loads. (LINT-2)
Warning: In design 'tcn_block', net 'gen_hidden_resi_blocks[0].hidden_layer/gen_ring_banks[2].ring_bank2/sram_dout0[1]' driven by pin 'gen_hidden_resi_blocks[0].hidden_layer/gen_ring_banks[2].ring_bank2/gen_sram_32x16.u_ring_sram/dout0[1]' has no loads. (LINT-2)
Warning: In design 'tcn_block', net 'gen_hidden_resi_blocks[0].hidden_layer/gen_ring_banks[2].ring_bank2/sram_dout0[2]' driven by pin 'gen_hidden_resi_blocks[0].hidden_layer/gen_ring_banks[2].ring_bank2/gen_sram_32x16.u_ring_sram/dout0[2]' has no loads. (LINT-2)
Warning: In design 'tcn_block', net 'gen_hidden_resi_blocks[0].hidden_layer/gen_ring_banks[2].ring_bank2/sram_dout0[3]' driven by pin 'gen_hidden_resi_blocks[0].hidden_layer/gen_ring_banks[2].ring_bank2/gen_sram_32x16.u_ring_sram/dout0[3]' has no loads. (LINT-2)
Warning: In design 'tcn_block', net 'gen_hidden_resi_blocks[0].hidden_layer/gen_ring_banks[2].ring_bank2/sram_dout0[4]' driven by pin 'gen_hidden_resi_blocks[0].hidden_layer/gen_ring_banks[2].ring_bank2/gen_sram_32x16.u_ring_sram/dout0[4]' has no loads. (LINT-2)
Warning: In design 'tcn_block', net 'gen_hidden_resi_blocks[0].hidden_layer/gen_ring_banks[2].ring_bank2/sram_dout0[5]' driven by pin 'gen_hidden_resi_blocks[0].hidden_layer/gen_ring_banks[2].ring_bank2/gen_sram_32x16.u_ring_sram/dout0[5]' has no loads. (LINT-2)
Warning: In design 'tcn_block', net 'gen_hidden_resi_blocks[0].hidden_layer/gen_ring_banks[2].ring_bank2/sram_dout0[6]' driven by pin 'gen_hidden_resi_blocks[0].hidden_layer/gen_ring_banks[2].ring_bank2/gen_sram_32x16.u_ring_sram/dout0[6]' has no loads. (LINT-2)
Warning: In design 'tcn_block', net 'gen_hidden_resi_blocks[0].hidden_layer/gen_ring_banks[2].ring_bank2/sram_dout0[7]' driven by pin 'gen_hidden_resi_blocks[0].hidden_layer/gen_ring_banks[2].ring_bank2/gen_sram_32x16.u_ring_sram/dout0[7]' has no loads. (LINT-2)
Warning: In design 'tcn_block', net 'gen_hidden_resi_blocks[0].hidden_layer/gen_ring_banks[2].ring_bank2/sram_dout0[8]' driven by pin 'gen_hidden_resi_blocks[0].hidden_layer/gen_ring_banks[2].ring_bank2/gen_sram_32x16.u_ring_sram/dout0[8]' has no loads. (LINT-2)
Warning: In design 'tcn_block', net 'gen_hidden_resi_blocks[0].hidden_layer/gen_ring_banks[2].ring_bank2/sram_dout0[9]' driven by pin 'gen_hidden_resi_blocks[0].hidden_layer/gen_ring_banks[2].ring_bank2/gen_sram_32x16.u_ring_sram/dout0[9]' has no loads. (LINT-2)
Warning: In design 'tcn_block', net 'gen_hidden_resi_blocks[0].hidden_layer/gen_ring_banks[2].ring_bank2/sram_dout0[10]' driven by pin 'gen_hidden_resi_blocks[0].hidden_layer/gen_ring_banks[2].ring_bank2/gen_sram_32x16.u_ring_sram/dout0[10]' has no loads. (LINT-2)
Warning: In design 'tcn_block', net 'gen_hidden_resi_blocks[0].hidden_layer/gen_ring_banks[2].ring_bank2/sram_dout0[11]' driven by pin 'gen_hidden_resi_blocks[0].hidden_layer/gen_ring_banks[2].ring_bank2/gen_sram_32x16.u_ring_sram/dout0[11]' has no loads. (LINT-2)
Warning: In design 'tcn_block', net 'gen_hidden_resi_blocks[0].hidden_layer/gen_ring_banks[2].ring_bank2/sram_dout0[12]' driven by pin 'gen_hidden_resi_blocks[0].hidden_layer/gen_ring_banks[2].ring_bank2/gen_sram_32x16.u_ring_sram/dout0[12]' has no loads. (LINT-2)
Warning: In design 'tcn_block', net 'gen_hidden_resi_blocks[0].hidden_layer/gen_ring_banks[2].ring_bank2/sram_dout0[13]' driven by pin 'gen_hidden_resi_blocks[0].hidden_layer/gen_ring_banks[2].ring_bank2/gen_sram_32x16.u_ring_sram/dout0[13]' has no loads. (LINT-2)
Warning: In design 'tcn_block', net 'gen_hidden_resi_blocks[0].hidden_layer/gen_ring_banks[2].ring_bank2/sram_dout0[14]' driven by pin 'gen_hidden_resi_blocks[0].hidden_layer/gen_ring_banks[2].ring_bank2/gen_sram_32x16.u_ring_sram/dout0[14]' has no loads. (LINT-2)
Warning: In design 'tcn_block', net 'gen_hidden_resi_blocks[0].hidden_layer/gen_ring_banks[2].ring_bank2/sram_dout0[15]' driven by pin 'gen_hidden_resi_blocks[0].hidden_layer/gen_ring_banks[2].ring_bank2/gen_sram_32x16.u_ring_sram/dout0[15]' has no loads. (LINT-2)
Warning: In design 'tcn_block', net 'gen_hidden_resi_blocks[0].hidden_layer/gen_ring_banks[2].ring_bank2/sram_dout0[16]' driven by pin 'gen_hidden_resi_blocks[0].hidden_layer/gen_ring_banks[2].ring_bank2/gen_sram_32x16.u_ring_sram/dout0[16]' has no loads. (LINT-2)
Warning: In design 'tcn_block', net 'gen_hidden_resi_blocks[0].hidden_layer/gen_ring_banks[2].ring_bank2/sram_dout0[17]' driven by pin 'gen_hidden_resi_blocks[0].hidden_layer/gen_ring_banks[2].ring_bank2/gen_sram_32x16.u_ring_sram/dout0[17]' has no loads. (LINT-2)
Warning: In design 'tcn_block', net 'gen_hidden_resi_blocks[0].hidden_layer/gen_ring_banks[2].ring_bank2/sram_dout0[18]' driven by pin 'gen_hidden_resi_blocks[0].hidden_layer/gen_ring_banks[2].ring_bank2/gen_sram_32x16.u_ring_sram/dout0[18]' has no loads. (LINT-2)
Warning: In design 'tcn_block', net 'gen_hidden_resi_blocks[0].hidden_layer/gen_ring_banks[2].ring_bank2/sram_dout0[19]' driven by pin 'gen_hidden_resi_blocks[0].hidden_layer/gen_ring_banks[2].ring_bank2/gen_sram_32x16.u_ring_sram/dout0[19]' has no loads. (LINT-2)
Warning: In design 'tcn_block', net 'gen_hidden_resi_blocks[0].hidden_layer/gen_ring_banks[2].ring_bank2/sram_dout0[20]' driven by pin 'gen_hidden_resi_blocks[0].hidden_layer/gen_ring_banks[2].ring_bank2/gen_sram_32x16.u_ring_sram/dout0[20]' has no loads. (LINT-2)
Warning: In design 'tcn_block', net 'gen_hidden_resi_blocks[0].hidden_layer/gen_ring_banks[2].ring_bank2/sram_dout0[21]' driven by pin 'gen_hidden_resi_blocks[0].hidden_layer/gen_ring_banks[2].ring_bank2/gen_sram_32x16.u_ring_sram/dout0[21]' has no loads. (LINT-2)
Warning: In design 'tcn_block', net 'gen_hidden_resi_blocks[0].hidden_layer/gen_ring_banks[2].ring_bank2/sram_dout0[22]' driven by pin 'gen_hidden_resi_blocks[0].hidden_layer/gen_ring_banks[2].ring_bank2/gen_sram_32x16.u_ring_sram/dout0[22]' has no loads. (LINT-2)
Warning: In design 'tcn_block', net 'gen_hidden_resi_blocks[0].hidden_layer/gen_ring_banks[2].ring_bank2/sram_dout0[23]' driven by pin 'gen_hidden_resi_blocks[0].hidden_layer/gen_ring_banks[2].ring_bank2/gen_sram_32x16.u_ring_sram/dout0[23]' has no loads. (LINT-2)
Warning: In design 'tcn_block', net 'gen_hidden_resi_blocks[0].hidden_layer/gen_ring_banks[2].ring_bank2/sram_dout0[24]' driven by pin 'gen_hidden_resi_blocks[0].hidden_layer/gen_ring_banks[2].ring_bank2/gen_sram_32x16.u_ring_sram/dout0[24]' has no loads. (LINT-2)
Warning: In design 'tcn_block', net 'gen_hidden_resi_blocks[0].hidden_layer/gen_ring_banks[2].ring_bank2/sram_dout0[25]' driven by pin 'gen_hidden_resi_blocks[0].hidden_layer/gen_ring_banks[2].ring_bank2/gen_sram_32x16.u_ring_sram/dout0[25]' has no loads. (LINT-2)
Warning: In design 'tcn_block', net 'gen_hidden_resi_blocks[0].hidden_layer/gen_ring_banks[2].ring_bank2/sram_dout0[26]' driven by pin 'gen_hidden_resi_blocks[0].hidden_layer/gen_ring_banks[2].ring_bank2/gen_sram_32x16.u_ring_sram/dout0[26]' has no loads. (LINT-2)
Warning: In design 'tcn_block', net 'gen_hidden_resi_blocks[0].hidden_layer/gen_ring_banks[2].ring_bank2/sram_dout0[27]' driven by pin 'gen_hidden_resi_blocks[0].hidden_layer/gen_ring_banks[2].ring_bank2/gen_sram_32x16.u_ring_sram/dout0[27]' has no loads. (LINT-2)
Warning: In design 'tcn_block', net 'gen_hidden_resi_blocks[0].hidden_layer/gen_ring_banks[2].ring_bank2/sram_dout0[28]' driven by pin 'gen_hidden_resi_blocks[0].hidden_layer/gen_ring_banks[2].ring_bank2/gen_sram_32x16.u_ring_sram/dout0[28]' has no loads. (LINT-2)
Warning: In design 'tcn_block', net 'gen_hidden_resi_blocks[0].hidden_layer/gen_ring_banks[2].ring_bank2/sram_dout0[29]' driven by pin 'gen_hidden_resi_blocks[0].hidden_layer/gen_ring_banks[2].ring_bank2/gen_sram_32x16.u_ring_sram/dout0[29]' has no loads. (LINT-2)
Warning: In design 'tcn_block', net 'gen_hidden_resi_blocks[0].hidden_layer/gen_ring_banks[2].ring_bank2/sram_dout0[30]' driven by pin 'gen_hidden_resi_blocks[0].hidden_layer/gen_ring_banks[2].ring_bank2/gen_sram_32x16.u_ring_sram/dout0[30]' has no loads. (LINT-2)
Warning: In design 'tcn_block', net 'gen_hidden_resi_blocks[0].hidden_layer/gen_ring_banks[2].ring_bank2/sram_dout0[31]' driven by pin 'gen_hidden_resi_blocks[0].hidden_layer/gen_ring_banks[2].ring_bank2/gen_sram_32x16.u_ring_sram/dout0[31]' has no loads. (LINT-2)
Warning: In design 'tcn_block', net 'gen_hidden_resi_blocks[0].hidden_layer/gen_ring_banks[3].ring_bank1/sram_dout0[0]' driven by pin 'gen_hidden_resi_blocks[0].hidden_layer/gen_ring_banks[3].ring_bank1/gen_sram_32x16.u_ring_sram/dout0[0]' has no loads. (LINT-2)
Warning: In design 'tcn_block', net 'gen_hidden_resi_blocks[0].hidden_layer/gen_ring_banks[3].ring_bank1/sram_dout0[1]' driven by pin 'gen_hidden_resi_blocks[0].hidden_layer/gen_ring_banks[3].ring_bank1/gen_sram_32x16.u_ring_sram/dout0[1]' has no loads. (LINT-2)
Warning: In design 'tcn_block', net 'gen_hidden_resi_blocks[0].hidden_layer/gen_ring_banks[3].ring_bank1/sram_dout0[2]' driven by pin 'gen_hidden_resi_blocks[0].hidden_layer/gen_ring_banks[3].ring_bank1/gen_sram_32x16.u_ring_sram/dout0[2]' has no loads. (LINT-2)
Warning: In design 'tcn_block', net 'gen_hidden_resi_blocks[0].hidden_layer/gen_ring_banks[3].ring_bank1/sram_dout0[3]' driven by pin 'gen_hidden_resi_blocks[0].hidden_layer/gen_ring_banks[3].ring_bank1/gen_sram_32x16.u_ring_sram/dout0[3]' has no loads. (LINT-2)
Warning: In design 'tcn_block', net 'gen_hidden_resi_blocks[0].hidden_layer/gen_ring_banks[3].ring_bank1/sram_dout0[4]' driven by pin 'gen_hidden_resi_blocks[0].hidden_layer/gen_ring_banks[3].ring_bank1/gen_sram_32x16.u_ring_sram/dout0[4]' has no loads. (LINT-2)
Warning: In design 'tcn_block', net 'gen_hidden_resi_blocks[0].hidden_layer/gen_ring_banks[3].ring_bank1/sram_dout0[5]' driven by pin 'gen_hidden_resi_blocks[0].hidden_layer/gen_ring_banks[3].ring_bank1/gen_sram_32x16.u_ring_sram/dout0[5]' has no loads. (LINT-2)
Warning: In design 'tcn_block', net 'gen_hidden_resi_blocks[0].hidden_layer/gen_ring_banks[3].ring_bank1/sram_dout0[6]' driven by pin 'gen_hidden_resi_blocks[0].hidden_layer/gen_ring_banks[3].ring_bank1/gen_sram_32x16.u_ring_sram/dout0[6]' has no loads. (LINT-2)
Warning: In design 'tcn_block', net 'gen_hidden_resi_blocks[0].hidden_layer/gen_ring_banks[3].ring_bank1/sram_dout0[7]' driven by pin 'gen_hidden_resi_blocks[0].hidden_layer/gen_ring_banks[3].ring_bank1/gen_sram_32x16.u_ring_sram/dout0[7]' has no loads. (LINT-2)
Warning: In design 'tcn_block', net 'gen_hidden_resi_blocks[0].hidden_layer/gen_ring_banks[3].ring_bank1/sram_dout0[8]' driven by pin 'gen_hidden_resi_blocks[0].hidden_layer/gen_ring_banks[3].ring_bank1/gen_sram_32x16.u_ring_sram/dout0[8]' has no loads. (LINT-2)
Warning: In design 'tcn_block', net 'gen_hidden_resi_blocks[0].hidden_layer/gen_ring_banks[3].ring_bank1/sram_dout0[9]' driven by pin 'gen_hidden_resi_blocks[0].hidden_layer/gen_ring_banks[3].ring_bank1/gen_sram_32x16.u_ring_sram/dout0[9]' has no loads. (LINT-2)
Warning: In design 'tcn_block', net 'gen_hidden_resi_blocks[0].hidden_layer/gen_ring_banks[3].ring_bank1/sram_dout0[10]' driven by pin 'gen_hidden_resi_blocks[0].hidden_layer/gen_ring_banks[3].ring_bank1/gen_sram_32x16.u_ring_sram/dout0[10]' has no loads. (LINT-2)
Warning: In design 'tcn_block', net 'gen_hidden_resi_blocks[0].hidden_layer/gen_ring_banks[3].ring_bank1/sram_dout0[11]' driven by pin 'gen_hidden_resi_blocks[0].hidden_layer/gen_ring_banks[3].ring_bank1/gen_sram_32x16.u_ring_sram/dout0[11]' has no loads. (LINT-2)
Warning: In design 'tcn_block', net 'gen_hidden_resi_blocks[0].hidden_layer/gen_ring_banks[3].ring_bank1/sram_dout0[12]' driven by pin 'gen_hidden_resi_blocks[0].hidden_layer/gen_ring_banks[3].ring_bank1/gen_sram_32x16.u_ring_sram/dout0[12]' has no loads. (LINT-2)
Warning: In design 'tcn_block', net 'gen_hidden_resi_blocks[0].hidden_layer/gen_ring_banks[3].ring_bank1/sram_dout0[13]' driven by pin 'gen_hidden_resi_blocks[0].hidden_layer/gen_ring_banks[3].ring_bank1/gen_sram_32x16.u_ring_sram/dout0[13]' has no loads. (LINT-2)
Warning: In design 'tcn_block', net 'gen_hidden_resi_blocks[0].hidden_layer/gen_ring_banks[3].ring_bank1/sram_dout0[14]' driven by pin 'gen_hidden_resi_blocks[0].hidden_layer/gen_ring_banks[3].ring_bank1/gen_sram_32x16.u_ring_sram/dout0[14]' has no loads. (LINT-2)
Warning: In design 'tcn_block', net 'gen_hidden_resi_blocks[0].hidden_layer/gen_ring_banks[3].ring_bank1/sram_dout0[15]' driven by pin 'gen_hidden_resi_blocks[0].hidden_layer/gen_ring_banks[3].ring_bank1/gen_sram_32x16.u_ring_sram/dout0[15]' has no loads. (LINT-2)
Warning: In design 'tcn_block', net 'gen_hidden_resi_blocks[0].hidden_layer/gen_ring_banks[3].ring_bank1/sram_dout0[16]' driven by pin 'gen_hidden_resi_blocks[0].hidden_layer/gen_ring_banks[3].ring_bank1/gen_sram_32x16.u_ring_sram/dout0[16]' has no loads. (LINT-2)
Warning: In design 'tcn_block', net 'gen_hidden_resi_blocks[0].hidden_layer/gen_ring_banks[3].ring_bank1/sram_dout0[17]' driven by pin 'gen_hidden_resi_blocks[0].hidden_layer/gen_ring_banks[3].ring_bank1/gen_sram_32x16.u_ring_sram/dout0[17]' has no loads. (LINT-2)
Warning: In design 'tcn_block', net 'gen_hidden_resi_blocks[0].hidden_layer/gen_ring_banks[3].ring_bank1/sram_dout0[18]' driven by pin 'gen_hidden_resi_blocks[0].hidden_layer/gen_ring_banks[3].ring_bank1/gen_sram_32x16.u_ring_sram/dout0[18]' has no loads. (LINT-2)
Warning: In design 'tcn_block', net 'gen_hidden_resi_blocks[0].hidden_layer/gen_ring_banks[3].ring_bank1/sram_dout0[19]' driven by pin 'gen_hidden_resi_blocks[0].hidden_layer/gen_ring_banks[3].ring_bank1/gen_sram_32x16.u_ring_sram/dout0[19]' has no loads. (LINT-2)
Warning: In design 'tcn_block', net 'gen_hidden_resi_blocks[0].hidden_layer/gen_ring_banks[3].ring_bank1/sram_dout0[20]' driven by pin 'gen_hidden_resi_blocks[0].hidden_layer/gen_ring_banks[3].ring_bank1/gen_sram_32x16.u_ring_sram/dout0[20]' has no loads. (LINT-2)
Warning: In design 'tcn_block', net 'gen_hidden_resi_blocks[0].hidden_layer/gen_ring_banks[3].ring_bank1/sram_dout0[21]' driven by pin 'gen_hidden_resi_blocks[0].hidden_layer/gen_ring_banks[3].ring_bank1/gen_sram_32x16.u_ring_sram/dout0[21]' has no loads. (LINT-2)
Warning: In design 'tcn_block', net 'gen_hidden_resi_blocks[0].hidden_layer/gen_ring_banks[3].ring_bank1/sram_dout0[22]' driven by pin 'gen_hidden_resi_blocks[0].hidden_layer/gen_ring_banks[3].ring_bank1/gen_sram_32x16.u_ring_sram/dout0[22]' has no loads. (LINT-2)
Warning: In design 'tcn_block', net 'gen_hidden_resi_blocks[0].hidden_layer/gen_ring_banks[3].ring_bank1/sram_dout0[23]' driven by pin 'gen_hidden_resi_blocks[0].hidden_layer/gen_ring_banks[3].ring_bank1/gen_sram_32x16.u_ring_sram/dout0[23]' has no loads. (LINT-2)
Warning: In design 'tcn_block', net 'gen_hidden_resi_blocks[0].hidden_layer/gen_ring_banks[3].ring_bank1/sram_dout0[24]' driven by pin 'gen_hidden_resi_blocks[0].hidden_layer/gen_ring_banks[3].ring_bank1/gen_sram_32x16.u_ring_sram/dout0[24]' has no loads. (LINT-2)
Warning: In design 'tcn_block', net 'gen_hidden_resi_blocks[0].hidden_layer/gen_ring_banks[3].ring_bank1/sram_dout0[25]' driven by pin 'gen_hidden_resi_blocks[0].hidden_layer/gen_ring_banks[3].ring_bank1/gen_sram_32x16.u_ring_sram/dout0[25]' has no loads. (LINT-2)
Warning: In design 'tcn_block', net 'gen_hidden_resi_blocks[0].hidden_layer/gen_ring_banks[3].ring_bank1/sram_dout0[26]' driven by pin 'gen_hidden_resi_blocks[0].hidden_layer/gen_ring_banks[3].ring_bank1/gen_sram_32x16.u_ring_sram/dout0[26]' has no loads. (LINT-2)
Warning: In design 'tcn_block', net 'gen_hidden_resi_blocks[0].hidden_layer/gen_ring_banks[3].ring_bank1/sram_dout0[27]' driven by pin 'gen_hidden_resi_blocks[0].hidden_layer/gen_ring_banks[3].ring_bank1/gen_sram_32x16.u_ring_sram/dout0[27]' has no loads. (LINT-2)
Warning: In design 'tcn_block', net 'gen_hidden_resi_blocks[0].hidden_layer/gen_ring_banks[3].ring_bank1/sram_dout0[28]' driven by pin 'gen_hidden_resi_blocks[0].hidden_layer/gen_ring_banks[3].ring_bank1/gen_sram_32x16.u_ring_sram/dout0[28]' has no loads. (LINT-2)
Warning: In design 'tcn_block', net 'gen_hidden_resi_blocks[0].hidden_layer/gen_ring_banks[3].ring_bank1/sram_dout0[29]' driven by pin 'gen_hidden_resi_blocks[0].hidden_layer/gen_ring_banks[3].ring_bank1/gen_sram_32x16.u_ring_sram/dout0[29]' has no loads. (LINT-2)
Warning: In design 'tcn_block', net 'gen_hidden_resi_blocks[0].hidden_layer/gen_ring_banks[3].ring_bank1/sram_dout0[30]' driven by pin 'gen_hidden_resi_blocks[0].hidden_layer/gen_ring_banks[3].ring_bank1/gen_sram_32x16.u_ring_sram/dout0[30]' has no loads. (LINT-2)
Warning: In design 'tcn_block', net 'gen_hidden_resi_blocks[0].hidden_layer/gen_ring_banks[3].ring_bank1/sram_dout0[31]' driven by pin 'gen_hidden_resi_blocks[0].hidden_layer/gen_ring_banks[3].ring_bank1/gen_sram_32x16.u_ring_sram/dout0[31]' has no loads. (LINT-2)
Warning: In design 'tcn_block', net 'gen_hidden_resi_blocks[0].hidden_layer/gen_ring_banks[3].ring_bank2/sram_dout0[0]' driven by pin 'gen_hidden_resi_blocks[0].hidden_layer/gen_ring_banks[3].ring_bank2/gen_sram_32x16.u_ring_sram/dout0[0]' has no loads. (LINT-2)
Warning: In design 'tcn_block', net 'gen_hidden_resi_blocks[0].hidden_layer/gen_ring_banks[3].ring_bank2/sram_dout0[1]' driven by pin 'gen_hidden_resi_blocks[0].hidden_layer/gen_ring_banks[3].ring_bank2/gen_sram_32x16.u_ring_sram/dout0[1]' has no loads. (LINT-2)
Warning: In design 'tcn_block', net 'gen_hidden_resi_blocks[0].hidden_layer/gen_ring_banks[3].ring_bank2/sram_dout0[2]' driven by pin 'gen_hidden_resi_blocks[0].hidden_layer/gen_ring_banks[3].ring_bank2/gen_sram_32x16.u_ring_sram/dout0[2]' has no loads. (LINT-2)
Warning: In design 'tcn_block', net 'gen_hidden_resi_blocks[0].hidden_layer/gen_ring_banks[3].ring_bank2/sram_dout0[3]' driven by pin 'gen_hidden_resi_blocks[0].hidden_layer/gen_ring_banks[3].ring_bank2/gen_sram_32x16.u_ring_sram/dout0[3]' has no loads. (LINT-2)
Warning: In design 'tcn_block', net 'gen_hidden_resi_blocks[0].hidden_layer/gen_ring_banks[3].ring_bank2/sram_dout0[4]' driven by pin 'gen_hidden_resi_blocks[0].hidden_layer/gen_ring_banks[3].ring_bank2/gen_sram_32x16.u_ring_sram/dout0[4]' has no loads. (LINT-2)
Warning: In design 'tcn_block', net 'gen_hidden_resi_blocks[0].hidden_layer/gen_ring_banks[3].ring_bank2/sram_dout0[5]' driven by pin 'gen_hidden_resi_blocks[0].hidden_layer/gen_ring_banks[3].ring_bank2/gen_sram_32x16.u_ring_sram/dout0[5]' has no loads. (LINT-2)
Warning: In design 'tcn_block', net 'gen_hidden_resi_blocks[0].hidden_layer/gen_ring_banks[3].ring_bank2/sram_dout0[6]' driven by pin 'gen_hidden_resi_blocks[0].hidden_layer/gen_ring_banks[3].ring_bank2/gen_sram_32x16.u_ring_sram/dout0[6]' has no loads. (LINT-2)
Warning: In design 'tcn_block', net 'gen_hidden_resi_blocks[0].hidden_layer/gen_ring_banks[3].ring_bank2/sram_dout0[7]' driven by pin 'gen_hidden_resi_blocks[0].hidden_layer/gen_ring_banks[3].ring_bank2/gen_sram_32x16.u_ring_sram/dout0[7]' has no loads. (LINT-2)
Warning: In design 'tcn_block', net 'gen_hidden_resi_blocks[0].hidden_layer/gen_ring_banks[3].ring_bank2/sram_dout0[8]' driven by pin 'gen_hidden_resi_blocks[0].hidden_layer/gen_ring_banks[3].ring_bank2/gen_sram_32x16.u_ring_sram/dout0[8]' has no loads. (LINT-2)
Warning: In design 'tcn_block', net 'gen_hidden_resi_blocks[0].hidden_layer/gen_ring_banks[3].ring_bank2/sram_dout0[9]' driven by pin 'gen_hidden_resi_blocks[0].hidden_layer/gen_ring_banks[3].ring_bank2/gen_sram_32x16.u_ring_sram/dout0[9]' has no loads. (LINT-2)
Warning: In design 'tcn_block', net 'gen_hidden_resi_blocks[0].hidden_layer/gen_ring_banks[3].ring_bank2/sram_dout0[10]' driven by pin 'gen_hidden_resi_blocks[0].hidden_layer/gen_ring_banks[3].ring_bank2/gen_sram_32x16.u_ring_sram/dout0[10]' has no loads. (LINT-2)
Warning: In design 'tcn_block', net 'gen_hidden_resi_blocks[0].hidden_layer/gen_ring_banks[3].ring_bank2/sram_dout0[11]' driven by pin 'gen_hidden_resi_blocks[0].hidden_layer/gen_ring_banks[3].ring_bank2/gen_sram_32x16.u_ring_sram/dout0[11]' has no loads. (LINT-2)
Warning: In design 'tcn_block', net 'gen_hidden_resi_blocks[0].hidden_layer/gen_ring_banks[3].ring_bank2/sram_dout0[12]' driven by pin 'gen_hidden_resi_blocks[0].hidden_layer/gen_ring_banks[3].ring_bank2/gen_sram_32x16.u_ring_sram/dout0[12]' has no loads. (LINT-2)
Warning: In design 'tcn_block', net 'gen_hidden_resi_blocks[0].hidden_layer/gen_ring_banks[3].ring_bank2/sram_dout0[13]' driven by pin 'gen_hidden_resi_blocks[0].hidden_layer/gen_ring_banks[3].ring_bank2/gen_sram_32x16.u_ring_sram/dout0[13]' has no loads. (LINT-2)
Warning: In design 'tcn_block', net 'gen_hidden_resi_blocks[0].hidden_layer/gen_ring_banks[3].ring_bank2/sram_dout0[14]' driven by pin 'gen_hidden_resi_blocks[0].hidden_layer/gen_ring_banks[3].ring_bank2/gen_sram_32x16.u_ring_sram/dout0[14]' has no loads. (LINT-2)
Warning: In design 'tcn_block', net 'gen_hidden_resi_blocks[0].hidden_layer/gen_ring_banks[3].ring_bank2/sram_dout0[15]' driven by pin 'gen_hidden_resi_blocks[0].hidden_layer/gen_ring_banks[3].ring_bank2/gen_sram_32x16.u_ring_sram/dout0[15]' has no loads. (LINT-2)
Warning: In design 'tcn_block', net 'gen_hidden_resi_blocks[0].hidden_layer/gen_ring_banks[3].ring_bank2/sram_dout0[16]' driven by pin 'gen_hidden_resi_blocks[0].hidden_layer/gen_ring_banks[3].ring_bank2/gen_sram_32x16.u_ring_sram/dout0[16]' has no loads. (LINT-2)
Warning: In design 'tcn_block', net 'gen_hidden_resi_blocks[0].hidden_layer/gen_ring_banks[3].ring_bank2/sram_dout0[17]' driven by pin 'gen_hidden_resi_blocks[0].hidden_layer/gen_ring_banks[3].ring_bank2/gen_sram_32x16.u_ring_sram/dout0[17]' has no loads. (LINT-2)
Warning: In design 'tcn_block', net 'gen_hidden_resi_blocks[0].hidden_layer/gen_ring_banks[3].ring_bank2/sram_dout0[18]' driven by pin 'gen_hidden_resi_blocks[0].hidden_layer/gen_ring_banks[3].ring_bank2/gen_sram_32x16.u_ring_sram/dout0[18]' has no loads. (LINT-2)
Warning: In design 'tcn_block', net 'gen_hidden_resi_blocks[0].hidden_layer/gen_ring_banks[3].ring_bank2/sram_dout0[19]' driven by pin 'gen_hidden_resi_blocks[0].hidden_layer/gen_ring_banks[3].ring_bank2/gen_sram_32x16.u_ring_sram/dout0[19]' has no loads. (LINT-2)
Warning: In design 'tcn_block', net 'gen_hidden_resi_blocks[0].hidden_layer/gen_ring_banks[3].ring_bank2/sram_dout0[20]' driven by pin 'gen_hidden_resi_blocks[0].hidden_layer/gen_ring_banks[3].ring_bank2/gen_sram_32x16.u_ring_sram/dout0[20]' has no loads. (LINT-2)
Warning: In design 'tcn_block', net 'gen_hidden_resi_blocks[0].hidden_layer/gen_ring_banks[3].ring_bank2/sram_dout0[21]' driven by pin 'gen_hidden_resi_blocks[0].hidden_layer/gen_ring_banks[3].ring_bank2/gen_sram_32x16.u_ring_sram/dout0[21]' has no loads. (LINT-2)
Warning: In design 'tcn_block', net 'gen_hidden_resi_blocks[0].hidden_layer/gen_ring_banks[3].ring_bank2/sram_dout0[22]' driven by pin 'gen_hidden_resi_blocks[0].hidden_layer/gen_ring_banks[3].ring_bank2/gen_sram_32x16.u_ring_sram/dout0[22]' has no loads. (LINT-2)
Warning: In design 'tcn_block', net 'gen_hidden_resi_blocks[0].hidden_layer/gen_ring_banks[3].ring_bank2/sram_dout0[23]' driven by pin 'gen_hidden_resi_blocks[0].hidden_layer/gen_ring_banks[3].ring_bank2/gen_sram_32x16.u_ring_sram/dout0[23]' has no loads. (LINT-2)
Warning: In design 'tcn_block', net 'gen_hidden_resi_blocks[0].hidden_layer/gen_ring_banks[3].ring_bank2/sram_dout0[24]' driven by pin 'gen_hidden_resi_blocks[0].hidden_layer/gen_ring_banks[3].ring_bank2/gen_sram_32x16.u_ring_sram/dout0[24]' has no loads. (LINT-2)
Warning: In design 'tcn_block', net 'gen_hidden_resi_blocks[0].hidden_layer/gen_ring_banks[3].ring_bank2/sram_dout0[25]' driven by pin 'gen_hidden_resi_blocks[0].hidden_layer/gen_ring_banks[3].ring_bank2/gen_sram_32x16.u_ring_sram/dout0[25]' has no loads. (LINT-2)
Warning: In design 'tcn_block', net 'gen_hidden_resi_blocks[0].hidden_layer/gen_ring_banks[3].ring_bank2/sram_dout0[26]' driven by pin 'gen_hidden_resi_blocks[0].hidden_layer/gen_ring_banks[3].ring_bank2/gen_sram_32x16.u_ring_sram/dout0[26]' has no loads. (LINT-2)
Warning: In design 'tcn_block', net 'gen_hidden_resi_blocks[0].hidden_layer/gen_ring_banks[3].ring_bank2/sram_dout0[27]' driven by pin 'gen_hidden_resi_blocks[0].hidden_layer/gen_ring_banks[3].ring_bank2/gen_sram_32x16.u_ring_sram/dout0[27]' has no loads. (LINT-2)
Warning: In design 'tcn_block', net 'gen_hidden_resi_blocks[0].hidden_layer/gen_ring_banks[3].ring_bank2/sram_dout0[28]' driven by pin 'gen_hidden_resi_blocks[0].hidden_layer/gen_ring_banks[3].ring_bank2/gen_sram_32x16.u_ring_sram/dout0[28]' has no loads. (LINT-2)
Warning: In design 'tcn_block', net 'gen_hidden_resi_blocks[0].hidden_layer/gen_ring_banks[3].ring_bank2/sram_dout0[29]' driven by pin 'gen_hidden_resi_blocks[0].hidden_layer/gen_ring_banks[3].ring_bank2/gen_sram_32x16.u_ring_sram/dout0[29]' has no loads. (LINT-2)
Warning: In design 'tcn_block', net 'gen_hidden_resi_blocks[0].hidden_layer/gen_ring_banks[3].ring_bank2/sram_dout0[30]' driven by pin 'gen_hidden_resi_blocks[0].hidden_layer/gen_ring_banks[3].ring_bank2/gen_sram_32x16.u_ring_sram/dout0[30]' has no loads. (LINT-2)
Warning: In design 'tcn_block', net 'gen_hidden_resi_blocks[0].hidden_layer/gen_ring_banks[3].ring_bank2/sram_dout0[31]' driven by pin 'gen_hidden_resi_blocks[0].hidden_layer/gen_ring_banks[3].ring_bank2/gen_sram_32x16.u_ring_sram/dout0[31]' has no loads. (LINT-2)
Warning: In design 'tcn_block', net 'gen_hidden_resi_blocks[1].hidden_layer/gen_ring_banks[0].ring_bank2/sram_dout0[0]' driven by pin 'gen_hidden_resi_blocks[1].hidden_layer/gen_ring_banks[0].ring_bank2/gen_sram_32x16.u_ring_sram/dout0[0]' has no loads. (LINT-2)
Warning: In design 'tcn_block', net 'gen_hidden_resi_blocks[1].hidden_layer/gen_ring_banks[0].ring_bank2/sram_dout0[1]' driven by pin 'gen_hidden_resi_blocks[1].hidden_layer/gen_ring_banks[0].ring_bank2/gen_sram_32x16.u_ring_sram/dout0[1]' has no loads. (LINT-2)
Warning: In design 'tcn_block', net 'gen_hidden_resi_blocks[1].hidden_layer/gen_ring_banks[0].ring_bank2/sram_dout0[2]' driven by pin 'gen_hidden_resi_blocks[1].hidden_layer/gen_ring_banks[0].ring_bank2/gen_sram_32x16.u_ring_sram/dout0[2]' has no loads. (LINT-2)
Warning: In design 'tcn_block', net 'gen_hidden_resi_blocks[1].hidden_layer/gen_ring_banks[0].ring_bank2/sram_dout0[3]' driven by pin 'gen_hidden_resi_blocks[1].hidden_layer/gen_ring_banks[0].ring_bank2/gen_sram_32x16.u_ring_sram/dout0[3]' has no loads. (LINT-2)
Warning: In design 'tcn_block', net 'gen_hidden_resi_blocks[1].hidden_layer/gen_ring_banks[0].ring_bank2/sram_dout0[4]' driven by pin 'gen_hidden_resi_blocks[1].hidden_layer/gen_ring_banks[0].ring_bank2/gen_sram_32x16.u_ring_sram/dout0[4]' has no loads. (LINT-2)
Warning: In design 'tcn_block', net 'gen_hidden_resi_blocks[1].hidden_layer/gen_ring_banks[0].ring_bank2/sram_dout0[5]' driven by pin 'gen_hidden_resi_blocks[1].hidden_layer/gen_ring_banks[0].ring_bank2/gen_sram_32x16.u_ring_sram/dout0[5]' has no loads. (LINT-2)
Warning: In design 'tcn_block', net 'gen_hidden_resi_blocks[1].hidden_layer/gen_ring_banks[0].ring_bank2/sram_dout0[6]' driven by pin 'gen_hidden_resi_blocks[1].hidden_layer/gen_ring_banks[0].ring_bank2/gen_sram_32x16.u_ring_sram/dout0[6]' has no loads. (LINT-2)
Warning: In design 'tcn_block', net 'gen_hidden_resi_blocks[1].hidden_layer/gen_ring_banks[0].ring_bank2/sram_dout0[7]' driven by pin 'gen_hidden_resi_blocks[1].hidden_layer/gen_ring_banks[0].ring_bank2/gen_sram_32x16.u_ring_sram/dout0[7]' has no loads. (LINT-2)
Warning: In design 'tcn_block', net 'gen_hidden_resi_blocks[1].hidden_layer/gen_ring_banks[0].ring_bank2/sram_dout0[8]' driven by pin 'gen_hidden_resi_blocks[1].hidden_layer/gen_ring_banks[0].ring_bank2/gen_sram_32x16.u_ring_sram/dout0[8]' has no loads. (LINT-2)
Warning: In design 'tcn_block', net 'gen_hidden_resi_blocks[1].hidden_layer/gen_ring_banks[0].ring_bank2/sram_dout0[9]' driven by pin 'gen_hidden_resi_blocks[1].hidden_layer/gen_ring_banks[0].ring_bank2/gen_sram_32x16.u_ring_sram/dout0[9]' has no loads. (LINT-2)
Warning: In design 'tcn_block', net 'gen_hidden_resi_blocks[1].hidden_layer/gen_ring_banks[0].ring_bank2/sram_dout0[10]' driven by pin 'gen_hidden_resi_blocks[1].hidden_layer/gen_ring_banks[0].ring_bank2/gen_sram_32x16.u_ring_sram/dout0[10]' has no loads. (LINT-2)
Warning: In design 'tcn_block', net 'gen_hidden_resi_blocks[1].hidden_layer/gen_ring_banks[0].ring_bank2/sram_dout0[11]' driven by pin 'gen_hidden_resi_blocks[1].hidden_layer/gen_ring_banks[0].ring_bank2/gen_sram_32x16.u_ring_sram/dout0[11]' has no loads. (LINT-2)
Warning: In design 'tcn_block', net 'gen_hidden_resi_blocks[1].hidden_layer/gen_ring_banks[0].ring_bank2/sram_dout0[12]' driven by pin 'gen_hidden_resi_blocks[1].hidden_layer/gen_ring_banks[0].ring_bank2/gen_sram_32x16.u_ring_sram/dout0[12]' has no loads. (LINT-2)
Warning: In design 'tcn_block', net 'gen_hidden_resi_blocks[1].hidden_layer/gen_ring_banks[0].ring_bank2/sram_dout0[13]' driven by pin 'gen_hidden_resi_blocks[1].hidden_layer/gen_ring_banks[0].ring_bank2/gen_sram_32x16.u_ring_sram/dout0[13]' has no loads. (LINT-2)
Warning: In design 'tcn_block', net 'gen_hidden_resi_blocks[1].hidden_layer/gen_ring_banks[0].ring_bank2/sram_dout0[14]' driven by pin 'gen_hidden_resi_blocks[1].hidden_layer/gen_ring_banks[0].ring_bank2/gen_sram_32x16.u_ring_sram/dout0[14]' has no loads. (LINT-2)
Warning: In design 'tcn_block', net 'gen_hidden_resi_blocks[1].hidden_layer/gen_ring_banks[0].ring_bank2/sram_dout0[15]' driven by pin 'gen_hidden_resi_blocks[1].hidden_layer/gen_ring_banks[0].ring_bank2/gen_sram_32x16.u_ring_sram/dout0[15]' has no loads. (LINT-2)
Warning: In design 'tcn_block', net 'gen_hidden_resi_blocks[1].hidden_layer/gen_ring_banks[0].ring_bank2/sram_dout0[16]' driven by pin 'gen_hidden_resi_blocks[1].hidden_layer/gen_ring_banks[0].ring_bank2/gen_sram_32x16.u_ring_sram/dout0[16]' has no loads. (LINT-2)
Warning: In design 'tcn_block', net 'gen_hidden_resi_blocks[1].hidden_layer/gen_ring_banks[0].ring_bank2/sram_dout0[17]' driven by pin 'gen_hidden_resi_blocks[1].hidden_layer/gen_ring_banks[0].ring_bank2/gen_sram_32x16.u_ring_sram/dout0[17]' has no loads. (LINT-2)
Warning: In design 'tcn_block', net 'gen_hidden_resi_blocks[1].hidden_layer/gen_ring_banks[0].ring_bank2/sram_dout0[18]' driven by pin 'gen_hidden_resi_blocks[1].hidden_layer/gen_ring_banks[0].ring_bank2/gen_sram_32x16.u_ring_sram/dout0[18]' has no loads. (LINT-2)
Warning: In design 'tcn_block', net 'gen_hidden_resi_blocks[1].hidden_layer/gen_ring_banks[0].ring_bank2/sram_dout0[19]' driven by pin 'gen_hidden_resi_blocks[1].hidden_layer/gen_ring_banks[0].ring_bank2/gen_sram_32x16.u_ring_sram/dout0[19]' has no loads. (LINT-2)
Warning: In design 'tcn_block', net 'gen_hidden_resi_blocks[1].hidden_layer/gen_ring_banks[0].ring_bank2/sram_dout0[20]' driven by pin 'gen_hidden_resi_blocks[1].hidden_layer/gen_ring_banks[0].ring_bank2/gen_sram_32x16.u_ring_sram/dout0[20]' has no loads. (LINT-2)
Warning: In design 'tcn_block', net 'gen_hidden_resi_blocks[1].hidden_layer/gen_ring_banks[0].ring_bank2/sram_dout0[21]' driven by pin 'gen_hidden_resi_blocks[1].hidden_layer/gen_ring_banks[0].ring_bank2/gen_sram_32x16.u_ring_sram/dout0[21]' has no loads. (LINT-2)
Warning: In design 'tcn_block', net 'gen_hidden_resi_blocks[1].hidden_layer/gen_ring_banks[0].ring_bank2/sram_dout0[22]' driven by pin 'gen_hidden_resi_blocks[1].hidden_layer/gen_ring_banks[0].ring_bank2/gen_sram_32x16.u_ring_sram/dout0[22]' has no loads. (LINT-2)
Warning: In design 'tcn_block', net 'gen_hidden_resi_blocks[1].hidden_layer/gen_ring_banks[0].ring_bank2/sram_dout0[23]' driven by pin 'gen_hidden_resi_blocks[1].hidden_layer/gen_ring_banks[0].ring_bank2/gen_sram_32x16.u_ring_sram/dout0[23]' has no loads. (LINT-2)
Warning: In design 'tcn_block', net 'gen_hidden_resi_blocks[1].hidden_layer/gen_ring_banks[0].ring_bank2/sram_dout0[24]' driven by pin 'gen_hidden_resi_blocks[1].hidden_layer/gen_ring_banks[0].ring_bank2/gen_sram_32x16.u_ring_sram/dout0[24]' has no loads. (LINT-2)
Warning: In design 'tcn_block', net 'gen_hidden_resi_blocks[1].hidden_layer/gen_ring_banks[0].ring_bank2/sram_dout0[25]' driven by pin 'gen_hidden_resi_blocks[1].hidden_layer/gen_ring_banks[0].ring_bank2/gen_sram_32x16.u_ring_sram/dout0[25]' has no loads. (LINT-2)
Warning: In design 'tcn_block', net 'gen_hidden_resi_blocks[1].hidden_layer/gen_ring_banks[0].ring_bank2/sram_dout0[26]' driven by pin 'gen_hidden_resi_blocks[1].hidden_layer/gen_ring_banks[0].ring_bank2/gen_sram_32x16.u_ring_sram/dout0[26]' has no loads. (LINT-2)
Warning: In design 'tcn_block', net 'gen_hidden_resi_blocks[1].hidden_layer/gen_ring_banks[0].ring_bank2/sram_dout0[27]' driven by pin 'gen_hidden_resi_blocks[1].hidden_layer/gen_ring_banks[0].ring_bank2/gen_sram_32x16.u_ring_sram/dout0[27]' has no loads. (LINT-2)
Warning: In design 'tcn_block', net 'gen_hidden_resi_blocks[1].hidden_layer/gen_ring_banks[0].ring_bank2/sram_dout0[28]' driven by pin 'gen_hidden_resi_blocks[1].hidden_layer/gen_ring_banks[0].ring_bank2/gen_sram_32x16.u_ring_sram/dout0[28]' has no loads. (LINT-2)
Warning: In design 'tcn_block', net 'gen_hidden_resi_blocks[1].hidden_layer/gen_ring_banks[0].ring_bank2/sram_dout0[29]' driven by pin 'gen_hidden_resi_blocks[1].hidden_layer/gen_ring_banks[0].ring_bank2/gen_sram_32x16.u_ring_sram/dout0[29]' has no loads. (LINT-2)
Warning: In design 'tcn_block', net 'gen_hidden_resi_blocks[1].hidden_layer/gen_ring_banks[0].ring_bank2/sram_dout0[30]' driven by pin 'gen_hidden_resi_blocks[1].hidden_layer/gen_ring_banks[0].ring_bank2/gen_sram_32x16.u_ring_sram/dout0[30]' has no loads. (LINT-2)
Warning: In design 'tcn_block', net 'gen_hidden_resi_blocks[1].hidden_layer/gen_ring_banks[0].ring_bank2/sram_dout0[31]' driven by pin 'gen_hidden_resi_blocks[1].hidden_layer/gen_ring_banks[0].ring_bank2/gen_sram_32x16.u_ring_sram/dout0[31]' has no loads. (LINT-2)
Warning: In design 'tcn_block', net 'gen_hidden_resi_blocks[1].hidden_layer/gen_ring_banks[1].ring_bank1/sram_dout0[0]' driven by pin 'gen_hidden_resi_blocks[1].hidden_layer/gen_ring_banks[1].ring_bank1/gen_sram_32x16.u_ring_sram/dout0[0]' has no loads. (LINT-2)
Warning: In design 'tcn_block', net 'gen_hidden_resi_blocks[1].hidden_layer/gen_ring_banks[1].ring_bank1/sram_dout0[1]' driven by pin 'gen_hidden_resi_blocks[1].hidden_layer/gen_ring_banks[1].ring_bank1/gen_sram_32x16.u_ring_sram/dout0[1]' has no loads. (LINT-2)
Warning: In design 'tcn_block', net 'gen_hidden_resi_blocks[1].hidden_layer/gen_ring_banks[1].ring_bank1/sram_dout0[2]' driven by pin 'gen_hidden_resi_blocks[1].hidden_layer/gen_ring_banks[1].ring_bank1/gen_sram_32x16.u_ring_sram/dout0[2]' has no loads. (LINT-2)
Warning: In design 'tcn_block', net 'gen_hidden_resi_blocks[1].hidden_layer/gen_ring_banks[1].ring_bank1/sram_dout0[3]' driven by pin 'gen_hidden_resi_blocks[1].hidden_layer/gen_ring_banks[1].ring_bank1/gen_sram_32x16.u_ring_sram/dout0[3]' has no loads. (LINT-2)
Warning: In design 'tcn_block', net 'gen_hidden_resi_blocks[1].hidden_layer/gen_ring_banks[1].ring_bank1/sram_dout0[4]' driven by pin 'gen_hidden_resi_blocks[1].hidden_layer/gen_ring_banks[1].ring_bank1/gen_sram_32x16.u_ring_sram/dout0[4]' has no loads. (LINT-2)
Warning: In design 'tcn_block', net 'gen_hidden_resi_blocks[1].hidden_layer/gen_ring_banks[1].ring_bank1/sram_dout0[5]' driven by pin 'gen_hidden_resi_blocks[1].hidden_layer/gen_ring_banks[1].ring_bank1/gen_sram_32x16.u_ring_sram/dout0[5]' has no loads. (LINT-2)
Warning: In design 'tcn_block', net 'gen_hidden_resi_blocks[1].hidden_layer/gen_ring_banks[1].ring_bank1/sram_dout0[6]' driven by pin 'gen_hidden_resi_blocks[1].hidden_layer/gen_ring_banks[1].ring_bank1/gen_sram_32x16.u_ring_sram/dout0[6]' has no loads. (LINT-2)
Warning: In design 'tcn_block', net 'gen_hidden_resi_blocks[1].hidden_layer/gen_ring_banks[1].ring_bank1/sram_dout0[7]' driven by pin 'gen_hidden_resi_blocks[1].hidden_layer/gen_ring_banks[1].ring_bank1/gen_sram_32x16.u_ring_sram/dout0[7]' has no loads. (LINT-2)
Warning: In design 'tcn_block', net 'gen_hidden_resi_blocks[1].hidden_layer/gen_ring_banks[1].ring_bank1/sram_dout0[8]' driven by pin 'gen_hidden_resi_blocks[1].hidden_layer/gen_ring_banks[1].ring_bank1/gen_sram_32x16.u_ring_sram/dout0[8]' has no loads. (LINT-2)
Warning: In design 'tcn_block', net 'gen_hidden_resi_blocks[1].hidden_layer/gen_ring_banks[1].ring_bank1/sram_dout0[9]' driven by pin 'gen_hidden_resi_blocks[1].hidden_layer/gen_ring_banks[1].ring_bank1/gen_sram_32x16.u_ring_sram/dout0[9]' has no loads. (LINT-2)
Warning: In design 'tcn_block', net 'gen_hidden_resi_blocks[1].hidden_layer/gen_ring_banks[1].ring_bank1/sram_dout0[10]' driven by pin 'gen_hidden_resi_blocks[1].hidden_layer/gen_ring_banks[1].ring_bank1/gen_sram_32x16.u_ring_sram/dout0[10]' has no loads. (LINT-2)
Warning: In design 'tcn_block', net 'gen_hidden_resi_blocks[1].hidden_layer/gen_ring_banks[1].ring_bank1/sram_dout0[11]' driven by pin 'gen_hidden_resi_blocks[1].hidden_layer/gen_ring_banks[1].ring_bank1/gen_sram_32x16.u_ring_sram/dout0[11]' has no loads. (LINT-2)
Warning: In design 'tcn_block', net 'gen_hidden_resi_blocks[1].hidden_layer/gen_ring_banks[1].ring_bank1/sram_dout0[12]' driven by pin 'gen_hidden_resi_blocks[1].hidden_layer/gen_ring_banks[1].ring_bank1/gen_sram_32x16.u_ring_sram/dout0[12]' has no loads. (LINT-2)
Warning: In design 'tcn_block', net 'gen_hidden_resi_blocks[1].hidden_layer/gen_ring_banks[1].ring_bank1/sram_dout0[13]' driven by pin 'gen_hidden_resi_blocks[1].hidden_layer/gen_ring_banks[1].ring_bank1/gen_sram_32x16.u_ring_sram/dout0[13]' has no loads. (LINT-2)
Warning: In design 'tcn_block', net 'gen_hidden_resi_blocks[1].hidden_layer/gen_ring_banks[1].ring_bank1/sram_dout0[14]' driven by pin 'gen_hidden_resi_blocks[1].hidden_layer/gen_ring_banks[1].ring_bank1/gen_sram_32x16.u_ring_sram/dout0[14]' has no loads. (LINT-2)
Warning: In design 'tcn_block', net 'gen_hidden_resi_blocks[1].hidden_layer/gen_ring_banks[1].ring_bank1/sram_dout0[15]' driven by pin 'gen_hidden_resi_blocks[1].hidden_layer/gen_ring_banks[1].ring_bank1/gen_sram_32x16.u_ring_sram/dout0[15]' has no loads. (LINT-2)
Warning: In design 'tcn_block', net 'gen_hidden_resi_blocks[1].hidden_layer/gen_ring_banks[1].ring_bank1/sram_dout0[16]' driven by pin 'gen_hidden_resi_blocks[1].hidden_layer/gen_ring_banks[1].ring_bank1/gen_sram_32x16.u_ring_sram/dout0[16]' has no loads. (LINT-2)
Warning: In design 'tcn_block', net 'gen_hidden_resi_blocks[1].hidden_layer/gen_ring_banks[1].ring_bank1/sram_dout0[17]' driven by pin 'gen_hidden_resi_blocks[1].hidden_layer/gen_ring_banks[1].ring_bank1/gen_sram_32x16.u_ring_sram/dout0[17]' has no loads. (LINT-2)
Warning: In design 'tcn_block', net 'gen_hidden_resi_blocks[1].hidden_layer/gen_ring_banks[1].ring_bank1/sram_dout0[18]' driven by pin 'gen_hidden_resi_blocks[1].hidden_layer/gen_ring_banks[1].ring_bank1/gen_sram_32x16.u_ring_sram/dout0[18]' has no loads. (LINT-2)
Warning: In design 'tcn_block', net 'gen_hidden_resi_blocks[1].hidden_layer/gen_ring_banks[1].ring_bank1/sram_dout0[19]' driven by pin 'gen_hidden_resi_blocks[1].hidden_layer/gen_ring_banks[1].ring_bank1/gen_sram_32x16.u_ring_sram/dout0[19]' has no loads. (LINT-2)
Warning: In design 'tcn_block', net 'gen_hidden_resi_blocks[1].hidden_layer/gen_ring_banks[1].ring_bank1/sram_dout0[20]' driven by pin 'gen_hidden_resi_blocks[1].hidden_layer/gen_ring_banks[1].ring_bank1/gen_sram_32x16.u_ring_sram/dout0[20]' has no loads. (LINT-2)
Warning: In design 'tcn_block', net 'gen_hidden_resi_blocks[1].hidden_layer/gen_ring_banks[1].ring_bank1/sram_dout0[21]' driven by pin 'gen_hidden_resi_blocks[1].hidden_layer/gen_ring_banks[1].ring_bank1/gen_sram_32x16.u_ring_sram/dout0[21]' has no loads. (LINT-2)
Warning: In design 'tcn_block', net 'gen_hidden_resi_blocks[1].hidden_layer/gen_ring_banks[1].ring_bank1/sram_dout0[22]' driven by pin 'gen_hidden_resi_blocks[1].hidden_layer/gen_ring_banks[1].ring_bank1/gen_sram_32x16.u_ring_sram/dout0[22]' has no loads. (LINT-2)
Warning: In design 'tcn_block', net 'gen_hidden_resi_blocks[1].hidden_layer/gen_ring_banks[1].ring_bank1/sram_dout0[23]' driven by pin 'gen_hidden_resi_blocks[1].hidden_layer/gen_ring_banks[1].ring_bank1/gen_sram_32x16.u_ring_sram/dout0[23]' has no loads. (LINT-2)
Warning: In design 'tcn_block', net 'gen_hidden_resi_blocks[1].hidden_layer/gen_ring_banks[1].ring_bank1/sram_dout0[24]' driven by pin 'gen_hidden_resi_blocks[1].hidden_layer/gen_ring_banks[1].ring_bank1/gen_sram_32x16.u_ring_sram/dout0[24]' has no loads. (LINT-2)
Warning: In design 'tcn_block', net 'gen_hidden_resi_blocks[1].hidden_layer/gen_ring_banks[1].ring_bank1/sram_dout0[25]' driven by pin 'gen_hidden_resi_blocks[1].hidden_layer/gen_ring_banks[1].ring_bank1/gen_sram_32x16.u_ring_sram/dout0[25]' has no loads. (LINT-2)
Warning: In design 'tcn_block', net 'gen_hidden_resi_blocks[1].hidden_layer/gen_ring_banks[1].ring_bank1/sram_dout0[26]' driven by pin 'gen_hidden_resi_blocks[1].hidden_layer/gen_ring_banks[1].ring_bank1/gen_sram_32x16.u_ring_sram/dout0[26]' has no loads. (LINT-2)
Warning: In design 'tcn_block', net 'gen_hidden_resi_blocks[1].hidden_layer/gen_ring_banks[1].ring_bank1/sram_dout0[27]' driven by pin 'gen_hidden_resi_blocks[1].hidden_layer/gen_ring_banks[1].ring_bank1/gen_sram_32x16.u_ring_sram/dout0[27]' has no loads. (LINT-2)
Warning: In design 'tcn_block', net 'gen_hidden_resi_blocks[1].hidden_layer/gen_ring_banks[1].ring_bank1/sram_dout0[28]' driven by pin 'gen_hidden_resi_blocks[1].hidden_layer/gen_ring_banks[1].ring_bank1/gen_sram_32x16.u_ring_sram/dout0[28]' has no loads. (LINT-2)
Warning: In design 'tcn_block', net 'gen_hidden_resi_blocks[1].hidden_layer/gen_ring_banks[1].ring_bank1/sram_dout0[29]' driven by pin 'gen_hidden_resi_blocks[1].hidden_layer/gen_ring_banks[1].ring_bank1/gen_sram_32x16.u_ring_sram/dout0[29]' has no loads. (LINT-2)
Warning: In design 'tcn_block', net 'gen_hidden_resi_blocks[1].hidden_layer/gen_ring_banks[1].ring_bank1/sram_dout0[30]' driven by pin 'gen_hidden_resi_blocks[1].hidden_layer/gen_ring_banks[1].ring_bank1/gen_sram_32x16.u_ring_sram/dout0[30]' has no loads. (LINT-2)
Warning: In design 'tcn_block', net 'gen_hidden_resi_blocks[1].hidden_layer/gen_ring_banks[1].ring_bank1/sram_dout0[31]' driven by pin 'gen_hidden_resi_blocks[1].hidden_layer/gen_ring_banks[1].ring_bank1/gen_sram_32x16.u_ring_sram/dout0[31]' has no loads. (LINT-2)
Warning: In design 'tcn_block', net 'gen_hidden_resi_blocks[1].hidden_layer/gen_ring_banks[1].ring_bank2/sram_dout0[0]' driven by pin 'gen_hidden_resi_blocks[1].hidden_layer/gen_ring_banks[1].ring_bank2/gen_sram_32x16.u_ring_sram/dout0[0]' has no loads. (LINT-2)
Warning: In design 'tcn_block', net 'gen_hidden_resi_blocks[1].hidden_layer/gen_ring_banks[1].ring_bank2/sram_dout0[1]' driven by pin 'gen_hidden_resi_blocks[1].hidden_layer/gen_ring_banks[1].ring_bank2/gen_sram_32x16.u_ring_sram/dout0[1]' has no loads. (LINT-2)
Warning: In design 'tcn_block', net 'gen_hidden_resi_blocks[1].hidden_layer/gen_ring_banks[1].ring_bank2/sram_dout0[2]' driven by pin 'gen_hidden_resi_blocks[1].hidden_layer/gen_ring_banks[1].ring_bank2/gen_sram_32x16.u_ring_sram/dout0[2]' has no loads. (LINT-2)
Warning: In design 'tcn_block', net 'gen_hidden_resi_blocks[1].hidden_layer/gen_ring_banks[1].ring_bank2/sram_dout0[3]' driven by pin 'gen_hidden_resi_blocks[1].hidden_layer/gen_ring_banks[1].ring_bank2/gen_sram_32x16.u_ring_sram/dout0[3]' has no loads. (LINT-2)
Warning: In design 'tcn_block', net 'gen_hidden_resi_blocks[1].hidden_layer/gen_ring_banks[1].ring_bank2/sram_dout0[4]' driven by pin 'gen_hidden_resi_blocks[1].hidden_layer/gen_ring_banks[1].ring_bank2/gen_sram_32x16.u_ring_sram/dout0[4]' has no loads. (LINT-2)
Warning: In design 'tcn_block', net 'gen_hidden_resi_blocks[1].hidden_layer/gen_ring_banks[1].ring_bank2/sram_dout0[5]' driven by pin 'gen_hidden_resi_blocks[1].hidden_layer/gen_ring_banks[1].ring_bank2/gen_sram_32x16.u_ring_sram/dout0[5]' has no loads. (LINT-2)
Warning: In design 'tcn_block', net 'gen_hidden_resi_blocks[1].hidden_layer/gen_ring_banks[1].ring_bank2/sram_dout0[6]' driven by pin 'gen_hidden_resi_blocks[1].hidden_layer/gen_ring_banks[1].ring_bank2/gen_sram_32x16.u_ring_sram/dout0[6]' has no loads. (LINT-2)
Warning: In design 'tcn_block', net 'gen_hidden_resi_blocks[1].hidden_layer/gen_ring_banks[1].ring_bank2/sram_dout0[7]' driven by pin 'gen_hidden_resi_blocks[1].hidden_layer/gen_ring_banks[1].ring_bank2/gen_sram_32x16.u_ring_sram/dout0[7]' has no loads. (LINT-2)
Warning: In design 'tcn_block', net 'gen_hidden_resi_blocks[1].hidden_layer/gen_ring_banks[1].ring_bank2/sram_dout0[8]' driven by pin 'gen_hidden_resi_blocks[1].hidden_layer/gen_ring_banks[1].ring_bank2/gen_sram_32x16.u_ring_sram/dout0[8]' has no loads. (LINT-2)
Warning: In design 'tcn_block', net 'gen_hidden_resi_blocks[1].hidden_layer/gen_ring_banks[1].ring_bank2/sram_dout0[9]' driven by pin 'gen_hidden_resi_blocks[1].hidden_layer/gen_ring_banks[1].ring_bank2/gen_sram_32x16.u_ring_sram/dout0[9]' has no loads. (LINT-2)
Warning: In design 'tcn_block', net 'gen_hidden_resi_blocks[1].hidden_layer/gen_ring_banks[1].ring_bank2/sram_dout0[10]' driven by pin 'gen_hidden_resi_blocks[1].hidden_layer/gen_ring_banks[1].ring_bank2/gen_sram_32x16.u_ring_sram/dout0[10]' has no loads. (LINT-2)
Warning: In design 'tcn_block', net 'gen_hidden_resi_blocks[1].hidden_layer/gen_ring_banks[1].ring_bank2/sram_dout0[11]' driven by pin 'gen_hidden_resi_blocks[1].hidden_layer/gen_ring_banks[1].ring_bank2/gen_sram_32x16.u_ring_sram/dout0[11]' has no loads. (LINT-2)
Warning: In design 'tcn_block', net 'gen_hidden_resi_blocks[1].hidden_layer/gen_ring_banks[1].ring_bank2/sram_dout0[12]' driven by pin 'gen_hidden_resi_blocks[1].hidden_layer/gen_ring_banks[1].ring_bank2/gen_sram_32x16.u_ring_sram/dout0[12]' has no loads. (LINT-2)
Warning: In design 'tcn_block', net 'gen_hidden_resi_blocks[1].hidden_layer/gen_ring_banks[1].ring_bank2/sram_dout0[13]' driven by pin 'gen_hidden_resi_blocks[1].hidden_layer/gen_ring_banks[1].ring_bank2/gen_sram_32x16.u_ring_sram/dout0[13]' has no loads. (LINT-2)
Warning: In design 'tcn_block', net 'gen_hidden_resi_blocks[1].hidden_layer/gen_ring_banks[1].ring_bank2/sram_dout0[14]' driven by pin 'gen_hidden_resi_blocks[1].hidden_layer/gen_ring_banks[1].ring_bank2/gen_sram_32x16.u_ring_sram/dout0[14]' has no loads. (LINT-2)
Warning: In design 'tcn_block', net 'gen_hidden_resi_blocks[1].hidden_layer/gen_ring_banks[1].ring_bank2/sram_dout0[15]' driven by pin 'gen_hidden_resi_blocks[1].hidden_layer/gen_ring_banks[1].ring_bank2/gen_sram_32x16.u_ring_sram/dout0[15]' has no loads. (LINT-2)
Warning: In design 'tcn_block', net 'gen_hidden_resi_blocks[1].hidden_layer/gen_ring_banks[1].ring_bank2/sram_dout0[16]' driven by pin 'gen_hidden_resi_blocks[1].hidden_layer/gen_ring_banks[1].ring_bank2/gen_sram_32x16.u_ring_sram/dout0[16]' has no loads. (LINT-2)
Warning: In design 'tcn_block', net 'gen_hidden_resi_blocks[1].hidden_layer/gen_ring_banks[1].ring_bank2/sram_dout0[17]' driven by pin 'gen_hidden_resi_blocks[1].hidden_layer/gen_ring_banks[1].ring_bank2/gen_sram_32x16.u_ring_sram/dout0[17]' has no loads. (LINT-2)
Warning: In design 'tcn_block', net 'gen_hidden_resi_blocks[1].hidden_layer/gen_ring_banks[1].ring_bank2/sram_dout0[18]' driven by pin 'gen_hidden_resi_blocks[1].hidden_layer/gen_ring_banks[1].ring_bank2/gen_sram_32x16.u_ring_sram/dout0[18]' has no loads. (LINT-2)
Warning: In design 'tcn_block', net 'gen_hidden_resi_blocks[1].hidden_layer/gen_ring_banks[1].ring_bank2/sram_dout0[19]' driven by pin 'gen_hidden_resi_blocks[1].hidden_layer/gen_ring_banks[1].ring_bank2/gen_sram_32x16.u_ring_sram/dout0[19]' has no loads. (LINT-2)
Warning: In design 'tcn_block', net 'gen_hidden_resi_blocks[1].hidden_layer/gen_ring_banks[1].ring_bank2/sram_dout0[20]' driven by pin 'gen_hidden_resi_blocks[1].hidden_layer/gen_ring_banks[1].ring_bank2/gen_sram_32x16.u_ring_sram/dout0[20]' has no loads. (LINT-2)
Warning: In design 'tcn_block', net 'gen_hidden_resi_blocks[1].hidden_layer/gen_ring_banks[1].ring_bank2/sram_dout0[21]' driven by pin 'gen_hidden_resi_blocks[1].hidden_layer/gen_ring_banks[1].ring_bank2/gen_sram_32x16.u_ring_sram/dout0[21]' has no loads. (LINT-2)
Warning: In design 'tcn_block', net 'gen_hidden_resi_blocks[1].hidden_layer/gen_ring_banks[1].ring_bank2/sram_dout0[22]' driven by pin 'gen_hidden_resi_blocks[1].hidden_layer/gen_ring_banks[1].ring_bank2/gen_sram_32x16.u_ring_sram/dout0[22]' has no loads. (LINT-2)
Warning: In design 'tcn_block', net 'gen_hidden_resi_blocks[1].hidden_layer/gen_ring_banks[1].ring_bank2/sram_dout0[23]' driven by pin 'gen_hidden_resi_blocks[1].hidden_layer/gen_ring_banks[1].ring_bank2/gen_sram_32x16.u_ring_sram/dout0[23]' has no loads. (LINT-2)
Warning: In design 'tcn_block', net 'gen_hidden_resi_blocks[1].hidden_layer/gen_ring_banks[1].ring_bank2/sram_dout0[24]' driven by pin 'gen_hidden_resi_blocks[1].hidden_layer/gen_ring_banks[1].ring_bank2/gen_sram_32x16.u_ring_sram/dout0[24]' has no loads. (LINT-2)
Warning: In design 'tcn_block', net 'gen_hidden_resi_blocks[1].hidden_layer/gen_ring_banks[1].ring_bank2/sram_dout0[25]' driven by pin 'gen_hidden_resi_blocks[1].hidden_layer/gen_ring_banks[1].ring_bank2/gen_sram_32x16.u_ring_sram/dout0[25]' has no loads. (LINT-2)
Warning: In design 'tcn_block', net 'gen_hidden_resi_blocks[1].hidden_layer/gen_ring_banks[1].ring_bank2/sram_dout0[26]' driven by pin 'gen_hidden_resi_blocks[1].hidden_layer/gen_ring_banks[1].ring_bank2/gen_sram_32x16.u_ring_sram/dout0[26]' has no loads. (LINT-2)
Warning: In design 'tcn_block', net 'gen_hidden_resi_blocks[1].hidden_layer/gen_ring_banks[1].ring_bank2/sram_dout0[27]' driven by pin 'gen_hidden_resi_blocks[1].hidden_layer/gen_ring_banks[1].ring_bank2/gen_sram_32x16.u_ring_sram/dout0[27]' has no loads. (LINT-2)
Warning: In design 'tcn_block', net 'gen_hidden_resi_blocks[1].hidden_layer/gen_ring_banks[1].ring_bank2/sram_dout0[28]' driven by pin 'gen_hidden_resi_blocks[1].hidden_layer/gen_ring_banks[1].ring_bank2/gen_sram_32x16.u_ring_sram/dout0[28]' has no loads. (LINT-2)
Warning: In design 'tcn_block', net 'gen_hidden_resi_blocks[1].hidden_layer/gen_ring_banks[1].ring_bank2/sram_dout0[29]' driven by pin 'gen_hidden_resi_blocks[1].hidden_layer/gen_ring_banks[1].ring_bank2/gen_sram_32x16.u_ring_sram/dout0[29]' has no loads. (LINT-2)
Warning: In design 'tcn_block', net 'gen_hidden_resi_blocks[1].hidden_layer/gen_ring_banks[1].ring_bank2/sram_dout0[30]' driven by pin 'gen_hidden_resi_blocks[1].hidden_layer/gen_ring_banks[1].ring_bank2/gen_sram_32x16.u_ring_sram/dout0[30]' has no loads. (LINT-2)
Warning: In design 'tcn_block', net 'gen_hidden_resi_blocks[1].hidden_layer/gen_ring_banks[1].ring_bank2/sram_dout0[31]' driven by pin 'gen_hidden_resi_blocks[1].hidden_layer/gen_ring_banks[1].ring_bank2/gen_sram_32x16.u_ring_sram/dout0[31]' has no loads. (LINT-2)
Warning: In design 'tcn_block', net 'gen_hidden_resi_blocks[1].hidden_layer/gen_ring_banks[2].ring_bank1/sram_dout0[0]' driven by pin 'gen_hidden_resi_blocks[1].hidden_layer/gen_ring_banks[2].ring_bank1/gen_sram_32x16.u_ring_sram/dout0[0]' has no loads. (LINT-2)
Warning: In design 'tcn_block', net 'gen_hidden_resi_blocks[1].hidden_layer/gen_ring_banks[2].ring_bank1/sram_dout0[1]' driven by pin 'gen_hidden_resi_blocks[1].hidden_layer/gen_ring_banks[2].ring_bank1/gen_sram_32x16.u_ring_sram/dout0[1]' has no loads. (LINT-2)
Warning: In design 'tcn_block', net 'gen_hidden_resi_blocks[1].hidden_layer/gen_ring_banks[2].ring_bank1/sram_dout0[2]' driven by pin 'gen_hidden_resi_blocks[1].hidden_layer/gen_ring_banks[2].ring_bank1/gen_sram_32x16.u_ring_sram/dout0[2]' has no loads. (LINT-2)
Warning: In design 'tcn_block', net 'gen_hidden_resi_blocks[1].hidden_layer/gen_ring_banks[2].ring_bank1/sram_dout0[3]' driven by pin 'gen_hidden_resi_blocks[1].hidden_layer/gen_ring_banks[2].ring_bank1/gen_sram_32x16.u_ring_sram/dout0[3]' has no loads. (LINT-2)
Warning: In design 'tcn_block', net 'gen_hidden_resi_blocks[1].hidden_layer/gen_ring_banks[2].ring_bank1/sram_dout0[4]' driven by pin 'gen_hidden_resi_blocks[1].hidden_layer/gen_ring_banks[2].ring_bank1/gen_sram_32x16.u_ring_sram/dout0[4]' has no loads. (LINT-2)
Warning: In design 'tcn_block', net 'gen_hidden_resi_blocks[1].hidden_layer/gen_ring_banks[2].ring_bank1/sram_dout0[5]' driven by pin 'gen_hidden_resi_blocks[1].hidden_layer/gen_ring_banks[2].ring_bank1/gen_sram_32x16.u_ring_sram/dout0[5]' has no loads. (LINT-2)
Warning: In design 'tcn_block', net 'gen_hidden_resi_blocks[1].hidden_layer/gen_ring_banks[2].ring_bank1/sram_dout0[6]' driven by pin 'gen_hidden_resi_blocks[1].hidden_layer/gen_ring_banks[2].ring_bank1/gen_sram_32x16.u_ring_sram/dout0[6]' has no loads. (LINT-2)
Warning: In design 'tcn_block', net 'gen_hidden_resi_blocks[1].hidden_layer/gen_ring_banks[2].ring_bank1/sram_dout0[7]' driven by pin 'gen_hidden_resi_blocks[1].hidden_layer/gen_ring_banks[2].ring_bank1/gen_sram_32x16.u_ring_sram/dout0[7]' has no loads. (LINT-2)
Warning: In design 'tcn_block', net 'gen_hidden_resi_blocks[1].hidden_layer/gen_ring_banks[2].ring_bank1/sram_dout0[8]' driven by pin 'gen_hidden_resi_blocks[1].hidden_layer/gen_ring_banks[2].ring_bank1/gen_sram_32x16.u_ring_sram/dout0[8]' has no loads. (LINT-2)
Warning: In design 'tcn_block', net 'gen_hidden_resi_blocks[1].hidden_layer/gen_ring_banks[2].ring_bank1/sram_dout0[9]' driven by pin 'gen_hidden_resi_blocks[1].hidden_layer/gen_ring_banks[2].ring_bank1/gen_sram_32x16.u_ring_sram/dout0[9]' has no loads. (LINT-2)
Warning: In design 'tcn_block', net 'gen_hidden_resi_blocks[1].hidden_layer/gen_ring_banks[2].ring_bank1/sram_dout0[10]' driven by pin 'gen_hidden_resi_blocks[1].hidden_layer/gen_ring_banks[2].ring_bank1/gen_sram_32x16.u_ring_sram/dout0[10]' has no loads. (LINT-2)
Warning: In design 'tcn_block', net 'gen_hidden_resi_blocks[1].hidden_layer/gen_ring_banks[2].ring_bank1/sram_dout0[11]' driven by pin 'gen_hidden_resi_blocks[1].hidden_layer/gen_ring_banks[2].ring_bank1/gen_sram_32x16.u_ring_sram/dout0[11]' has no loads. (LINT-2)
Warning: In design 'tcn_block', net 'gen_hidden_resi_blocks[1].hidden_layer/gen_ring_banks[2].ring_bank1/sram_dout0[12]' driven by pin 'gen_hidden_resi_blocks[1].hidden_layer/gen_ring_banks[2].ring_bank1/gen_sram_32x16.u_ring_sram/dout0[12]' has no loads. (LINT-2)
Warning: In design 'tcn_block', net 'gen_hidden_resi_blocks[1].hidden_layer/gen_ring_banks[2].ring_bank1/sram_dout0[13]' driven by pin 'gen_hidden_resi_blocks[1].hidden_layer/gen_ring_banks[2].ring_bank1/gen_sram_32x16.u_ring_sram/dout0[13]' has no loads. (LINT-2)
Warning: In design 'tcn_block', net 'gen_hidden_resi_blocks[1].hidden_layer/gen_ring_banks[2].ring_bank1/sram_dout0[14]' driven by pin 'gen_hidden_resi_blocks[1].hidden_layer/gen_ring_banks[2].ring_bank1/gen_sram_32x16.u_ring_sram/dout0[14]' has no loads. (LINT-2)
Warning: In design 'tcn_block', net 'gen_hidden_resi_blocks[1].hidden_layer/gen_ring_banks[2].ring_bank1/sram_dout0[15]' driven by pin 'gen_hidden_resi_blocks[1].hidden_layer/gen_ring_banks[2].ring_bank1/gen_sram_32x16.u_ring_sram/dout0[15]' has no loads. (LINT-2)
Warning: In design 'tcn_block', net 'gen_hidden_resi_blocks[1].hidden_layer/gen_ring_banks[2].ring_bank1/sram_dout0[16]' driven by pin 'gen_hidden_resi_blocks[1].hidden_layer/gen_ring_banks[2].ring_bank1/gen_sram_32x16.u_ring_sram/dout0[16]' has no loads. (LINT-2)
Warning: In design 'tcn_block', net 'gen_hidden_resi_blocks[1].hidden_layer/gen_ring_banks[2].ring_bank1/sram_dout0[17]' driven by pin 'gen_hidden_resi_blocks[1].hidden_layer/gen_ring_banks[2].ring_bank1/gen_sram_32x16.u_ring_sram/dout0[17]' has no loads. (LINT-2)
Warning: In design 'tcn_block', net 'gen_hidden_resi_blocks[1].hidden_layer/gen_ring_banks[2].ring_bank1/sram_dout0[18]' driven by pin 'gen_hidden_resi_blocks[1].hidden_layer/gen_ring_banks[2].ring_bank1/gen_sram_32x16.u_ring_sram/dout0[18]' has no loads. (LINT-2)
Warning: In design 'tcn_block', net 'gen_hidden_resi_blocks[1].hidden_layer/gen_ring_banks[2].ring_bank1/sram_dout0[19]' driven by pin 'gen_hidden_resi_blocks[1].hidden_layer/gen_ring_banks[2].ring_bank1/gen_sram_32x16.u_ring_sram/dout0[19]' has no loads. (LINT-2)
Warning: In design 'tcn_block', net 'gen_hidden_resi_blocks[1].hidden_layer/gen_ring_banks[2].ring_bank1/sram_dout0[20]' driven by pin 'gen_hidden_resi_blocks[1].hidden_layer/gen_ring_banks[2].ring_bank1/gen_sram_32x16.u_ring_sram/dout0[20]' has no loads. (LINT-2)
Warning: In design 'tcn_block', net 'gen_hidden_resi_blocks[1].hidden_layer/gen_ring_banks[2].ring_bank1/sram_dout0[21]' driven by pin 'gen_hidden_resi_blocks[1].hidden_layer/gen_ring_banks[2].ring_bank1/gen_sram_32x16.u_ring_sram/dout0[21]' has no loads. (LINT-2)
Warning: In design 'tcn_block', net 'gen_hidden_resi_blocks[1].hidden_layer/gen_ring_banks[2].ring_bank1/sram_dout0[22]' driven by pin 'gen_hidden_resi_blocks[1].hidden_layer/gen_ring_banks[2].ring_bank1/gen_sram_32x16.u_ring_sram/dout0[22]' has no loads. (LINT-2)
Warning: In design 'tcn_block', net 'gen_hidden_resi_blocks[1].hidden_layer/gen_ring_banks[2].ring_bank1/sram_dout0[23]' driven by pin 'gen_hidden_resi_blocks[1].hidden_layer/gen_ring_banks[2].ring_bank1/gen_sram_32x16.u_ring_sram/dout0[23]' has no loads. (LINT-2)
Warning: In design 'tcn_block', net 'gen_hidden_resi_blocks[1].hidden_layer/gen_ring_banks[2].ring_bank1/sram_dout0[24]' driven by pin 'gen_hidden_resi_blocks[1].hidden_layer/gen_ring_banks[2].ring_bank1/gen_sram_32x16.u_ring_sram/dout0[24]' has no loads. (LINT-2)
Warning: In design 'tcn_block', net 'gen_hidden_resi_blocks[1].hidden_layer/gen_ring_banks[2].ring_bank1/sram_dout0[25]' driven by pin 'gen_hidden_resi_blocks[1].hidden_layer/gen_ring_banks[2].ring_bank1/gen_sram_32x16.u_ring_sram/dout0[25]' has no loads. (LINT-2)
Warning: In design 'tcn_block', net 'gen_hidden_resi_blocks[1].hidden_layer/gen_ring_banks[2].ring_bank1/sram_dout0[26]' driven by pin 'gen_hidden_resi_blocks[1].hidden_layer/gen_ring_banks[2].ring_bank1/gen_sram_32x16.u_ring_sram/dout0[26]' has no loads. (LINT-2)
Warning: In design 'tcn_block', net 'gen_hidden_resi_blocks[1].hidden_layer/gen_ring_banks[2].ring_bank1/sram_dout0[27]' driven by pin 'gen_hidden_resi_blocks[1].hidden_layer/gen_ring_banks[2].ring_bank1/gen_sram_32x16.u_ring_sram/dout0[27]' has no loads. (LINT-2)
Warning: In design 'tcn_block', net 'gen_hidden_resi_blocks[1].hidden_layer/gen_ring_banks[2].ring_bank1/sram_dout0[28]' driven by pin 'gen_hidden_resi_blocks[1].hidden_layer/gen_ring_banks[2].ring_bank1/gen_sram_32x16.u_ring_sram/dout0[28]' has no loads. (LINT-2)
Warning: In design 'tcn_block', net 'gen_hidden_resi_blocks[1].hidden_layer/gen_ring_banks[2].ring_bank1/sram_dout0[29]' driven by pin 'gen_hidden_resi_blocks[1].hidden_layer/gen_ring_banks[2].ring_bank1/gen_sram_32x16.u_ring_sram/dout0[29]' has no loads. (LINT-2)
Warning: In design 'tcn_block', net 'gen_hidden_resi_blocks[1].hidden_layer/gen_ring_banks[2].ring_bank1/sram_dout0[30]' driven by pin 'gen_hidden_resi_blocks[1].hidden_layer/gen_ring_banks[2].ring_bank1/gen_sram_32x16.u_ring_sram/dout0[30]' has no loads. (LINT-2)
Warning: In design 'tcn_block', net 'gen_hidden_resi_blocks[1].hidden_layer/gen_ring_banks[2].ring_bank1/sram_dout0[31]' driven by pin 'gen_hidden_resi_blocks[1].hidden_layer/gen_ring_banks[2].ring_bank1/gen_sram_32x16.u_ring_sram/dout0[31]' has no loads. (LINT-2)
Warning: In design 'tcn_block', net 'gen_hidden_resi_blocks[1].hidden_layer/gen_ring_banks[2].ring_bank2/sram_dout0[0]' driven by pin 'gen_hidden_resi_blocks[1].hidden_layer/gen_ring_banks[2].ring_bank2/gen_sram_32x16.u_ring_sram/dout0[0]' has no loads. (LINT-2)
Warning: In design 'tcn_block', net 'gen_hidden_resi_blocks[1].hidden_layer/gen_ring_banks[2].ring_bank2/sram_dout0[1]' driven by pin 'gen_hidden_resi_blocks[1].hidden_layer/gen_ring_banks[2].ring_bank2/gen_sram_32x16.u_ring_sram/dout0[1]' has no loads. (LINT-2)
Warning: In design 'tcn_block', net 'gen_hidden_resi_blocks[1].hidden_layer/gen_ring_banks[2].ring_bank2/sram_dout0[2]' driven by pin 'gen_hidden_resi_blocks[1].hidden_layer/gen_ring_banks[2].ring_bank2/gen_sram_32x16.u_ring_sram/dout0[2]' has no loads. (LINT-2)
Warning: In design 'tcn_block', net 'gen_hidden_resi_blocks[1].hidden_layer/gen_ring_banks[2].ring_bank2/sram_dout0[3]' driven by pin 'gen_hidden_resi_blocks[1].hidden_layer/gen_ring_banks[2].ring_bank2/gen_sram_32x16.u_ring_sram/dout0[3]' has no loads. (LINT-2)
Warning: In design 'tcn_block', net 'gen_hidden_resi_blocks[1].hidden_layer/gen_ring_banks[2].ring_bank2/sram_dout0[4]' driven by pin 'gen_hidden_resi_blocks[1].hidden_layer/gen_ring_banks[2].ring_bank2/gen_sram_32x16.u_ring_sram/dout0[4]' has no loads. (LINT-2)
Warning: In design 'tcn_block', net 'gen_hidden_resi_blocks[1].hidden_layer/gen_ring_banks[2].ring_bank2/sram_dout0[5]' driven by pin 'gen_hidden_resi_blocks[1].hidden_layer/gen_ring_banks[2].ring_bank2/gen_sram_32x16.u_ring_sram/dout0[5]' has no loads. (LINT-2)
Warning: In design 'tcn_block', net 'gen_hidden_resi_blocks[1].hidden_layer/gen_ring_banks[2].ring_bank2/sram_dout0[6]' driven by pin 'gen_hidden_resi_blocks[1].hidden_layer/gen_ring_banks[2].ring_bank2/gen_sram_32x16.u_ring_sram/dout0[6]' has no loads. (LINT-2)
Warning: In design 'tcn_block', net 'gen_hidden_resi_blocks[1].hidden_layer/gen_ring_banks[2].ring_bank2/sram_dout0[7]' driven by pin 'gen_hidden_resi_blocks[1].hidden_layer/gen_ring_banks[2].ring_bank2/gen_sram_32x16.u_ring_sram/dout0[7]' has no loads. (LINT-2)
Warning: In design 'tcn_block', net 'gen_hidden_resi_blocks[1].hidden_layer/gen_ring_banks[2].ring_bank2/sram_dout0[8]' driven by pin 'gen_hidden_resi_blocks[1].hidden_layer/gen_ring_banks[2].ring_bank2/gen_sram_32x16.u_ring_sram/dout0[8]' has no loads. (LINT-2)
Warning: In design 'tcn_block', net 'gen_hidden_resi_blocks[1].hidden_layer/gen_ring_banks[2].ring_bank2/sram_dout0[9]' driven by pin 'gen_hidden_resi_blocks[1].hidden_layer/gen_ring_banks[2].ring_bank2/gen_sram_32x16.u_ring_sram/dout0[9]' has no loads. (LINT-2)
Warning: In design 'tcn_block', net 'gen_hidden_resi_blocks[1].hidden_layer/gen_ring_banks[2].ring_bank2/sram_dout0[10]' driven by pin 'gen_hidden_resi_blocks[1].hidden_layer/gen_ring_banks[2].ring_bank2/gen_sram_32x16.u_ring_sram/dout0[10]' has no loads. (LINT-2)
Warning: In design 'tcn_block', net 'gen_hidden_resi_blocks[1].hidden_layer/gen_ring_banks[2].ring_bank2/sram_dout0[11]' driven by pin 'gen_hidden_resi_blocks[1].hidden_layer/gen_ring_banks[2].ring_bank2/gen_sram_32x16.u_ring_sram/dout0[11]' has no loads. (LINT-2)
Warning: In design 'tcn_block', net 'gen_hidden_resi_blocks[1].hidden_layer/gen_ring_banks[2].ring_bank2/sram_dout0[12]' driven by pin 'gen_hidden_resi_blocks[1].hidden_layer/gen_ring_banks[2].ring_bank2/gen_sram_32x16.u_ring_sram/dout0[12]' has no loads. (LINT-2)
Warning: In design 'tcn_block', net 'gen_hidden_resi_blocks[1].hidden_layer/gen_ring_banks[2].ring_bank2/sram_dout0[13]' driven by pin 'gen_hidden_resi_blocks[1].hidden_layer/gen_ring_banks[2].ring_bank2/gen_sram_32x16.u_ring_sram/dout0[13]' has no loads. (LINT-2)
Warning: In design 'tcn_block', net 'gen_hidden_resi_blocks[1].hidden_layer/gen_ring_banks[2].ring_bank2/sram_dout0[14]' driven by pin 'gen_hidden_resi_blocks[1].hidden_layer/gen_ring_banks[2].ring_bank2/gen_sram_32x16.u_ring_sram/dout0[14]' has no loads. (LINT-2)
Warning: In design 'tcn_block', net 'gen_hidden_resi_blocks[1].hidden_layer/gen_ring_banks[2].ring_bank2/sram_dout0[15]' driven by pin 'gen_hidden_resi_blocks[1].hidden_layer/gen_ring_banks[2].ring_bank2/gen_sram_32x16.u_ring_sram/dout0[15]' has no loads. (LINT-2)
Warning: In design 'tcn_block', net 'gen_hidden_resi_blocks[1].hidden_layer/gen_ring_banks[2].ring_bank2/sram_dout0[16]' driven by pin 'gen_hidden_resi_blocks[1].hidden_layer/gen_ring_banks[2].ring_bank2/gen_sram_32x16.u_ring_sram/dout0[16]' has no loads. (LINT-2)
Warning: In design 'tcn_block', net 'gen_hidden_resi_blocks[1].hidden_layer/gen_ring_banks[2].ring_bank2/sram_dout0[17]' driven by pin 'gen_hidden_resi_blocks[1].hidden_layer/gen_ring_banks[2].ring_bank2/gen_sram_32x16.u_ring_sram/dout0[17]' has no loads. (LINT-2)
Warning: In design 'tcn_block', net 'gen_hidden_resi_blocks[1].hidden_layer/gen_ring_banks[2].ring_bank2/sram_dout0[18]' driven by pin 'gen_hidden_resi_blocks[1].hidden_layer/gen_ring_banks[2].ring_bank2/gen_sram_32x16.u_ring_sram/dout0[18]' has no loads. (LINT-2)
Warning: In design 'tcn_block', net 'gen_hidden_resi_blocks[1].hidden_layer/gen_ring_banks[2].ring_bank2/sram_dout0[19]' driven by pin 'gen_hidden_resi_blocks[1].hidden_layer/gen_ring_banks[2].ring_bank2/gen_sram_32x16.u_ring_sram/dout0[19]' has no loads. (LINT-2)
Warning: In design 'tcn_block', net 'gen_hidden_resi_blocks[1].hidden_layer/gen_ring_banks[2].ring_bank2/sram_dout0[20]' driven by pin 'gen_hidden_resi_blocks[1].hidden_layer/gen_ring_banks[2].ring_bank2/gen_sram_32x16.u_ring_sram/dout0[20]' has no loads. (LINT-2)
Warning: In design 'tcn_block', net 'gen_hidden_resi_blocks[1].hidden_layer/gen_ring_banks[2].ring_bank2/sram_dout0[21]' driven by pin 'gen_hidden_resi_blocks[1].hidden_layer/gen_ring_banks[2].ring_bank2/gen_sram_32x16.u_ring_sram/dout0[21]' has no loads. (LINT-2)
Warning: In design 'tcn_block', net 'gen_hidden_resi_blocks[1].hidden_layer/gen_ring_banks[2].ring_bank2/sram_dout0[22]' driven by pin 'gen_hidden_resi_blocks[1].hidden_layer/gen_ring_banks[2].ring_bank2/gen_sram_32x16.u_ring_sram/dout0[22]' has no loads. (LINT-2)
Warning: In design 'tcn_block', net 'gen_hidden_resi_blocks[1].hidden_layer/gen_ring_banks[2].ring_bank2/sram_dout0[23]' driven by pin 'gen_hidden_resi_blocks[1].hidden_layer/gen_ring_banks[2].ring_bank2/gen_sram_32x16.u_ring_sram/dout0[23]' has no loads. (LINT-2)
Warning: In design 'tcn_block', net 'gen_hidden_resi_blocks[1].hidden_layer/gen_ring_banks[2].ring_bank2/sram_dout0[24]' driven by pin 'gen_hidden_resi_blocks[1].hidden_layer/gen_ring_banks[2].ring_bank2/gen_sram_32x16.u_ring_sram/dout0[24]' has no loads. (LINT-2)
Warning: In design 'tcn_block', net 'gen_hidden_resi_blocks[1].hidden_layer/gen_ring_banks[2].ring_bank2/sram_dout0[25]' driven by pin 'gen_hidden_resi_blocks[1].hidden_layer/gen_ring_banks[2].ring_bank2/gen_sram_32x16.u_ring_sram/dout0[25]' has no loads. (LINT-2)
Warning: In design 'tcn_block', net 'gen_hidden_resi_blocks[1].hidden_layer/gen_ring_banks[2].ring_bank2/sram_dout0[26]' driven by pin 'gen_hidden_resi_blocks[1].hidden_layer/gen_ring_banks[2].ring_bank2/gen_sram_32x16.u_ring_sram/dout0[26]' has no loads. (LINT-2)
Warning: In design 'tcn_block', net 'gen_hidden_resi_blocks[1].hidden_layer/gen_ring_banks[2].ring_bank2/sram_dout0[27]' driven by pin 'gen_hidden_resi_blocks[1].hidden_layer/gen_ring_banks[2].ring_bank2/gen_sram_32x16.u_ring_sram/dout0[27]' has no loads. (LINT-2)
Warning: In design 'tcn_block', net 'gen_hidden_resi_blocks[1].hidden_layer/gen_ring_banks[2].ring_bank2/sram_dout0[28]' driven by pin 'gen_hidden_resi_blocks[1].hidden_layer/gen_ring_banks[2].ring_bank2/gen_sram_32x16.u_ring_sram/dout0[28]' has no loads. (LINT-2)
Warning: In design 'tcn_block', net 'gen_hidden_resi_blocks[1].hidden_layer/gen_ring_banks[2].ring_bank2/sram_dout0[29]' driven by pin 'gen_hidden_resi_blocks[1].hidden_layer/gen_ring_banks[2].ring_bank2/gen_sram_32x16.u_ring_sram/dout0[29]' has no loads. (LINT-2)
Warning: In design 'tcn_block', net 'gen_hidden_resi_blocks[1].hidden_layer/gen_ring_banks[2].ring_bank2/sram_dout0[30]' driven by pin 'gen_hidden_resi_blocks[1].hidden_layer/gen_ring_banks[2].ring_bank2/gen_sram_32x16.u_ring_sram/dout0[30]' has no loads. (LINT-2)
Warning: In design 'tcn_block', net 'gen_hidden_resi_blocks[1].hidden_layer/gen_ring_banks[2].ring_bank2/sram_dout0[31]' driven by pin 'gen_hidden_resi_blocks[1].hidden_layer/gen_ring_banks[2].ring_bank2/gen_sram_32x16.u_ring_sram/dout0[31]' has no loads. (LINT-2)
Warning: In design 'tcn_block', net 'gen_hidden_resi_blocks[1].hidden_layer/gen_ring_banks[3].ring_bank1/sram_dout0[0]' driven by pin 'gen_hidden_resi_blocks[1].hidden_layer/gen_ring_banks[3].ring_bank1/gen_sram_32x16.u_ring_sram/dout0[0]' has no loads. (LINT-2)
Warning: In design 'tcn_block', net 'gen_hidden_resi_blocks[1].hidden_layer/gen_ring_banks[3].ring_bank1/sram_dout0[1]' driven by pin 'gen_hidden_resi_blocks[1].hidden_layer/gen_ring_banks[3].ring_bank1/gen_sram_32x16.u_ring_sram/dout0[1]' has no loads. (LINT-2)
Warning: In design 'tcn_block', net 'gen_hidden_resi_blocks[1].hidden_layer/gen_ring_banks[3].ring_bank1/sram_dout0[2]' driven by pin 'gen_hidden_resi_blocks[1].hidden_layer/gen_ring_banks[3].ring_bank1/gen_sram_32x16.u_ring_sram/dout0[2]' has no loads. (LINT-2)
Warning: In design 'tcn_block', net 'gen_hidden_resi_blocks[1].hidden_layer/gen_ring_banks[3].ring_bank1/sram_dout0[3]' driven by pin 'gen_hidden_resi_blocks[1].hidden_layer/gen_ring_banks[3].ring_bank1/gen_sram_32x16.u_ring_sram/dout0[3]' has no loads. (LINT-2)
Warning: In design 'tcn_block', net 'gen_hidden_resi_blocks[1].hidden_layer/gen_ring_banks[3].ring_bank1/sram_dout0[4]' driven by pin 'gen_hidden_resi_blocks[1].hidden_layer/gen_ring_banks[3].ring_bank1/gen_sram_32x16.u_ring_sram/dout0[4]' has no loads. (LINT-2)
Warning: In design 'tcn_block', net 'gen_hidden_resi_blocks[1].hidden_layer/gen_ring_banks[3].ring_bank1/sram_dout0[5]' driven by pin 'gen_hidden_resi_blocks[1].hidden_layer/gen_ring_banks[3].ring_bank1/gen_sram_32x16.u_ring_sram/dout0[5]' has no loads. (LINT-2)
Warning: In design 'tcn_block', net 'gen_hidden_resi_blocks[1].hidden_layer/gen_ring_banks[3].ring_bank1/sram_dout0[6]' driven by pin 'gen_hidden_resi_blocks[1].hidden_layer/gen_ring_banks[3].ring_bank1/gen_sram_32x16.u_ring_sram/dout0[6]' has no loads. (LINT-2)
Warning: In design 'tcn_block', net 'gen_hidden_resi_blocks[1].hidden_layer/gen_ring_banks[3].ring_bank1/sram_dout0[7]' driven by pin 'gen_hidden_resi_blocks[1].hidden_layer/gen_ring_banks[3].ring_bank1/gen_sram_32x16.u_ring_sram/dout0[7]' has no loads. (LINT-2)
Warning: In design 'tcn_block', net 'gen_hidden_resi_blocks[1].hidden_layer/gen_ring_banks[3].ring_bank1/sram_dout0[8]' driven by pin 'gen_hidden_resi_blocks[1].hidden_layer/gen_ring_banks[3].ring_bank1/gen_sram_32x16.u_ring_sram/dout0[8]' has no loads. (LINT-2)
Warning: In design 'tcn_block', net 'gen_hidden_resi_blocks[1].hidden_layer/gen_ring_banks[3].ring_bank1/sram_dout0[9]' driven by pin 'gen_hidden_resi_blocks[1].hidden_layer/gen_ring_banks[3].ring_bank1/gen_sram_32x16.u_ring_sram/dout0[9]' has no loads. (LINT-2)
Warning: In design 'tcn_block', net 'gen_hidden_resi_blocks[1].hidden_layer/gen_ring_banks[3].ring_bank1/sram_dout0[10]' driven by pin 'gen_hidden_resi_blocks[1].hidden_layer/gen_ring_banks[3].ring_bank1/gen_sram_32x16.u_ring_sram/dout0[10]' has no loads. (LINT-2)
Warning: In design 'tcn_block', net 'gen_hidden_resi_blocks[1].hidden_layer/gen_ring_banks[3].ring_bank1/sram_dout0[11]' driven by pin 'gen_hidden_resi_blocks[1].hidden_layer/gen_ring_banks[3].ring_bank1/gen_sram_32x16.u_ring_sram/dout0[11]' has no loads. (LINT-2)
Warning: In design 'tcn_block', net 'gen_hidden_resi_blocks[1].hidden_layer/gen_ring_banks[3].ring_bank1/sram_dout0[12]' driven by pin 'gen_hidden_resi_blocks[1].hidden_layer/gen_ring_banks[3].ring_bank1/gen_sram_32x16.u_ring_sram/dout0[12]' has no loads. (LINT-2)
Warning: In design 'tcn_block', net 'gen_hidden_resi_blocks[1].hidden_layer/gen_ring_banks[3].ring_bank1/sram_dout0[13]' driven by pin 'gen_hidden_resi_blocks[1].hidden_layer/gen_ring_banks[3].ring_bank1/gen_sram_32x16.u_ring_sram/dout0[13]' has no loads. (LINT-2)
Warning: In design 'tcn_block', net 'gen_hidden_resi_blocks[1].hidden_layer/gen_ring_banks[3].ring_bank1/sram_dout0[14]' driven by pin 'gen_hidden_resi_blocks[1].hidden_layer/gen_ring_banks[3].ring_bank1/gen_sram_32x16.u_ring_sram/dout0[14]' has no loads. (LINT-2)
Warning: In design 'tcn_block', net 'gen_hidden_resi_blocks[1].hidden_layer/gen_ring_banks[3].ring_bank1/sram_dout0[15]' driven by pin 'gen_hidden_resi_blocks[1].hidden_layer/gen_ring_banks[3].ring_bank1/gen_sram_32x16.u_ring_sram/dout0[15]' has no loads. (LINT-2)
Warning: In design 'tcn_block', net 'gen_hidden_resi_blocks[1].hidden_layer/gen_ring_banks[3].ring_bank1/sram_dout0[16]' driven by pin 'gen_hidden_resi_blocks[1].hidden_layer/gen_ring_banks[3].ring_bank1/gen_sram_32x16.u_ring_sram/dout0[16]' has no loads. (LINT-2)
Warning: In design 'tcn_block', net 'gen_hidden_resi_blocks[1].hidden_layer/gen_ring_banks[3].ring_bank1/sram_dout0[17]' driven by pin 'gen_hidden_resi_blocks[1].hidden_layer/gen_ring_banks[3].ring_bank1/gen_sram_32x16.u_ring_sram/dout0[17]' has no loads. (LINT-2)
Warning: In design 'tcn_block', net 'gen_hidden_resi_blocks[1].hidden_layer/gen_ring_banks[3].ring_bank1/sram_dout0[18]' driven by pin 'gen_hidden_resi_blocks[1].hidden_layer/gen_ring_banks[3].ring_bank1/gen_sram_32x16.u_ring_sram/dout0[18]' has no loads. (LINT-2)
Warning: In design 'tcn_block', net 'gen_hidden_resi_blocks[1].hidden_layer/gen_ring_banks[3].ring_bank1/sram_dout0[19]' driven by pin 'gen_hidden_resi_blocks[1].hidden_layer/gen_ring_banks[3].ring_bank1/gen_sram_32x16.u_ring_sram/dout0[19]' has no loads. (LINT-2)
Warning: In design 'tcn_block', net 'gen_hidden_resi_blocks[1].hidden_layer/gen_ring_banks[3].ring_bank1/sram_dout0[20]' driven by pin 'gen_hidden_resi_blocks[1].hidden_layer/gen_ring_banks[3].ring_bank1/gen_sram_32x16.u_ring_sram/dout0[20]' has no loads. (LINT-2)
Warning: In design 'tcn_block', net 'gen_hidden_resi_blocks[1].hidden_layer/gen_ring_banks[3].ring_bank1/sram_dout0[21]' driven by pin 'gen_hidden_resi_blocks[1].hidden_layer/gen_ring_banks[3].ring_bank1/gen_sram_32x16.u_ring_sram/dout0[21]' has no loads. (LINT-2)
Warning: In design 'tcn_block', net 'gen_hidden_resi_blocks[1].hidden_layer/gen_ring_banks[3].ring_bank1/sram_dout0[22]' driven by pin 'gen_hidden_resi_blocks[1].hidden_layer/gen_ring_banks[3].ring_bank1/gen_sram_32x16.u_ring_sram/dout0[22]' has no loads. (LINT-2)
Warning: In design 'tcn_block', net 'gen_hidden_resi_blocks[1].hidden_layer/gen_ring_banks[3].ring_bank1/sram_dout0[23]' driven by pin 'gen_hidden_resi_blocks[1].hidden_layer/gen_ring_banks[3].ring_bank1/gen_sram_32x16.u_ring_sram/dout0[23]' has no loads. (LINT-2)
Warning: In design 'tcn_block', net 'gen_hidden_resi_blocks[1].hidden_layer/gen_ring_banks[3].ring_bank1/sram_dout0[24]' driven by pin 'gen_hidden_resi_blocks[1].hidden_layer/gen_ring_banks[3].ring_bank1/gen_sram_32x16.u_ring_sram/dout0[24]' has no loads. (LINT-2)
Warning: In design 'tcn_block', net 'gen_hidden_resi_blocks[1].hidden_layer/gen_ring_banks[3].ring_bank1/sram_dout0[25]' driven by pin 'gen_hidden_resi_blocks[1].hidden_layer/gen_ring_banks[3].ring_bank1/gen_sram_32x16.u_ring_sram/dout0[25]' has no loads. (LINT-2)
Warning: In design 'tcn_block', net 'gen_hidden_resi_blocks[1].hidden_layer/gen_ring_banks[3].ring_bank1/sram_dout0[26]' driven by pin 'gen_hidden_resi_blocks[1].hidden_layer/gen_ring_banks[3].ring_bank1/gen_sram_32x16.u_ring_sram/dout0[26]' has no loads. (LINT-2)
Warning: In design 'tcn_block', net 'gen_hidden_resi_blocks[1].hidden_layer/gen_ring_banks[3].ring_bank1/sram_dout0[27]' driven by pin 'gen_hidden_resi_blocks[1].hidden_layer/gen_ring_banks[3].ring_bank1/gen_sram_32x16.u_ring_sram/dout0[27]' has no loads. (LINT-2)
Warning: In design 'tcn_block', net 'gen_hidden_resi_blocks[1].hidden_layer/gen_ring_banks[3].ring_bank1/sram_dout0[28]' driven by pin 'gen_hidden_resi_blocks[1].hidden_layer/gen_ring_banks[3].ring_bank1/gen_sram_32x16.u_ring_sram/dout0[28]' has no loads. (LINT-2)
Warning: In design 'tcn_block', net 'gen_hidden_resi_blocks[1].hidden_layer/gen_ring_banks[3].ring_bank1/sram_dout0[29]' driven by pin 'gen_hidden_resi_blocks[1].hidden_layer/gen_ring_banks[3].ring_bank1/gen_sram_32x16.u_ring_sram/dout0[29]' has no loads. (LINT-2)
Warning: In design 'tcn_block', net 'gen_hidden_resi_blocks[1].hidden_layer/gen_ring_banks[3].ring_bank1/sram_dout0[30]' driven by pin 'gen_hidden_resi_blocks[1].hidden_layer/gen_ring_banks[3].ring_bank1/gen_sram_32x16.u_ring_sram/dout0[30]' has no loads. (LINT-2)
Warning: In design 'tcn_block', net 'gen_hidden_resi_blocks[1].hidden_layer/gen_ring_banks[3].ring_bank1/sram_dout0[31]' driven by pin 'gen_hidden_resi_blocks[1].hidden_layer/gen_ring_banks[3].ring_bank1/gen_sram_32x16.u_ring_sram/dout0[31]' has no loads. (LINT-2)
Warning: In design 'tcn_block', net 'gen_hidden_resi_blocks[1].hidden_layer/gen_ring_banks[3].ring_bank2/sram_dout0[0]' driven by pin 'gen_hidden_resi_blocks[1].hidden_layer/gen_ring_banks[3].ring_bank2/gen_sram_32x16.u_ring_sram/dout0[0]' has no loads. (LINT-2)
Warning: In design 'tcn_block', net 'gen_hidden_resi_blocks[1].hidden_layer/gen_ring_banks[3].ring_bank2/sram_dout0[1]' driven by pin 'gen_hidden_resi_blocks[1].hidden_layer/gen_ring_banks[3].ring_bank2/gen_sram_32x16.u_ring_sram/dout0[1]' has no loads. (LINT-2)
Warning: In design 'tcn_block', net 'gen_hidden_resi_blocks[1].hidden_layer/gen_ring_banks[3].ring_bank2/sram_dout0[2]' driven by pin 'gen_hidden_resi_blocks[1].hidden_layer/gen_ring_banks[3].ring_bank2/gen_sram_32x16.u_ring_sram/dout0[2]' has no loads. (LINT-2)
Warning: In design 'tcn_block', net 'gen_hidden_resi_blocks[1].hidden_layer/gen_ring_banks[3].ring_bank2/sram_dout0[3]' driven by pin 'gen_hidden_resi_blocks[1].hidden_layer/gen_ring_banks[3].ring_bank2/gen_sram_32x16.u_ring_sram/dout0[3]' has no loads. (LINT-2)
Warning: In design 'tcn_block', net 'gen_hidden_resi_blocks[1].hidden_layer/gen_ring_banks[3].ring_bank2/sram_dout0[4]' driven by pin 'gen_hidden_resi_blocks[1].hidden_layer/gen_ring_banks[3].ring_bank2/gen_sram_32x16.u_ring_sram/dout0[4]' has no loads. (LINT-2)
Warning: In design 'tcn_block', net 'gen_hidden_resi_blocks[1].hidden_layer/gen_ring_banks[3].ring_bank2/sram_dout0[5]' driven by pin 'gen_hidden_resi_blocks[1].hidden_layer/gen_ring_banks[3].ring_bank2/gen_sram_32x16.u_ring_sram/dout0[5]' has no loads. (LINT-2)
Warning: In design 'tcn_block', net 'gen_hidden_resi_blocks[1].hidden_layer/gen_ring_banks[3].ring_bank2/sram_dout0[6]' driven by pin 'gen_hidden_resi_blocks[1].hidden_layer/gen_ring_banks[3].ring_bank2/gen_sram_32x16.u_ring_sram/dout0[6]' has no loads. (LINT-2)
Warning: In design 'tcn_block', net 'gen_hidden_resi_blocks[1].hidden_layer/gen_ring_banks[3].ring_bank2/sram_dout0[7]' driven by pin 'gen_hidden_resi_blocks[1].hidden_layer/gen_ring_banks[3].ring_bank2/gen_sram_32x16.u_ring_sram/dout0[7]' has no loads. (LINT-2)
Warning: In design 'tcn_block', net 'gen_hidden_resi_blocks[1].hidden_layer/gen_ring_banks[3].ring_bank2/sram_dout0[8]' driven by pin 'gen_hidden_resi_blocks[1].hidden_layer/gen_ring_banks[3].ring_bank2/gen_sram_32x16.u_ring_sram/dout0[8]' has no loads. (LINT-2)
Warning: In design 'tcn_block', net 'gen_hidden_resi_blocks[1].hidden_layer/gen_ring_banks[3].ring_bank2/sram_dout0[9]' driven by pin 'gen_hidden_resi_blocks[1].hidden_layer/gen_ring_banks[3].ring_bank2/gen_sram_32x16.u_ring_sram/dout0[9]' has no loads. (LINT-2)
Warning: In design 'tcn_block', net 'gen_hidden_resi_blocks[1].hidden_layer/gen_ring_banks[3].ring_bank2/sram_dout0[10]' driven by pin 'gen_hidden_resi_blocks[1].hidden_layer/gen_ring_banks[3].ring_bank2/gen_sram_32x16.u_ring_sram/dout0[10]' has no loads. (LINT-2)
Warning: In design 'tcn_block', net 'gen_hidden_resi_blocks[1].hidden_layer/gen_ring_banks[3].ring_bank2/sram_dout0[11]' driven by pin 'gen_hidden_resi_blocks[1].hidden_layer/gen_ring_banks[3].ring_bank2/gen_sram_32x16.u_ring_sram/dout0[11]' has no loads. (LINT-2)
Warning: In design 'tcn_block', net 'gen_hidden_resi_blocks[1].hidden_layer/gen_ring_banks[3].ring_bank2/sram_dout0[12]' driven by pin 'gen_hidden_resi_blocks[1].hidden_layer/gen_ring_banks[3].ring_bank2/gen_sram_32x16.u_ring_sram/dout0[12]' has no loads. (LINT-2)
Warning: In design 'tcn_block', net 'gen_hidden_resi_blocks[1].hidden_layer/gen_ring_banks[3].ring_bank2/sram_dout0[13]' driven by pin 'gen_hidden_resi_blocks[1].hidden_layer/gen_ring_banks[3].ring_bank2/gen_sram_32x16.u_ring_sram/dout0[13]' has no loads. (LINT-2)
Warning: In design 'tcn_block', net 'gen_hidden_resi_blocks[1].hidden_layer/gen_ring_banks[3].ring_bank2/sram_dout0[14]' driven by pin 'gen_hidden_resi_blocks[1].hidden_layer/gen_ring_banks[3].ring_bank2/gen_sram_32x16.u_ring_sram/dout0[14]' has no loads. (LINT-2)
Warning: In design 'tcn_block', net 'gen_hidden_resi_blocks[1].hidden_layer/gen_ring_banks[3].ring_bank2/sram_dout0[15]' driven by pin 'gen_hidden_resi_blocks[1].hidden_layer/gen_ring_banks[3].ring_bank2/gen_sram_32x16.u_ring_sram/dout0[15]' has no loads. (LINT-2)
Warning: In design 'tcn_block', net 'gen_hidden_resi_blocks[1].hidden_layer/gen_ring_banks[3].ring_bank2/sram_dout0[16]' driven by pin 'gen_hidden_resi_blocks[1].hidden_layer/gen_ring_banks[3].ring_bank2/gen_sram_32x16.u_ring_sram/dout0[16]' has no loads. (LINT-2)
Warning: In design 'tcn_block', net 'gen_hidden_resi_blocks[1].hidden_layer/gen_ring_banks[3].ring_bank2/sram_dout0[17]' driven by pin 'gen_hidden_resi_blocks[1].hidden_layer/gen_ring_banks[3].ring_bank2/gen_sram_32x16.u_ring_sram/dout0[17]' has no loads. (LINT-2)
Warning: In design 'tcn_block', net 'gen_hidden_resi_blocks[1].hidden_layer/gen_ring_banks[3].ring_bank2/sram_dout0[18]' driven by pin 'gen_hidden_resi_blocks[1].hidden_layer/gen_ring_banks[3].ring_bank2/gen_sram_32x16.u_ring_sram/dout0[18]' has no loads. (LINT-2)
Warning: In design 'tcn_block', net 'gen_hidden_resi_blocks[1].hidden_layer/gen_ring_banks[3].ring_bank2/sram_dout0[19]' driven by pin 'gen_hidden_resi_blocks[1].hidden_layer/gen_ring_banks[3].ring_bank2/gen_sram_32x16.u_ring_sram/dout0[19]' has no loads. (LINT-2)
Warning: In design 'tcn_block', net 'gen_hidden_resi_blocks[1].hidden_layer/gen_ring_banks[3].ring_bank2/sram_dout0[20]' driven by pin 'gen_hidden_resi_blocks[1].hidden_layer/gen_ring_banks[3].ring_bank2/gen_sram_32x16.u_ring_sram/dout0[20]' has no loads. (LINT-2)
Warning: In design 'tcn_block', net 'gen_hidden_resi_blocks[1].hidden_layer/gen_ring_banks[3].ring_bank2/sram_dout0[21]' driven by pin 'gen_hidden_resi_blocks[1].hidden_layer/gen_ring_banks[3].ring_bank2/gen_sram_32x16.u_ring_sram/dout0[21]' has no loads. (LINT-2)
Warning: In design 'tcn_block', net 'gen_hidden_resi_blocks[1].hidden_layer/gen_ring_banks[3].ring_bank2/sram_dout0[22]' driven by pin 'gen_hidden_resi_blocks[1].hidden_layer/gen_ring_banks[3].ring_bank2/gen_sram_32x16.u_ring_sram/dout0[22]' has no loads. (LINT-2)
Warning: In design 'tcn_block', net 'gen_hidden_resi_blocks[1].hidden_layer/gen_ring_banks[3].ring_bank2/sram_dout0[23]' driven by pin 'gen_hidden_resi_blocks[1].hidden_layer/gen_ring_banks[3].ring_bank2/gen_sram_32x16.u_ring_sram/dout0[23]' has no loads. (LINT-2)
Warning: In design 'tcn_block', net 'gen_hidden_resi_blocks[1].hidden_layer/gen_ring_banks[3].ring_bank2/sram_dout0[24]' driven by pin 'gen_hidden_resi_blocks[1].hidden_layer/gen_ring_banks[3].ring_bank2/gen_sram_32x16.u_ring_sram/dout0[24]' has no loads. (LINT-2)
Warning: In design 'tcn_block', net 'gen_hidden_resi_blocks[1].hidden_layer/gen_ring_banks[3].ring_bank2/sram_dout0[25]' driven by pin 'gen_hidden_resi_blocks[1].hidden_layer/gen_ring_banks[3].ring_bank2/gen_sram_32x16.u_ring_sram/dout0[25]' has no loads. (LINT-2)
Warning: In design 'tcn_block', net 'gen_hidden_resi_blocks[1].hidden_layer/gen_ring_banks[3].ring_bank2/sram_dout0[26]' driven by pin 'gen_hidden_resi_blocks[1].hidden_layer/gen_ring_banks[3].ring_bank2/gen_sram_32x16.u_ring_sram/dout0[26]' has no loads. (LINT-2)
Warning: In design 'tcn_block', net 'gen_hidden_resi_blocks[1].hidden_layer/gen_ring_banks[3].ring_bank2/sram_dout0[27]' driven by pin 'gen_hidden_resi_blocks[1].hidden_layer/gen_ring_banks[3].ring_bank2/gen_sram_32x16.u_ring_sram/dout0[27]' has no loads. (LINT-2)
Warning: In design 'tcn_block', net 'gen_hidden_resi_blocks[1].hidden_layer/gen_ring_banks[3].ring_bank2/sram_dout0[28]' driven by pin 'gen_hidden_resi_blocks[1].hidden_layer/gen_ring_banks[3].ring_bank2/gen_sram_32x16.u_ring_sram/dout0[28]' has no loads. (LINT-2)
Warning: In design 'tcn_block', net 'gen_hidden_resi_blocks[1].hidden_layer/gen_ring_banks[3].ring_bank2/sram_dout0[29]' driven by pin 'gen_hidden_resi_blocks[1].hidden_layer/gen_ring_banks[3].ring_bank2/gen_sram_32x16.u_ring_sram/dout0[29]' has no loads. (LINT-2)
Warning: In design 'tcn_block', net 'gen_hidden_resi_blocks[1].hidden_layer/gen_ring_banks[3].ring_bank2/sram_dout0[30]' driven by pin 'gen_hidden_resi_blocks[1].hidden_layer/gen_ring_banks[3].ring_bank2/gen_sram_32x16.u_ring_sram/dout0[30]' has no loads. (LINT-2)
Warning: In design 'tcn_block', net 'gen_hidden_resi_blocks[1].hidden_layer/gen_ring_banks[3].ring_bank2/sram_dout0[31]' driven by pin 'gen_hidden_resi_blocks[1].hidden_layer/gen_ring_banks[3].ring_bank2/gen_sram_32x16.u_ring_sram/dout0[31]' has no loads. (LINT-2)
Warning: In design 'tcn_block', net 'gen_hidden_resi_blocks[2].hidden_layer/gen_ring_banks[0].ring_bank2/sram_dout0[0]' driven by pin 'gen_hidden_resi_blocks[2].hidden_layer/gen_ring_banks[0].ring_bank2/gen_sram_32x32.u_ring_sram/dout0[0]' has no loads. (LINT-2)
Warning: In design 'tcn_block', net 'gen_hidden_resi_blocks[2].hidden_layer/gen_ring_banks[0].ring_bank2/sram_dout0[1]' driven by pin 'gen_hidden_resi_blocks[2].hidden_layer/gen_ring_banks[0].ring_bank2/gen_sram_32x32.u_ring_sram/dout0[1]' has no loads. (LINT-2)
Warning: In design 'tcn_block', net 'gen_hidden_resi_blocks[2].hidden_layer/gen_ring_banks[0].ring_bank2/sram_dout0[2]' driven by pin 'gen_hidden_resi_blocks[2].hidden_layer/gen_ring_banks[0].ring_bank2/gen_sram_32x32.u_ring_sram/dout0[2]' has no loads. (LINT-2)
Warning: In design 'tcn_block', net 'gen_hidden_resi_blocks[2].hidden_layer/gen_ring_banks[0].ring_bank2/sram_dout0[3]' driven by pin 'gen_hidden_resi_blocks[2].hidden_layer/gen_ring_banks[0].ring_bank2/gen_sram_32x32.u_ring_sram/dout0[3]' has no loads. (LINT-2)
Warning: In design 'tcn_block', net 'gen_hidden_resi_blocks[2].hidden_layer/gen_ring_banks[0].ring_bank2/sram_dout0[4]' driven by pin 'gen_hidden_resi_blocks[2].hidden_layer/gen_ring_banks[0].ring_bank2/gen_sram_32x32.u_ring_sram/dout0[4]' has no loads. (LINT-2)
Warning: In design 'tcn_block', net 'gen_hidden_resi_blocks[2].hidden_layer/gen_ring_banks[0].ring_bank2/sram_dout0[5]' driven by pin 'gen_hidden_resi_blocks[2].hidden_layer/gen_ring_banks[0].ring_bank2/gen_sram_32x32.u_ring_sram/dout0[5]' has no loads. (LINT-2)
Warning: In design 'tcn_block', net 'gen_hidden_resi_blocks[2].hidden_layer/gen_ring_banks[0].ring_bank2/sram_dout0[6]' driven by pin 'gen_hidden_resi_blocks[2].hidden_layer/gen_ring_banks[0].ring_bank2/gen_sram_32x32.u_ring_sram/dout0[6]' has no loads. (LINT-2)
Warning: In design 'tcn_block', net 'gen_hidden_resi_blocks[2].hidden_layer/gen_ring_banks[0].ring_bank2/sram_dout0[7]' driven by pin 'gen_hidden_resi_blocks[2].hidden_layer/gen_ring_banks[0].ring_bank2/gen_sram_32x32.u_ring_sram/dout0[7]' has no loads. (LINT-2)
Warning: In design 'tcn_block', net 'gen_hidden_resi_blocks[2].hidden_layer/gen_ring_banks[0].ring_bank2/sram_dout0[8]' driven by pin 'gen_hidden_resi_blocks[2].hidden_layer/gen_ring_banks[0].ring_bank2/gen_sram_32x32.u_ring_sram/dout0[8]' has no loads. (LINT-2)
Warning: In design 'tcn_block', net 'gen_hidden_resi_blocks[2].hidden_layer/gen_ring_banks[0].ring_bank2/sram_dout0[9]' driven by pin 'gen_hidden_resi_blocks[2].hidden_layer/gen_ring_banks[0].ring_bank2/gen_sram_32x32.u_ring_sram/dout0[9]' has no loads. (LINT-2)
Warning: In design 'tcn_block', net 'gen_hidden_resi_blocks[2].hidden_layer/gen_ring_banks[0].ring_bank2/sram_dout0[10]' driven by pin 'gen_hidden_resi_blocks[2].hidden_layer/gen_ring_banks[0].ring_bank2/gen_sram_32x32.u_ring_sram/dout0[10]' has no loads. (LINT-2)
Warning: In design 'tcn_block', net 'gen_hidden_resi_blocks[2].hidden_layer/gen_ring_banks[0].ring_bank2/sram_dout0[11]' driven by pin 'gen_hidden_resi_blocks[2].hidden_layer/gen_ring_banks[0].ring_bank2/gen_sram_32x32.u_ring_sram/dout0[11]' has no loads. (LINT-2)
Warning: In design 'tcn_block', net 'gen_hidden_resi_blocks[2].hidden_layer/gen_ring_banks[0].ring_bank2/sram_dout0[12]' driven by pin 'gen_hidden_resi_blocks[2].hidden_layer/gen_ring_banks[0].ring_bank2/gen_sram_32x32.u_ring_sram/dout0[12]' has no loads. (LINT-2)
Warning: In design 'tcn_block', net 'gen_hidden_resi_blocks[2].hidden_layer/gen_ring_banks[0].ring_bank2/sram_dout0[13]' driven by pin 'gen_hidden_resi_blocks[2].hidden_layer/gen_ring_banks[0].ring_bank2/gen_sram_32x32.u_ring_sram/dout0[13]' has no loads. (LINT-2)
Warning: In design 'tcn_block', net 'gen_hidden_resi_blocks[2].hidden_layer/gen_ring_banks[0].ring_bank2/sram_dout0[14]' driven by pin 'gen_hidden_resi_blocks[2].hidden_layer/gen_ring_banks[0].ring_bank2/gen_sram_32x32.u_ring_sram/dout0[14]' has no loads. (LINT-2)
Warning: In design 'tcn_block', net 'gen_hidden_resi_blocks[2].hidden_layer/gen_ring_banks[0].ring_bank2/sram_dout0[15]' driven by pin 'gen_hidden_resi_blocks[2].hidden_layer/gen_ring_banks[0].ring_bank2/gen_sram_32x32.u_ring_sram/dout0[15]' has no loads. (LINT-2)
Warning: In design 'tcn_block', net 'gen_hidden_resi_blocks[2].hidden_layer/gen_ring_banks[0].ring_bank2/sram_dout0[16]' driven by pin 'gen_hidden_resi_blocks[2].hidden_layer/gen_ring_banks[0].ring_bank2/gen_sram_32x32.u_ring_sram/dout0[16]' has no loads. (LINT-2)
Warning: In design 'tcn_block', net 'gen_hidden_resi_blocks[2].hidden_layer/gen_ring_banks[0].ring_bank2/sram_dout0[17]' driven by pin 'gen_hidden_resi_blocks[2].hidden_layer/gen_ring_banks[0].ring_bank2/gen_sram_32x32.u_ring_sram/dout0[17]' has no loads. (LINT-2)
Warning: In design 'tcn_block', net 'gen_hidden_resi_blocks[2].hidden_layer/gen_ring_banks[0].ring_bank2/sram_dout0[18]' driven by pin 'gen_hidden_resi_blocks[2].hidden_layer/gen_ring_banks[0].ring_bank2/gen_sram_32x32.u_ring_sram/dout0[18]' has no loads. (LINT-2)
Warning: In design 'tcn_block', net 'gen_hidden_resi_blocks[2].hidden_layer/gen_ring_banks[0].ring_bank2/sram_dout0[19]' driven by pin 'gen_hidden_resi_blocks[2].hidden_layer/gen_ring_banks[0].ring_bank2/gen_sram_32x32.u_ring_sram/dout0[19]' has no loads. (LINT-2)
Warning: In design 'tcn_block', net 'gen_hidden_resi_blocks[2].hidden_layer/gen_ring_banks[0].ring_bank2/sram_dout0[20]' driven by pin 'gen_hidden_resi_blocks[2].hidden_layer/gen_ring_banks[0].ring_bank2/gen_sram_32x32.u_ring_sram/dout0[20]' has no loads. (LINT-2)
Warning: In design 'tcn_block', net 'gen_hidden_resi_blocks[2].hidden_layer/gen_ring_banks[0].ring_bank2/sram_dout0[21]' driven by pin 'gen_hidden_resi_blocks[2].hidden_layer/gen_ring_banks[0].ring_bank2/gen_sram_32x32.u_ring_sram/dout0[21]' has no loads. (LINT-2)
Warning: In design 'tcn_block', net 'gen_hidden_resi_blocks[2].hidden_layer/gen_ring_banks[0].ring_bank2/sram_dout0[22]' driven by pin 'gen_hidden_resi_blocks[2].hidden_layer/gen_ring_banks[0].ring_bank2/gen_sram_32x32.u_ring_sram/dout0[22]' has no loads. (LINT-2)
Warning: In design 'tcn_block', net 'gen_hidden_resi_blocks[2].hidden_layer/gen_ring_banks[0].ring_bank2/sram_dout0[23]' driven by pin 'gen_hidden_resi_blocks[2].hidden_layer/gen_ring_banks[0].ring_bank2/gen_sram_32x32.u_ring_sram/dout0[23]' has no loads. (LINT-2)
Warning: In design 'tcn_block', net 'gen_hidden_resi_blocks[2].hidden_layer/gen_ring_banks[0].ring_bank2/sram_dout0[24]' driven by pin 'gen_hidden_resi_blocks[2].hidden_layer/gen_ring_banks[0].ring_bank2/gen_sram_32x32.u_ring_sram/dout0[24]' has no loads. (LINT-2)
Warning: In design 'tcn_block', net 'gen_hidden_resi_blocks[2].hidden_layer/gen_ring_banks[0].ring_bank2/sram_dout0[25]' driven by pin 'gen_hidden_resi_blocks[2].hidden_layer/gen_ring_banks[0].ring_bank2/gen_sram_32x32.u_ring_sram/dout0[25]' has no loads. (LINT-2)
Warning: In design 'tcn_block', net 'gen_hidden_resi_blocks[2].hidden_layer/gen_ring_banks[0].ring_bank2/sram_dout0[26]' driven by pin 'gen_hidden_resi_blocks[2].hidden_layer/gen_ring_banks[0].ring_bank2/gen_sram_32x32.u_ring_sram/dout0[26]' has no loads. (LINT-2)
Warning: In design 'tcn_block', net 'gen_hidden_resi_blocks[2].hidden_layer/gen_ring_banks[0].ring_bank2/sram_dout0[27]' driven by pin 'gen_hidden_resi_blocks[2].hidden_layer/gen_ring_banks[0].ring_bank2/gen_sram_32x32.u_ring_sram/dout0[27]' has no loads. (LINT-2)
Warning: In design 'tcn_block', net 'gen_hidden_resi_blocks[2].hidden_layer/gen_ring_banks[0].ring_bank2/sram_dout0[28]' driven by pin 'gen_hidden_resi_blocks[2].hidden_layer/gen_ring_banks[0].ring_bank2/gen_sram_32x32.u_ring_sram/dout0[28]' has no loads. (LINT-2)
Warning: In design 'tcn_block', net 'gen_hidden_resi_blocks[2].hidden_layer/gen_ring_banks[0].ring_bank2/sram_dout0[29]' driven by pin 'gen_hidden_resi_blocks[2].hidden_layer/gen_ring_banks[0].ring_bank2/gen_sram_32x32.u_ring_sram/dout0[29]' has no loads. (LINT-2)
Warning: In design 'tcn_block', net 'gen_hidden_resi_blocks[2].hidden_layer/gen_ring_banks[0].ring_bank2/sram_dout0[30]' driven by pin 'gen_hidden_resi_blocks[2].hidden_layer/gen_ring_banks[0].ring_bank2/gen_sram_32x32.u_ring_sram/dout0[30]' has no loads. (LINT-2)
Warning: In design 'tcn_block', net 'gen_hidden_resi_blocks[2].hidden_layer/gen_ring_banks[0].ring_bank2/sram_dout0[31]' driven by pin 'gen_hidden_resi_blocks[2].hidden_layer/gen_ring_banks[0].ring_bank2/gen_sram_32x32.u_ring_sram/dout0[31]' has no loads. (LINT-2)
Warning: In design 'tcn_block', net 'gen_hidden_resi_blocks[2].hidden_layer/gen_ring_banks[1].ring_bank1/sram_dout0[0]' driven by pin 'gen_hidden_resi_blocks[2].hidden_layer/gen_ring_banks[1].ring_bank1/gen_sram_32x32.u_ring_sram/dout0[0]' has no loads. (LINT-2)
Warning: In design 'tcn_block', net 'gen_hidden_resi_blocks[2].hidden_layer/gen_ring_banks[1].ring_bank1/sram_dout0[1]' driven by pin 'gen_hidden_resi_blocks[2].hidden_layer/gen_ring_banks[1].ring_bank1/gen_sram_32x32.u_ring_sram/dout0[1]' has no loads. (LINT-2)
Warning: In design 'tcn_block', net 'gen_hidden_resi_blocks[2].hidden_layer/gen_ring_banks[1].ring_bank1/sram_dout0[2]' driven by pin 'gen_hidden_resi_blocks[2].hidden_layer/gen_ring_banks[1].ring_bank1/gen_sram_32x32.u_ring_sram/dout0[2]' has no loads. (LINT-2)
Warning: In design 'tcn_block', net 'gen_hidden_resi_blocks[2].hidden_layer/gen_ring_banks[1].ring_bank1/sram_dout0[3]' driven by pin 'gen_hidden_resi_blocks[2].hidden_layer/gen_ring_banks[1].ring_bank1/gen_sram_32x32.u_ring_sram/dout0[3]' has no loads. (LINT-2)
Warning: In design 'tcn_block', net 'gen_hidden_resi_blocks[2].hidden_layer/gen_ring_banks[1].ring_bank1/sram_dout0[4]' driven by pin 'gen_hidden_resi_blocks[2].hidden_layer/gen_ring_banks[1].ring_bank1/gen_sram_32x32.u_ring_sram/dout0[4]' has no loads. (LINT-2)
Warning: In design 'tcn_block', net 'gen_hidden_resi_blocks[2].hidden_layer/gen_ring_banks[1].ring_bank1/sram_dout0[5]' driven by pin 'gen_hidden_resi_blocks[2].hidden_layer/gen_ring_banks[1].ring_bank1/gen_sram_32x32.u_ring_sram/dout0[5]' has no loads. (LINT-2)
Warning: In design 'tcn_block', net 'gen_hidden_resi_blocks[2].hidden_layer/gen_ring_banks[1].ring_bank1/sram_dout0[6]' driven by pin 'gen_hidden_resi_blocks[2].hidden_layer/gen_ring_banks[1].ring_bank1/gen_sram_32x32.u_ring_sram/dout0[6]' has no loads. (LINT-2)
Warning: In design 'tcn_block', net 'gen_hidden_resi_blocks[2].hidden_layer/gen_ring_banks[1].ring_bank1/sram_dout0[7]' driven by pin 'gen_hidden_resi_blocks[2].hidden_layer/gen_ring_banks[1].ring_bank1/gen_sram_32x32.u_ring_sram/dout0[7]' has no loads. (LINT-2)
Warning: In design 'tcn_block', net 'gen_hidden_resi_blocks[2].hidden_layer/gen_ring_banks[1].ring_bank1/sram_dout0[8]' driven by pin 'gen_hidden_resi_blocks[2].hidden_layer/gen_ring_banks[1].ring_bank1/gen_sram_32x32.u_ring_sram/dout0[8]' has no loads. (LINT-2)
Warning: In design 'tcn_block', net 'gen_hidden_resi_blocks[2].hidden_layer/gen_ring_banks[1].ring_bank1/sram_dout0[9]' driven by pin 'gen_hidden_resi_blocks[2].hidden_layer/gen_ring_banks[1].ring_bank1/gen_sram_32x32.u_ring_sram/dout0[9]' has no loads. (LINT-2)
Warning: In design 'tcn_block', net 'gen_hidden_resi_blocks[2].hidden_layer/gen_ring_banks[1].ring_bank1/sram_dout0[10]' driven by pin 'gen_hidden_resi_blocks[2].hidden_layer/gen_ring_banks[1].ring_bank1/gen_sram_32x32.u_ring_sram/dout0[10]' has no loads. (LINT-2)
Warning: In design 'tcn_block', net 'gen_hidden_resi_blocks[2].hidden_layer/gen_ring_banks[1].ring_bank1/sram_dout0[11]' driven by pin 'gen_hidden_resi_blocks[2].hidden_layer/gen_ring_banks[1].ring_bank1/gen_sram_32x32.u_ring_sram/dout0[11]' has no loads. (LINT-2)
Warning: In design 'tcn_block', net 'gen_hidden_resi_blocks[2].hidden_layer/gen_ring_banks[1].ring_bank1/sram_dout0[12]' driven by pin 'gen_hidden_resi_blocks[2].hidden_layer/gen_ring_banks[1].ring_bank1/gen_sram_32x32.u_ring_sram/dout0[12]' has no loads. (LINT-2)
Warning: In design 'tcn_block', net 'gen_hidden_resi_blocks[2].hidden_layer/gen_ring_banks[1].ring_bank1/sram_dout0[13]' driven by pin 'gen_hidden_resi_blocks[2].hidden_layer/gen_ring_banks[1].ring_bank1/gen_sram_32x32.u_ring_sram/dout0[13]' has no loads. (LINT-2)
Warning: In design 'tcn_block', net 'gen_hidden_resi_blocks[2].hidden_layer/gen_ring_banks[1].ring_bank1/sram_dout0[14]' driven by pin 'gen_hidden_resi_blocks[2].hidden_layer/gen_ring_banks[1].ring_bank1/gen_sram_32x32.u_ring_sram/dout0[14]' has no loads. (LINT-2)
Warning: In design 'tcn_block', net 'gen_hidden_resi_blocks[2].hidden_layer/gen_ring_banks[1].ring_bank1/sram_dout0[15]' driven by pin 'gen_hidden_resi_blocks[2].hidden_layer/gen_ring_banks[1].ring_bank1/gen_sram_32x32.u_ring_sram/dout0[15]' has no loads. (LINT-2)
Warning: In design 'tcn_block', net 'gen_hidden_resi_blocks[2].hidden_layer/gen_ring_banks[1].ring_bank1/sram_dout0[16]' driven by pin 'gen_hidden_resi_blocks[2].hidden_layer/gen_ring_banks[1].ring_bank1/gen_sram_32x32.u_ring_sram/dout0[16]' has no loads. (LINT-2)
Warning: In design 'tcn_block', net 'gen_hidden_resi_blocks[2].hidden_layer/gen_ring_banks[1].ring_bank1/sram_dout0[17]' driven by pin 'gen_hidden_resi_blocks[2].hidden_layer/gen_ring_banks[1].ring_bank1/gen_sram_32x32.u_ring_sram/dout0[17]' has no loads. (LINT-2)
Warning: In design 'tcn_block', net 'gen_hidden_resi_blocks[2].hidden_layer/gen_ring_banks[1].ring_bank1/sram_dout0[18]' driven by pin 'gen_hidden_resi_blocks[2].hidden_layer/gen_ring_banks[1].ring_bank1/gen_sram_32x32.u_ring_sram/dout0[18]' has no loads. (LINT-2)
Warning: In design 'tcn_block', net 'gen_hidden_resi_blocks[2].hidden_layer/gen_ring_banks[1].ring_bank1/sram_dout0[19]' driven by pin 'gen_hidden_resi_blocks[2].hidden_layer/gen_ring_banks[1].ring_bank1/gen_sram_32x32.u_ring_sram/dout0[19]' has no loads. (LINT-2)
Warning: In design 'tcn_block', net 'gen_hidden_resi_blocks[2].hidden_layer/gen_ring_banks[1].ring_bank1/sram_dout0[20]' driven by pin 'gen_hidden_resi_blocks[2].hidden_layer/gen_ring_banks[1].ring_bank1/gen_sram_32x32.u_ring_sram/dout0[20]' has no loads. (LINT-2)
Warning: In design 'tcn_block', net 'gen_hidden_resi_blocks[2].hidden_layer/gen_ring_banks[1].ring_bank1/sram_dout0[21]' driven by pin 'gen_hidden_resi_blocks[2].hidden_layer/gen_ring_banks[1].ring_bank1/gen_sram_32x32.u_ring_sram/dout0[21]' has no loads. (LINT-2)
Warning: In design 'tcn_block', net 'gen_hidden_resi_blocks[2].hidden_layer/gen_ring_banks[1].ring_bank1/sram_dout0[22]' driven by pin 'gen_hidden_resi_blocks[2].hidden_layer/gen_ring_banks[1].ring_bank1/gen_sram_32x32.u_ring_sram/dout0[22]' has no loads. (LINT-2)
Warning: In design 'tcn_block', net 'gen_hidden_resi_blocks[2].hidden_layer/gen_ring_banks[1].ring_bank1/sram_dout0[23]' driven by pin 'gen_hidden_resi_blocks[2].hidden_layer/gen_ring_banks[1].ring_bank1/gen_sram_32x32.u_ring_sram/dout0[23]' has no loads. (LINT-2)
Warning: In design 'tcn_block', net 'gen_hidden_resi_blocks[2].hidden_layer/gen_ring_banks[1].ring_bank1/sram_dout0[24]' driven by pin 'gen_hidden_resi_blocks[2].hidden_layer/gen_ring_banks[1].ring_bank1/gen_sram_32x32.u_ring_sram/dout0[24]' has no loads. (LINT-2)
Warning: In design 'tcn_block', net 'gen_hidden_resi_blocks[2].hidden_layer/gen_ring_banks[1].ring_bank1/sram_dout0[25]' driven by pin 'gen_hidden_resi_blocks[2].hidden_layer/gen_ring_banks[1].ring_bank1/gen_sram_32x32.u_ring_sram/dout0[25]' has no loads. (LINT-2)
Warning: In design 'tcn_block', net 'gen_hidden_resi_blocks[2].hidden_layer/gen_ring_banks[1].ring_bank1/sram_dout0[26]' driven by pin 'gen_hidden_resi_blocks[2].hidden_layer/gen_ring_banks[1].ring_bank1/gen_sram_32x32.u_ring_sram/dout0[26]' has no loads. (LINT-2)
Warning: In design 'tcn_block', net 'gen_hidden_resi_blocks[2].hidden_layer/gen_ring_banks[1].ring_bank1/sram_dout0[27]' driven by pin 'gen_hidden_resi_blocks[2].hidden_layer/gen_ring_banks[1].ring_bank1/gen_sram_32x32.u_ring_sram/dout0[27]' has no loads. (LINT-2)
Warning: In design 'tcn_block', net 'gen_hidden_resi_blocks[2].hidden_layer/gen_ring_banks[1].ring_bank1/sram_dout0[28]' driven by pin 'gen_hidden_resi_blocks[2].hidden_layer/gen_ring_banks[1].ring_bank1/gen_sram_32x32.u_ring_sram/dout0[28]' has no loads. (LINT-2)
Warning: In design 'tcn_block', net 'gen_hidden_resi_blocks[2].hidden_layer/gen_ring_banks[1].ring_bank1/sram_dout0[29]' driven by pin 'gen_hidden_resi_blocks[2].hidden_layer/gen_ring_banks[1].ring_bank1/gen_sram_32x32.u_ring_sram/dout0[29]' has no loads. (LINT-2)
Warning: In design 'tcn_block', net 'gen_hidden_resi_blocks[2].hidden_layer/gen_ring_banks[1].ring_bank1/sram_dout0[30]' driven by pin 'gen_hidden_resi_blocks[2].hidden_layer/gen_ring_banks[1].ring_bank1/gen_sram_32x32.u_ring_sram/dout0[30]' has no loads. (LINT-2)
Warning: In design 'tcn_block', net 'gen_hidden_resi_blocks[2].hidden_layer/gen_ring_banks[1].ring_bank1/sram_dout0[31]' driven by pin 'gen_hidden_resi_blocks[2].hidden_layer/gen_ring_banks[1].ring_bank1/gen_sram_32x32.u_ring_sram/dout0[31]' has no loads. (LINT-2)
Warning: In design 'tcn_block', net 'gen_hidden_resi_blocks[2].hidden_layer/gen_ring_banks[1].ring_bank2/sram_dout0[0]' driven by pin 'gen_hidden_resi_blocks[2].hidden_layer/gen_ring_banks[1].ring_bank2/gen_sram_32x32.u_ring_sram/dout0[0]' has no loads. (LINT-2)
Warning: In design 'tcn_block', net 'gen_hidden_resi_blocks[2].hidden_layer/gen_ring_banks[1].ring_bank2/sram_dout0[1]' driven by pin 'gen_hidden_resi_blocks[2].hidden_layer/gen_ring_banks[1].ring_bank2/gen_sram_32x32.u_ring_sram/dout0[1]' has no loads. (LINT-2)
Warning: In design 'tcn_block', net 'gen_hidden_resi_blocks[2].hidden_layer/gen_ring_banks[1].ring_bank2/sram_dout0[2]' driven by pin 'gen_hidden_resi_blocks[2].hidden_layer/gen_ring_banks[1].ring_bank2/gen_sram_32x32.u_ring_sram/dout0[2]' has no loads. (LINT-2)
Warning: In design 'tcn_block', net 'gen_hidden_resi_blocks[2].hidden_layer/gen_ring_banks[1].ring_bank2/sram_dout0[3]' driven by pin 'gen_hidden_resi_blocks[2].hidden_layer/gen_ring_banks[1].ring_bank2/gen_sram_32x32.u_ring_sram/dout0[3]' has no loads. (LINT-2)
Warning: In design 'tcn_block', net 'gen_hidden_resi_blocks[2].hidden_layer/gen_ring_banks[1].ring_bank2/sram_dout0[4]' driven by pin 'gen_hidden_resi_blocks[2].hidden_layer/gen_ring_banks[1].ring_bank2/gen_sram_32x32.u_ring_sram/dout0[4]' has no loads. (LINT-2)
Warning: In design 'tcn_block', net 'gen_hidden_resi_blocks[2].hidden_layer/gen_ring_banks[1].ring_bank2/sram_dout0[5]' driven by pin 'gen_hidden_resi_blocks[2].hidden_layer/gen_ring_banks[1].ring_bank2/gen_sram_32x32.u_ring_sram/dout0[5]' has no loads. (LINT-2)
Warning: In design 'tcn_block', net 'gen_hidden_resi_blocks[2].hidden_layer/gen_ring_banks[1].ring_bank2/sram_dout0[6]' driven by pin 'gen_hidden_resi_blocks[2].hidden_layer/gen_ring_banks[1].ring_bank2/gen_sram_32x32.u_ring_sram/dout0[6]' has no loads. (LINT-2)
Warning: In design 'tcn_block', net 'gen_hidden_resi_blocks[2].hidden_layer/gen_ring_banks[1].ring_bank2/sram_dout0[7]' driven by pin 'gen_hidden_resi_blocks[2].hidden_layer/gen_ring_banks[1].ring_bank2/gen_sram_32x32.u_ring_sram/dout0[7]' has no loads. (LINT-2)
Warning: In design 'tcn_block', net 'gen_hidden_resi_blocks[2].hidden_layer/gen_ring_banks[1].ring_bank2/sram_dout0[8]' driven by pin 'gen_hidden_resi_blocks[2].hidden_layer/gen_ring_banks[1].ring_bank2/gen_sram_32x32.u_ring_sram/dout0[8]' has no loads. (LINT-2)
Warning: In design 'tcn_block', net 'gen_hidden_resi_blocks[2].hidden_layer/gen_ring_banks[1].ring_bank2/sram_dout0[9]' driven by pin 'gen_hidden_resi_blocks[2].hidden_layer/gen_ring_banks[1].ring_bank2/gen_sram_32x32.u_ring_sram/dout0[9]' has no loads. (LINT-2)
Warning: In design 'tcn_block', net 'gen_hidden_resi_blocks[2].hidden_layer/gen_ring_banks[1].ring_bank2/sram_dout0[10]' driven by pin 'gen_hidden_resi_blocks[2].hidden_layer/gen_ring_banks[1].ring_bank2/gen_sram_32x32.u_ring_sram/dout0[10]' has no loads. (LINT-2)
Warning: In design 'tcn_block', net 'gen_hidden_resi_blocks[2].hidden_layer/gen_ring_banks[1].ring_bank2/sram_dout0[11]' driven by pin 'gen_hidden_resi_blocks[2].hidden_layer/gen_ring_banks[1].ring_bank2/gen_sram_32x32.u_ring_sram/dout0[11]' has no loads. (LINT-2)
Warning: In design 'tcn_block', net 'gen_hidden_resi_blocks[2].hidden_layer/gen_ring_banks[1].ring_bank2/sram_dout0[12]' driven by pin 'gen_hidden_resi_blocks[2].hidden_layer/gen_ring_banks[1].ring_bank2/gen_sram_32x32.u_ring_sram/dout0[12]' has no loads. (LINT-2)
Warning: In design 'tcn_block', net 'gen_hidden_resi_blocks[2].hidden_layer/gen_ring_banks[1].ring_bank2/sram_dout0[13]' driven by pin 'gen_hidden_resi_blocks[2].hidden_layer/gen_ring_banks[1].ring_bank2/gen_sram_32x32.u_ring_sram/dout0[13]' has no loads. (LINT-2)
Warning: In design 'tcn_block', net 'gen_hidden_resi_blocks[2].hidden_layer/gen_ring_banks[1].ring_bank2/sram_dout0[14]' driven by pin 'gen_hidden_resi_blocks[2].hidden_layer/gen_ring_banks[1].ring_bank2/gen_sram_32x32.u_ring_sram/dout0[14]' has no loads. (LINT-2)
Warning: In design 'tcn_block', net 'gen_hidden_resi_blocks[2].hidden_layer/gen_ring_banks[1].ring_bank2/sram_dout0[15]' driven by pin 'gen_hidden_resi_blocks[2].hidden_layer/gen_ring_banks[1].ring_bank2/gen_sram_32x32.u_ring_sram/dout0[15]' has no loads. (LINT-2)
Warning: In design 'tcn_block', net 'gen_hidden_resi_blocks[2].hidden_layer/gen_ring_banks[1].ring_bank2/sram_dout0[16]' driven by pin 'gen_hidden_resi_blocks[2].hidden_layer/gen_ring_banks[1].ring_bank2/gen_sram_32x32.u_ring_sram/dout0[16]' has no loads. (LINT-2)
Warning: In design 'tcn_block', net 'gen_hidden_resi_blocks[2].hidden_layer/gen_ring_banks[1].ring_bank2/sram_dout0[17]' driven by pin 'gen_hidden_resi_blocks[2].hidden_layer/gen_ring_banks[1].ring_bank2/gen_sram_32x32.u_ring_sram/dout0[17]' has no loads. (LINT-2)
Warning: In design 'tcn_block', net 'gen_hidden_resi_blocks[2].hidden_layer/gen_ring_banks[1].ring_bank2/sram_dout0[18]' driven by pin 'gen_hidden_resi_blocks[2].hidden_layer/gen_ring_banks[1].ring_bank2/gen_sram_32x32.u_ring_sram/dout0[18]' has no loads. (LINT-2)
Warning: In design 'tcn_block', net 'gen_hidden_resi_blocks[2].hidden_layer/gen_ring_banks[1].ring_bank2/sram_dout0[19]' driven by pin 'gen_hidden_resi_blocks[2].hidden_layer/gen_ring_banks[1].ring_bank2/gen_sram_32x32.u_ring_sram/dout0[19]' has no loads. (LINT-2)
Warning: In design 'tcn_block', net 'gen_hidden_resi_blocks[2].hidden_layer/gen_ring_banks[1].ring_bank2/sram_dout0[20]' driven by pin 'gen_hidden_resi_blocks[2].hidden_layer/gen_ring_banks[1].ring_bank2/gen_sram_32x32.u_ring_sram/dout0[20]' has no loads. (LINT-2)
Warning: In design 'tcn_block', net 'gen_hidden_resi_blocks[2].hidden_layer/gen_ring_banks[1].ring_bank2/sram_dout0[21]' driven by pin 'gen_hidden_resi_blocks[2].hidden_layer/gen_ring_banks[1].ring_bank2/gen_sram_32x32.u_ring_sram/dout0[21]' has no loads. (LINT-2)
Warning: In design 'tcn_block', net 'gen_hidden_resi_blocks[2].hidden_layer/gen_ring_banks[1].ring_bank2/sram_dout0[22]' driven by pin 'gen_hidden_resi_blocks[2].hidden_layer/gen_ring_banks[1].ring_bank2/gen_sram_32x32.u_ring_sram/dout0[22]' has no loads. (LINT-2)
Warning: In design 'tcn_block', net 'gen_hidden_resi_blocks[2].hidden_layer/gen_ring_banks[1].ring_bank2/sram_dout0[23]' driven by pin 'gen_hidden_resi_blocks[2].hidden_layer/gen_ring_banks[1].ring_bank2/gen_sram_32x32.u_ring_sram/dout0[23]' has no loads. (LINT-2)
Warning: In design 'tcn_block', net 'gen_hidden_resi_blocks[2].hidden_layer/gen_ring_banks[1].ring_bank2/sram_dout0[24]' driven by pin 'gen_hidden_resi_blocks[2].hidden_layer/gen_ring_banks[1].ring_bank2/gen_sram_32x32.u_ring_sram/dout0[24]' has no loads. (LINT-2)
Warning: In design 'tcn_block', net 'gen_hidden_resi_blocks[2].hidden_layer/gen_ring_banks[1].ring_bank2/sram_dout0[25]' driven by pin 'gen_hidden_resi_blocks[2].hidden_layer/gen_ring_banks[1].ring_bank2/gen_sram_32x32.u_ring_sram/dout0[25]' has no loads. (LINT-2)
Warning: In design 'tcn_block', net 'gen_hidden_resi_blocks[2].hidden_layer/gen_ring_banks[1].ring_bank2/sram_dout0[26]' driven by pin 'gen_hidden_resi_blocks[2].hidden_layer/gen_ring_banks[1].ring_bank2/gen_sram_32x32.u_ring_sram/dout0[26]' has no loads. (LINT-2)
Warning: In design 'tcn_block', net 'gen_hidden_resi_blocks[2].hidden_layer/gen_ring_banks[1].ring_bank2/sram_dout0[27]' driven by pin 'gen_hidden_resi_blocks[2].hidden_layer/gen_ring_banks[1].ring_bank2/gen_sram_32x32.u_ring_sram/dout0[27]' has no loads. (LINT-2)
Warning: In design 'tcn_block', net 'gen_hidden_resi_blocks[2].hidden_layer/gen_ring_banks[1].ring_bank2/sram_dout0[28]' driven by pin 'gen_hidden_resi_blocks[2].hidden_layer/gen_ring_banks[1].ring_bank2/gen_sram_32x32.u_ring_sram/dout0[28]' has no loads. (LINT-2)
Warning: In design 'tcn_block', net 'gen_hidden_resi_blocks[2].hidden_layer/gen_ring_banks[1].ring_bank2/sram_dout0[29]' driven by pin 'gen_hidden_resi_blocks[2].hidden_layer/gen_ring_banks[1].ring_bank2/gen_sram_32x32.u_ring_sram/dout0[29]' has no loads. (LINT-2)
Warning: In design 'tcn_block', net 'gen_hidden_resi_blocks[2].hidden_layer/gen_ring_banks[1].ring_bank2/sram_dout0[30]' driven by pin 'gen_hidden_resi_blocks[2].hidden_layer/gen_ring_banks[1].ring_bank2/gen_sram_32x32.u_ring_sram/dout0[30]' has no loads. (LINT-2)
Warning: In design 'tcn_block', net 'gen_hidden_resi_blocks[2].hidden_layer/gen_ring_banks[1].ring_bank2/sram_dout0[31]' driven by pin 'gen_hidden_resi_blocks[2].hidden_layer/gen_ring_banks[1].ring_bank2/gen_sram_32x32.u_ring_sram/dout0[31]' has no loads. (LINT-2)
Warning: In design 'tcn_block', net 'gen_hidden_resi_blocks[2].hidden_layer/gen_ring_banks[2].ring_bank1/sram_dout0[0]' driven by pin 'gen_hidden_resi_blocks[2].hidden_layer/gen_ring_banks[2].ring_bank1/gen_sram_32x32.u_ring_sram/dout0[0]' has no loads. (LINT-2)
Warning: In design 'tcn_block', net 'gen_hidden_resi_blocks[2].hidden_layer/gen_ring_banks[2].ring_bank1/sram_dout0[1]' driven by pin 'gen_hidden_resi_blocks[2].hidden_layer/gen_ring_banks[2].ring_bank1/gen_sram_32x32.u_ring_sram/dout0[1]' has no loads. (LINT-2)
Warning: In design 'tcn_block', net 'gen_hidden_resi_blocks[2].hidden_layer/gen_ring_banks[2].ring_bank1/sram_dout0[2]' driven by pin 'gen_hidden_resi_blocks[2].hidden_layer/gen_ring_banks[2].ring_bank1/gen_sram_32x32.u_ring_sram/dout0[2]' has no loads. (LINT-2)
Warning: In design 'tcn_block', net 'gen_hidden_resi_blocks[2].hidden_layer/gen_ring_banks[2].ring_bank1/sram_dout0[3]' driven by pin 'gen_hidden_resi_blocks[2].hidden_layer/gen_ring_banks[2].ring_bank1/gen_sram_32x32.u_ring_sram/dout0[3]' has no loads. (LINT-2)
Warning: In design 'tcn_block', net 'gen_hidden_resi_blocks[2].hidden_layer/gen_ring_banks[2].ring_bank1/sram_dout0[4]' driven by pin 'gen_hidden_resi_blocks[2].hidden_layer/gen_ring_banks[2].ring_bank1/gen_sram_32x32.u_ring_sram/dout0[4]' has no loads. (LINT-2)
Warning: In design 'tcn_block', net 'gen_hidden_resi_blocks[2].hidden_layer/gen_ring_banks[2].ring_bank1/sram_dout0[5]' driven by pin 'gen_hidden_resi_blocks[2].hidden_layer/gen_ring_banks[2].ring_bank1/gen_sram_32x32.u_ring_sram/dout0[5]' has no loads. (LINT-2)
Warning: In design 'tcn_block', net 'gen_hidden_resi_blocks[2].hidden_layer/gen_ring_banks[2].ring_bank1/sram_dout0[6]' driven by pin 'gen_hidden_resi_blocks[2].hidden_layer/gen_ring_banks[2].ring_bank1/gen_sram_32x32.u_ring_sram/dout0[6]' has no loads. (LINT-2)
Warning: In design 'tcn_block', net 'gen_hidden_resi_blocks[2].hidden_layer/gen_ring_banks[2].ring_bank1/sram_dout0[7]' driven by pin 'gen_hidden_resi_blocks[2].hidden_layer/gen_ring_banks[2].ring_bank1/gen_sram_32x32.u_ring_sram/dout0[7]' has no loads. (LINT-2)
Warning: In design 'tcn_block', net 'gen_hidden_resi_blocks[2].hidden_layer/gen_ring_banks[2].ring_bank1/sram_dout0[8]' driven by pin 'gen_hidden_resi_blocks[2].hidden_layer/gen_ring_banks[2].ring_bank1/gen_sram_32x32.u_ring_sram/dout0[8]' has no loads. (LINT-2)
Warning: In design 'tcn_block', net 'gen_hidden_resi_blocks[2].hidden_layer/gen_ring_banks[2].ring_bank1/sram_dout0[9]' driven by pin 'gen_hidden_resi_blocks[2].hidden_layer/gen_ring_banks[2].ring_bank1/gen_sram_32x32.u_ring_sram/dout0[9]' has no loads. (LINT-2)
Warning: In design 'tcn_block', net 'gen_hidden_resi_blocks[2].hidden_layer/gen_ring_banks[2].ring_bank1/sram_dout0[10]' driven by pin 'gen_hidden_resi_blocks[2].hidden_layer/gen_ring_banks[2].ring_bank1/gen_sram_32x32.u_ring_sram/dout0[10]' has no loads. (LINT-2)
Warning: In design 'tcn_block', net 'gen_hidden_resi_blocks[2].hidden_layer/gen_ring_banks[2].ring_bank1/sram_dout0[11]' driven by pin 'gen_hidden_resi_blocks[2].hidden_layer/gen_ring_banks[2].ring_bank1/gen_sram_32x32.u_ring_sram/dout0[11]' has no loads. (LINT-2)
Warning: In design 'tcn_block', net 'gen_hidden_resi_blocks[2].hidden_layer/gen_ring_banks[2].ring_bank1/sram_dout0[12]' driven by pin 'gen_hidden_resi_blocks[2].hidden_layer/gen_ring_banks[2].ring_bank1/gen_sram_32x32.u_ring_sram/dout0[12]' has no loads. (LINT-2)
Warning: In design 'tcn_block', net 'gen_hidden_resi_blocks[2].hidden_layer/gen_ring_banks[2].ring_bank1/sram_dout0[13]' driven by pin 'gen_hidden_resi_blocks[2].hidden_layer/gen_ring_banks[2].ring_bank1/gen_sram_32x32.u_ring_sram/dout0[13]' has no loads. (LINT-2)
Warning: In design 'tcn_block', net 'gen_hidden_resi_blocks[2].hidden_layer/gen_ring_banks[2].ring_bank1/sram_dout0[14]' driven by pin 'gen_hidden_resi_blocks[2].hidden_layer/gen_ring_banks[2].ring_bank1/gen_sram_32x32.u_ring_sram/dout0[14]' has no loads. (LINT-2)
Warning: In design 'tcn_block', net 'gen_hidden_resi_blocks[2].hidden_layer/gen_ring_banks[2].ring_bank1/sram_dout0[15]' driven by pin 'gen_hidden_resi_blocks[2].hidden_layer/gen_ring_banks[2].ring_bank1/gen_sram_32x32.u_ring_sram/dout0[15]' has no loads. (LINT-2)
Warning: In design 'tcn_block', net 'gen_hidden_resi_blocks[2].hidden_layer/gen_ring_banks[2].ring_bank1/sram_dout0[16]' driven by pin 'gen_hidden_resi_blocks[2].hidden_layer/gen_ring_banks[2].ring_bank1/gen_sram_32x32.u_ring_sram/dout0[16]' has no loads. (LINT-2)
Warning: In design 'tcn_block', net 'gen_hidden_resi_blocks[2].hidden_layer/gen_ring_banks[2].ring_bank1/sram_dout0[17]' driven by pin 'gen_hidden_resi_blocks[2].hidden_layer/gen_ring_banks[2].ring_bank1/gen_sram_32x32.u_ring_sram/dout0[17]' has no loads. (LINT-2)
Warning: In design 'tcn_block', net 'gen_hidden_resi_blocks[2].hidden_layer/gen_ring_banks[2].ring_bank1/sram_dout0[18]' driven by pin 'gen_hidden_resi_blocks[2].hidden_layer/gen_ring_banks[2].ring_bank1/gen_sram_32x32.u_ring_sram/dout0[18]' has no loads. (LINT-2)
Warning: In design 'tcn_block', net 'gen_hidden_resi_blocks[2].hidden_layer/gen_ring_banks[2].ring_bank1/sram_dout0[19]' driven by pin 'gen_hidden_resi_blocks[2].hidden_layer/gen_ring_banks[2].ring_bank1/gen_sram_32x32.u_ring_sram/dout0[19]' has no loads. (LINT-2)
Warning: In design 'tcn_block', net 'gen_hidden_resi_blocks[2].hidden_layer/gen_ring_banks[2].ring_bank1/sram_dout0[20]' driven by pin 'gen_hidden_resi_blocks[2].hidden_layer/gen_ring_banks[2].ring_bank1/gen_sram_32x32.u_ring_sram/dout0[20]' has no loads. (LINT-2)
Warning: In design 'tcn_block', net 'gen_hidden_resi_blocks[2].hidden_layer/gen_ring_banks[2].ring_bank1/sram_dout0[21]' driven by pin 'gen_hidden_resi_blocks[2].hidden_layer/gen_ring_banks[2].ring_bank1/gen_sram_32x32.u_ring_sram/dout0[21]' has no loads. (LINT-2)
Warning: In design 'tcn_block', net 'gen_hidden_resi_blocks[2].hidden_layer/gen_ring_banks[2].ring_bank1/sram_dout0[22]' driven by pin 'gen_hidden_resi_blocks[2].hidden_layer/gen_ring_banks[2].ring_bank1/gen_sram_32x32.u_ring_sram/dout0[22]' has no loads. (LINT-2)
Warning: In design 'tcn_block', net 'gen_hidden_resi_blocks[2].hidden_layer/gen_ring_banks[2].ring_bank1/sram_dout0[23]' driven by pin 'gen_hidden_resi_blocks[2].hidden_layer/gen_ring_banks[2].ring_bank1/gen_sram_32x32.u_ring_sram/dout0[23]' has no loads. (LINT-2)
Warning: In design 'tcn_block', net 'gen_hidden_resi_blocks[2].hidden_layer/gen_ring_banks[2].ring_bank1/sram_dout0[24]' driven by pin 'gen_hidden_resi_blocks[2].hidden_layer/gen_ring_banks[2].ring_bank1/gen_sram_32x32.u_ring_sram/dout0[24]' has no loads. (LINT-2)
Warning: In design 'tcn_block', net 'gen_hidden_resi_blocks[2].hidden_layer/gen_ring_banks[2].ring_bank1/sram_dout0[25]' driven by pin 'gen_hidden_resi_blocks[2].hidden_layer/gen_ring_banks[2].ring_bank1/gen_sram_32x32.u_ring_sram/dout0[25]' has no loads. (LINT-2)
Warning: In design 'tcn_block', net 'gen_hidden_resi_blocks[2].hidden_layer/gen_ring_banks[2].ring_bank1/sram_dout0[26]' driven by pin 'gen_hidden_resi_blocks[2].hidden_layer/gen_ring_banks[2].ring_bank1/gen_sram_32x32.u_ring_sram/dout0[26]' has no loads. (LINT-2)
Warning: In design 'tcn_block', net 'gen_hidden_resi_blocks[2].hidden_layer/gen_ring_banks[2].ring_bank1/sram_dout0[27]' driven by pin 'gen_hidden_resi_blocks[2].hidden_layer/gen_ring_banks[2].ring_bank1/gen_sram_32x32.u_ring_sram/dout0[27]' has no loads. (LINT-2)
Warning: In design 'tcn_block', net 'gen_hidden_resi_blocks[2].hidden_layer/gen_ring_banks[2].ring_bank1/sram_dout0[28]' driven by pin 'gen_hidden_resi_blocks[2].hidden_layer/gen_ring_banks[2].ring_bank1/gen_sram_32x32.u_ring_sram/dout0[28]' has no loads. (LINT-2)
Warning: In design 'tcn_block', net 'gen_hidden_resi_blocks[2].hidden_layer/gen_ring_banks[2].ring_bank1/sram_dout0[29]' driven by pin 'gen_hidden_resi_blocks[2].hidden_layer/gen_ring_banks[2].ring_bank1/gen_sram_32x32.u_ring_sram/dout0[29]' has no loads. (LINT-2)
Warning: In design 'tcn_block', net 'gen_hidden_resi_blocks[2].hidden_layer/gen_ring_banks[2].ring_bank1/sram_dout0[30]' driven by pin 'gen_hidden_resi_blocks[2].hidden_layer/gen_ring_banks[2].ring_bank1/gen_sram_32x32.u_ring_sram/dout0[30]' has no loads. (LINT-2)
Warning: In design 'tcn_block', net 'gen_hidden_resi_blocks[2].hidden_layer/gen_ring_banks[2].ring_bank1/sram_dout0[31]' driven by pin 'gen_hidden_resi_blocks[2].hidden_layer/gen_ring_banks[2].ring_bank1/gen_sram_32x32.u_ring_sram/dout0[31]' has no loads. (LINT-2)
Warning: In design 'tcn_block', net 'gen_hidden_resi_blocks[2].hidden_layer/gen_ring_banks[2].ring_bank2/sram_dout0[0]' driven by pin 'gen_hidden_resi_blocks[2].hidden_layer/gen_ring_banks[2].ring_bank2/gen_sram_32x32.u_ring_sram/dout0[0]' has no loads. (LINT-2)
Warning: In design 'tcn_block', net 'gen_hidden_resi_blocks[2].hidden_layer/gen_ring_banks[2].ring_bank2/sram_dout0[1]' driven by pin 'gen_hidden_resi_blocks[2].hidden_layer/gen_ring_banks[2].ring_bank2/gen_sram_32x32.u_ring_sram/dout0[1]' has no loads. (LINT-2)
Warning: In design 'tcn_block', net 'gen_hidden_resi_blocks[2].hidden_layer/gen_ring_banks[2].ring_bank2/sram_dout0[2]' driven by pin 'gen_hidden_resi_blocks[2].hidden_layer/gen_ring_banks[2].ring_bank2/gen_sram_32x32.u_ring_sram/dout0[2]' has no loads. (LINT-2)
Warning: In design 'tcn_block', net 'gen_hidden_resi_blocks[2].hidden_layer/gen_ring_banks[2].ring_bank2/sram_dout0[3]' driven by pin 'gen_hidden_resi_blocks[2].hidden_layer/gen_ring_banks[2].ring_bank2/gen_sram_32x32.u_ring_sram/dout0[3]' has no loads. (LINT-2)
Warning: In design 'tcn_block', net 'gen_hidden_resi_blocks[2].hidden_layer/gen_ring_banks[2].ring_bank2/sram_dout0[4]' driven by pin 'gen_hidden_resi_blocks[2].hidden_layer/gen_ring_banks[2].ring_bank2/gen_sram_32x32.u_ring_sram/dout0[4]' has no loads. (LINT-2)
Warning: In design 'tcn_block', net 'gen_hidden_resi_blocks[2].hidden_layer/gen_ring_banks[2].ring_bank2/sram_dout0[5]' driven by pin 'gen_hidden_resi_blocks[2].hidden_layer/gen_ring_banks[2].ring_bank2/gen_sram_32x32.u_ring_sram/dout0[5]' has no loads. (LINT-2)
Warning: In design 'tcn_block', net 'gen_hidden_resi_blocks[2].hidden_layer/gen_ring_banks[2].ring_bank2/sram_dout0[6]' driven by pin 'gen_hidden_resi_blocks[2].hidden_layer/gen_ring_banks[2].ring_bank2/gen_sram_32x32.u_ring_sram/dout0[6]' has no loads. (LINT-2)
Warning: In design 'tcn_block', net 'gen_hidden_resi_blocks[2].hidden_layer/gen_ring_banks[2].ring_bank2/sram_dout0[7]' driven by pin 'gen_hidden_resi_blocks[2].hidden_layer/gen_ring_banks[2].ring_bank2/gen_sram_32x32.u_ring_sram/dout0[7]' has no loads. (LINT-2)
Warning: In design 'tcn_block', net 'gen_hidden_resi_blocks[2].hidden_layer/gen_ring_banks[2].ring_bank2/sram_dout0[8]' driven by pin 'gen_hidden_resi_blocks[2].hidden_layer/gen_ring_banks[2].ring_bank2/gen_sram_32x32.u_ring_sram/dout0[8]' has no loads. (LINT-2)
Warning: In design 'tcn_block', net 'gen_hidden_resi_blocks[2].hidden_layer/gen_ring_banks[2].ring_bank2/sram_dout0[9]' driven by pin 'gen_hidden_resi_blocks[2].hidden_layer/gen_ring_banks[2].ring_bank2/gen_sram_32x32.u_ring_sram/dout0[9]' has no loads. (LINT-2)
Warning: In design 'tcn_block', net 'gen_hidden_resi_blocks[2].hidden_layer/gen_ring_banks[2].ring_bank2/sram_dout0[10]' driven by pin 'gen_hidden_resi_blocks[2].hidden_layer/gen_ring_banks[2].ring_bank2/gen_sram_32x32.u_ring_sram/dout0[10]' has no loads. (LINT-2)
Warning: In design 'tcn_block', net 'gen_hidden_resi_blocks[2].hidden_layer/gen_ring_banks[2].ring_bank2/sram_dout0[11]' driven by pin 'gen_hidden_resi_blocks[2].hidden_layer/gen_ring_banks[2].ring_bank2/gen_sram_32x32.u_ring_sram/dout0[11]' has no loads. (LINT-2)
Warning: In design 'tcn_block', net 'gen_hidden_resi_blocks[2].hidden_layer/gen_ring_banks[2].ring_bank2/sram_dout0[12]' driven by pin 'gen_hidden_resi_blocks[2].hidden_layer/gen_ring_banks[2].ring_bank2/gen_sram_32x32.u_ring_sram/dout0[12]' has no loads. (LINT-2)
Warning: In design 'tcn_block', net 'gen_hidden_resi_blocks[2].hidden_layer/gen_ring_banks[2].ring_bank2/sram_dout0[13]' driven by pin 'gen_hidden_resi_blocks[2].hidden_layer/gen_ring_banks[2].ring_bank2/gen_sram_32x32.u_ring_sram/dout0[13]' has no loads. (LINT-2)
Warning: In design 'tcn_block', net 'gen_hidden_resi_blocks[2].hidden_layer/gen_ring_banks[2].ring_bank2/sram_dout0[14]' driven by pin 'gen_hidden_resi_blocks[2].hidden_layer/gen_ring_banks[2].ring_bank2/gen_sram_32x32.u_ring_sram/dout0[14]' has no loads. (LINT-2)
Warning: In design 'tcn_block', net 'gen_hidden_resi_blocks[2].hidden_layer/gen_ring_banks[2].ring_bank2/sram_dout0[15]' driven by pin 'gen_hidden_resi_blocks[2].hidden_layer/gen_ring_banks[2].ring_bank2/gen_sram_32x32.u_ring_sram/dout0[15]' has no loads. (LINT-2)
Warning: In design 'tcn_block', net 'gen_hidden_resi_blocks[2].hidden_layer/gen_ring_banks[2].ring_bank2/sram_dout0[16]' driven by pin 'gen_hidden_resi_blocks[2].hidden_layer/gen_ring_banks[2].ring_bank2/gen_sram_32x32.u_ring_sram/dout0[16]' has no loads. (LINT-2)
Warning: In design 'tcn_block', net 'gen_hidden_resi_blocks[2].hidden_layer/gen_ring_banks[2].ring_bank2/sram_dout0[17]' driven by pin 'gen_hidden_resi_blocks[2].hidden_layer/gen_ring_banks[2].ring_bank2/gen_sram_32x32.u_ring_sram/dout0[17]' has no loads. (LINT-2)
Warning: In design 'tcn_block', net 'gen_hidden_resi_blocks[2].hidden_layer/gen_ring_banks[2].ring_bank2/sram_dout0[18]' driven by pin 'gen_hidden_resi_blocks[2].hidden_layer/gen_ring_banks[2].ring_bank2/gen_sram_32x32.u_ring_sram/dout0[18]' has no loads. (LINT-2)
Warning: In design 'tcn_block', net 'gen_hidden_resi_blocks[2].hidden_layer/gen_ring_banks[2].ring_bank2/sram_dout0[19]' driven by pin 'gen_hidden_resi_blocks[2].hidden_layer/gen_ring_banks[2].ring_bank2/gen_sram_32x32.u_ring_sram/dout0[19]' has no loads. (LINT-2)
Warning: In design 'tcn_block', net 'gen_hidden_resi_blocks[2].hidden_layer/gen_ring_banks[2].ring_bank2/sram_dout0[20]' driven by pin 'gen_hidden_resi_blocks[2].hidden_layer/gen_ring_banks[2].ring_bank2/gen_sram_32x32.u_ring_sram/dout0[20]' has no loads. (LINT-2)
Warning: In design 'tcn_block', net 'gen_hidden_resi_blocks[2].hidden_layer/gen_ring_banks[2].ring_bank2/sram_dout0[21]' driven by pin 'gen_hidden_resi_blocks[2].hidden_layer/gen_ring_banks[2].ring_bank2/gen_sram_32x32.u_ring_sram/dout0[21]' has no loads. (LINT-2)
Warning: In design 'tcn_block', net 'gen_hidden_resi_blocks[2].hidden_layer/gen_ring_banks[2].ring_bank2/sram_dout0[22]' driven by pin 'gen_hidden_resi_blocks[2].hidden_layer/gen_ring_banks[2].ring_bank2/gen_sram_32x32.u_ring_sram/dout0[22]' has no loads. (LINT-2)
Warning: In design 'tcn_block', net 'gen_hidden_resi_blocks[2].hidden_layer/gen_ring_banks[2].ring_bank2/sram_dout0[23]' driven by pin 'gen_hidden_resi_blocks[2].hidden_layer/gen_ring_banks[2].ring_bank2/gen_sram_32x32.u_ring_sram/dout0[23]' has no loads. (LINT-2)
Warning: In design 'tcn_block', net 'gen_hidden_resi_blocks[2].hidden_layer/gen_ring_banks[2].ring_bank2/sram_dout0[24]' driven by pin 'gen_hidden_resi_blocks[2].hidden_layer/gen_ring_banks[2].ring_bank2/gen_sram_32x32.u_ring_sram/dout0[24]' has no loads. (LINT-2)
Warning: In design 'tcn_block', net 'gen_hidden_resi_blocks[2].hidden_layer/gen_ring_banks[2].ring_bank2/sram_dout0[25]' driven by pin 'gen_hidden_resi_blocks[2].hidden_layer/gen_ring_banks[2].ring_bank2/gen_sram_32x32.u_ring_sram/dout0[25]' has no loads. (LINT-2)
Warning: In design 'tcn_block', net 'gen_hidden_resi_blocks[2].hidden_layer/gen_ring_banks[2].ring_bank2/sram_dout0[26]' driven by pin 'gen_hidden_resi_blocks[2].hidden_layer/gen_ring_banks[2].ring_bank2/gen_sram_32x32.u_ring_sram/dout0[26]' has no loads. (LINT-2)
Warning: In design 'tcn_block', net 'gen_hidden_resi_blocks[2].hidden_layer/gen_ring_banks[2].ring_bank2/sram_dout0[27]' driven by pin 'gen_hidden_resi_blocks[2].hidden_layer/gen_ring_banks[2].ring_bank2/gen_sram_32x32.u_ring_sram/dout0[27]' has no loads. (LINT-2)
Warning: In design 'tcn_block', net 'gen_hidden_resi_blocks[2].hidden_layer/gen_ring_banks[2].ring_bank2/sram_dout0[28]' driven by pin 'gen_hidden_resi_blocks[2].hidden_layer/gen_ring_banks[2].ring_bank2/gen_sram_32x32.u_ring_sram/dout0[28]' has no loads. (LINT-2)
Warning: In design 'tcn_block', net 'gen_hidden_resi_blocks[2].hidden_layer/gen_ring_banks[2].ring_bank2/sram_dout0[29]' driven by pin 'gen_hidden_resi_blocks[2].hidden_layer/gen_ring_banks[2].ring_bank2/gen_sram_32x32.u_ring_sram/dout0[29]' has no loads. (LINT-2)
Warning: In design 'tcn_block', net 'gen_hidden_resi_blocks[2].hidden_layer/gen_ring_banks[2].ring_bank2/sram_dout0[30]' driven by pin 'gen_hidden_resi_blocks[2].hidden_layer/gen_ring_banks[2].ring_bank2/gen_sram_32x32.u_ring_sram/dout0[30]' has no loads. (LINT-2)
Warning: In design 'tcn_block', net 'gen_hidden_resi_blocks[2].hidden_layer/gen_ring_banks[2].ring_bank2/sram_dout0[31]' driven by pin 'gen_hidden_resi_blocks[2].hidden_layer/gen_ring_banks[2].ring_bank2/gen_sram_32x32.u_ring_sram/dout0[31]' has no loads. (LINT-2)
Warning: In design 'tcn_block', net 'gen_hidden_resi_blocks[2].hidden_layer/gen_ring_banks[3].ring_bank1/sram_dout0[0]' driven by pin 'gen_hidden_resi_blocks[2].hidden_layer/gen_ring_banks[3].ring_bank1/gen_sram_32x32.u_ring_sram/dout0[0]' has no loads. (LINT-2)
Warning: In design 'tcn_block', net 'gen_hidden_resi_blocks[2].hidden_layer/gen_ring_banks[3].ring_bank1/sram_dout0[1]' driven by pin 'gen_hidden_resi_blocks[2].hidden_layer/gen_ring_banks[3].ring_bank1/gen_sram_32x32.u_ring_sram/dout0[1]' has no loads. (LINT-2)
Warning: In design 'tcn_block', net 'gen_hidden_resi_blocks[2].hidden_layer/gen_ring_banks[3].ring_bank1/sram_dout0[2]' driven by pin 'gen_hidden_resi_blocks[2].hidden_layer/gen_ring_banks[3].ring_bank1/gen_sram_32x32.u_ring_sram/dout0[2]' has no loads. (LINT-2)
Warning: In design 'tcn_block', net 'gen_hidden_resi_blocks[2].hidden_layer/gen_ring_banks[3].ring_bank1/sram_dout0[3]' driven by pin 'gen_hidden_resi_blocks[2].hidden_layer/gen_ring_banks[3].ring_bank1/gen_sram_32x32.u_ring_sram/dout0[3]' has no loads. (LINT-2)
Warning: In design 'tcn_block', net 'gen_hidden_resi_blocks[2].hidden_layer/gen_ring_banks[3].ring_bank1/sram_dout0[4]' driven by pin 'gen_hidden_resi_blocks[2].hidden_layer/gen_ring_banks[3].ring_bank1/gen_sram_32x32.u_ring_sram/dout0[4]' has no loads. (LINT-2)
Warning: In design 'tcn_block', net 'gen_hidden_resi_blocks[2].hidden_layer/gen_ring_banks[3].ring_bank1/sram_dout0[5]' driven by pin 'gen_hidden_resi_blocks[2].hidden_layer/gen_ring_banks[3].ring_bank1/gen_sram_32x32.u_ring_sram/dout0[5]' has no loads. (LINT-2)
Warning: In design 'tcn_block', net 'gen_hidden_resi_blocks[2].hidden_layer/gen_ring_banks[3].ring_bank1/sram_dout0[6]' driven by pin 'gen_hidden_resi_blocks[2].hidden_layer/gen_ring_banks[3].ring_bank1/gen_sram_32x32.u_ring_sram/dout0[6]' has no loads. (LINT-2)
Warning: In design 'tcn_block', net 'gen_hidden_resi_blocks[2].hidden_layer/gen_ring_banks[3].ring_bank1/sram_dout0[7]' driven by pin 'gen_hidden_resi_blocks[2].hidden_layer/gen_ring_banks[3].ring_bank1/gen_sram_32x32.u_ring_sram/dout0[7]' has no loads. (LINT-2)
Warning: In design 'tcn_block', net 'gen_hidden_resi_blocks[2].hidden_layer/gen_ring_banks[3].ring_bank1/sram_dout0[8]' driven by pin 'gen_hidden_resi_blocks[2].hidden_layer/gen_ring_banks[3].ring_bank1/gen_sram_32x32.u_ring_sram/dout0[8]' has no loads. (LINT-2)
Warning: In design 'tcn_block', net 'gen_hidden_resi_blocks[2].hidden_layer/gen_ring_banks[3].ring_bank1/sram_dout0[9]' driven by pin 'gen_hidden_resi_blocks[2].hidden_layer/gen_ring_banks[3].ring_bank1/gen_sram_32x32.u_ring_sram/dout0[9]' has no loads. (LINT-2)
Warning: In design 'tcn_block', net 'gen_hidden_resi_blocks[2].hidden_layer/gen_ring_banks[3].ring_bank1/sram_dout0[10]' driven by pin 'gen_hidden_resi_blocks[2].hidden_layer/gen_ring_banks[3].ring_bank1/gen_sram_32x32.u_ring_sram/dout0[10]' has no loads. (LINT-2)
Warning: In design 'tcn_block', net 'gen_hidden_resi_blocks[2].hidden_layer/gen_ring_banks[3].ring_bank1/sram_dout0[11]' driven by pin 'gen_hidden_resi_blocks[2].hidden_layer/gen_ring_banks[3].ring_bank1/gen_sram_32x32.u_ring_sram/dout0[11]' has no loads. (LINT-2)
Warning: In design 'tcn_block', net 'gen_hidden_resi_blocks[2].hidden_layer/gen_ring_banks[3].ring_bank1/sram_dout0[12]' driven by pin 'gen_hidden_resi_blocks[2].hidden_layer/gen_ring_banks[3].ring_bank1/gen_sram_32x32.u_ring_sram/dout0[12]' has no loads. (LINT-2)
Warning: In design 'tcn_block', net 'gen_hidden_resi_blocks[2].hidden_layer/gen_ring_banks[3].ring_bank1/sram_dout0[13]' driven by pin 'gen_hidden_resi_blocks[2].hidden_layer/gen_ring_banks[3].ring_bank1/gen_sram_32x32.u_ring_sram/dout0[13]' has no loads. (LINT-2)
Warning: In design 'tcn_block', net 'gen_hidden_resi_blocks[2].hidden_layer/gen_ring_banks[3].ring_bank1/sram_dout0[14]' driven by pin 'gen_hidden_resi_blocks[2].hidden_layer/gen_ring_banks[3].ring_bank1/gen_sram_32x32.u_ring_sram/dout0[14]' has no loads. (LINT-2)
Warning: In design 'tcn_block', net 'gen_hidden_resi_blocks[2].hidden_layer/gen_ring_banks[3].ring_bank1/sram_dout0[15]' driven by pin 'gen_hidden_resi_blocks[2].hidden_layer/gen_ring_banks[3].ring_bank1/gen_sram_32x32.u_ring_sram/dout0[15]' has no loads. (LINT-2)
Warning: In design 'tcn_block', net 'gen_hidden_resi_blocks[2].hidden_layer/gen_ring_banks[3].ring_bank1/sram_dout0[16]' driven by pin 'gen_hidden_resi_blocks[2].hidden_layer/gen_ring_banks[3].ring_bank1/gen_sram_32x32.u_ring_sram/dout0[16]' has no loads. (LINT-2)
Warning: In design 'tcn_block', net 'gen_hidden_resi_blocks[2].hidden_layer/gen_ring_banks[3].ring_bank1/sram_dout0[17]' driven by pin 'gen_hidden_resi_blocks[2].hidden_layer/gen_ring_banks[3].ring_bank1/gen_sram_32x32.u_ring_sram/dout0[17]' has no loads. (LINT-2)
Warning: In design 'tcn_block', net 'gen_hidden_resi_blocks[2].hidden_layer/gen_ring_banks[3].ring_bank1/sram_dout0[18]' driven by pin 'gen_hidden_resi_blocks[2].hidden_layer/gen_ring_banks[3].ring_bank1/gen_sram_32x32.u_ring_sram/dout0[18]' has no loads. (LINT-2)
Warning: In design 'tcn_block', net 'gen_hidden_resi_blocks[2].hidden_layer/gen_ring_banks[3].ring_bank1/sram_dout0[19]' driven by pin 'gen_hidden_resi_blocks[2].hidden_layer/gen_ring_banks[3].ring_bank1/gen_sram_32x32.u_ring_sram/dout0[19]' has no loads. (LINT-2)
Warning: In design 'tcn_block', net 'gen_hidden_resi_blocks[2].hidden_layer/gen_ring_banks[3].ring_bank1/sram_dout0[20]' driven by pin 'gen_hidden_resi_blocks[2].hidden_layer/gen_ring_banks[3].ring_bank1/gen_sram_32x32.u_ring_sram/dout0[20]' has no loads. (LINT-2)
Warning: In design 'tcn_block', net 'gen_hidden_resi_blocks[2].hidden_layer/gen_ring_banks[3].ring_bank1/sram_dout0[21]' driven by pin 'gen_hidden_resi_blocks[2].hidden_layer/gen_ring_banks[3].ring_bank1/gen_sram_32x32.u_ring_sram/dout0[21]' has no loads. (LINT-2)
Warning: In design 'tcn_block', net 'gen_hidden_resi_blocks[2].hidden_layer/gen_ring_banks[3].ring_bank1/sram_dout0[22]' driven by pin 'gen_hidden_resi_blocks[2].hidden_layer/gen_ring_banks[3].ring_bank1/gen_sram_32x32.u_ring_sram/dout0[22]' has no loads. (LINT-2)
Warning: In design 'tcn_block', net 'gen_hidden_resi_blocks[2].hidden_layer/gen_ring_banks[3].ring_bank1/sram_dout0[23]' driven by pin 'gen_hidden_resi_blocks[2].hidden_layer/gen_ring_banks[3].ring_bank1/gen_sram_32x32.u_ring_sram/dout0[23]' has no loads. (LINT-2)
Warning: In design 'tcn_block', net 'gen_hidden_resi_blocks[2].hidden_layer/gen_ring_banks[3].ring_bank1/sram_dout0[24]' driven by pin 'gen_hidden_resi_blocks[2].hidden_layer/gen_ring_banks[3].ring_bank1/gen_sram_32x32.u_ring_sram/dout0[24]' has no loads. (LINT-2)
Warning: In design 'tcn_block', net 'gen_hidden_resi_blocks[2].hidden_layer/gen_ring_banks[3].ring_bank1/sram_dout0[25]' driven by pin 'gen_hidden_resi_blocks[2].hidden_layer/gen_ring_banks[3].ring_bank1/gen_sram_32x32.u_ring_sram/dout0[25]' has no loads. (LINT-2)
Warning: In design 'tcn_block', net 'gen_hidden_resi_blocks[2].hidden_layer/gen_ring_banks[3].ring_bank1/sram_dout0[26]' driven by pin 'gen_hidden_resi_blocks[2].hidden_layer/gen_ring_banks[3].ring_bank1/gen_sram_32x32.u_ring_sram/dout0[26]' has no loads. (LINT-2)
Warning: In design 'tcn_block', net 'gen_hidden_resi_blocks[2].hidden_layer/gen_ring_banks[3].ring_bank1/sram_dout0[27]' driven by pin 'gen_hidden_resi_blocks[2].hidden_layer/gen_ring_banks[3].ring_bank1/gen_sram_32x32.u_ring_sram/dout0[27]' has no loads. (LINT-2)
Warning: In design 'tcn_block', net 'gen_hidden_resi_blocks[2].hidden_layer/gen_ring_banks[3].ring_bank1/sram_dout0[28]' driven by pin 'gen_hidden_resi_blocks[2].hidden_layer/gen_ring_banks[3].ring_bank1/gen_sram_32x32.u_ring_sram/dout0[28]' has no loads. (LINT-2)
Warning: In design 'tcn_block', net 'gen_hidden_resi_blocks[2].hidden_layer/gen_ring_banks[3].ring_bank1/sram_dout0[29]' driven by pin 'gen_hidden_resi_blocks[2].hidden_layer/gen_ring_banks[3].ring_bank1/gen_sram_32x32.u_ring_sram/dout0[29]' has no loads. (LINT-2)
Warning: In design 'tcn_block', net 'gen_hidden_resi_blocks[2].hidden_layer/gen_ring_banks[3].ring_bank1/sram_dout0[30]' driven by pin 'gen_hidden_resi_blocks[2].hidden_layer/gen_ring_banks[3].ring_bank1/gen_sram_32x32.u_ring_sram/dout0[30]' has no loads. (LINT-2)
Warning: In design 'tcn_block', net 'gen_hidden_resi_blocks[2].hidden_layer/gen_ring_banks[3].ring_bank1/sram_dout0[31]' driven by pin 'gen_hidden_resi_blocks[2].hidden_layer/gen_ring_banks[3].ring_bank1/gen_sram_32x32.u_ring_sram/dout0[31]' has no loads. (LINT-2)
Warning: In design 'tcn_block', net 'gen_hidden_resi_blocks[2].hidden_layer/gen_ring_banks[3].ring_bank2/sram_dout0[0]' driven by pin 'gen_hidden_resi_blocks[2].hidden_layer/gen_ring_banks[3].ring_bank2/gen_sram_32x32.u_ring_sram/dout0[0]' has no loads. (LINT-2)
Warning: In design 'tcn_block', net 'gen_hidden_resi_blocks[2].hidden_layer/gen_ring_banks[3].ring_bank2/sram_dout0[1]' driven by pin 'gen_hidden_resi_blocks[2].hidden_layer/gen_ring_banks[3].ring_bank2/gen_sram_32x32.u_ring_sram/dout0[1]' has no loads. (LINT-2)
Warning: In design 'tcn_block', net 'gen_hidden_resi_blocks[2].hidden_layer/gen_ring_banks[3].ring_bank2/sram_dout0[2]' driven by pin 'gen_hidden_resi_blocks[2].hidden_layer/gen_ring_banks[3].ring_bank2/gen_sram_32x32.u_ring_sram/dout0[2]' has no loads. (LINT-2)
Warning: In design 'tcn_block', net 'gen_hidden_resi_blocks[2].hidden_layer/gen_ring_banks[3].ring_bank2/sram_dout0[3]' driven by pin 'gen_hidden_resi_blocks[2].hidden_layer/gen_ring_banks[3].ring_bank2/gen_sram_32x32.u_ring_sram/dout0[3]' has no loads. (LINT-2)
Warning: In design 'tcn_block', net 'gen_hidden_resi_blocks[2].hidden_layer/gen_ring_banks[3].ring_bank2/sram_dout0[4]' driven by pin 'gen_hidden_resi_blocks[2].hidden_layer/gen_ring_banks[3].ring_bank2/gen_sram_32x32.u_ring_sram/dout0[4]' has no loads. (LINT-2)
Warning: In design 'tcn_block', net 'gen_hidden_resi_blocks[2].hidden_layer/gen_ring_banks[3].ring_bank2/sram_dout0[5]' driven by pin 'gen_hidden_resi_blocks[2].hidden_layer/gen_ring_banks[3].ring_bank2/gen_sram_32x32.u_ring_sram/dout0[5]' has no loads. (LINT-2)
Warning: In design 'tcn_block', net 'gen_hidden_resi_blocks[2].hidden_layer/gen_ring_banks[3].ring_bank2/sram_dout0[6]' driven by pin 'gen_hidden_resi_blocks[2].hidden_layer/gen_ring_banks[3].ring_bank2/gen_sram_32x32.u_ring_sram/dout0[6]' has no loads. (LINT-2)
Warning: In design 'tcn_block', net 'gen_hidden_resi_blocks[2].hidden_layer/gen_ring_banks[3].ring_bank2/sram_dout0[7]' driven by pin 'gen_hidden_resi_blocks[2].hidden_layer/gen_ring_banks[3].ring_bank2/gen_sram_32x32.u_ring_sram/dout0[7]' has no loads. (LINT-2)
Warning: In design 'tcn_block', net 'gen_hidden_resi_blocks[2].hidden_layer/gen_ring_banks[3].ring_bank2/sram_dout0[8]' driven by pin 'gen_hidden_resi_blocks[2].hidden_layer/gen_ring_banks[3].ring_bank2/gen_sram_32x32.u_ring_sram/dout0[8]' has no loads. (LINT-2)
Warning: In design 'tcn_block', net 'gen_hidden_resi_blocks[2].hidden_layer/gen_ring_banks[3].ring_bank2/sram_dout0[9]' driven by pin 'gen_hidden_resi_blocks[2].hidden_layer/gen_ring_banks[3].ring_bank2/gen_sram_32x32.u_ring_sram/dout0[9]' has no loads. (LINT-2)
Warning: In design 'tcn_block', net 'gen_hidden_resi_blocks[2].hidden_layer/gen_ring_banks[3].ring_bank2/sram_dout0[10]' driven by pin 'gen_hidden_resi_blocks[2].hidden_layer/gen_ring_banks[3].ring_bank2/gen_sram_32x32.u_ring_sram/dout0[10]' has no loads. (LINT-2)
Warning: In design 'tcn_block', net 'gen_hidden_resi_blocks[2].hidden_layer/gen_ring_banks[3].ring_bank2/sram_dout0[11]' driven by pin 'gen_hidden_resi_blocks[2].hidden_layer/gen_ring_banks[3].ring_bank2/gen_sram_32x32.u_ring_sram/dout0[11]' has no loads. (LINT-2)
Warning: In design 'tcn_block', net 'gen_hidden_resi_blocks[2].hidden_layer/gen_ring_banks[3].ring_bank2/sram_dout0[12]' driven by pin 'gen_hidden_resi_blocks[2].hidden_layer/gen_ring_banks[3].ring_bank2/gen_sram_32x32.u_ring_sram/dout0[12]' has no loads. (LINT-2)
Warning: In design 'tcn_block', net 'gen_hidden_resi_blocks[2].hidden_layer/gen_ring_banks[3].ring_bank2/sram_dout0[13]' driven by pin 'gen_hidden_resi_blocks[2].hidden_layer/gen_ring_banks[3].ring_bank2/gen_sram_32x32.u_ring_sram/dout0[13]' has no loads. (LINT-2)
Warning: In design 'tcn_block', net 'gen_hidden_resi_blocks[2].hidden_layer/gen_ring_banks[3].ring_bank2/sram_dout0[14]' driven by pin 'gen_hidden_resi_blocks[2].hidden_layer/gen_ring_banks[3].ring_bank2/gen_sram_32x32.u_ring_sram/dout0[14]' has no loads. (LINT-2)
Warning: In design 'tcn_block', net 'gen_hidden_resi_blocks[2].hidden_layer/gen_ring_banks[3].ring_bank2/sram_dout0[15]' driven by pin 'gen_hidden_resi_blocks[2].hidden_layer/gen_ring_banks[3].ring_bank2/gen_sram_32x32.u_ring_sram/dout0[15]' has no loads. (LINT-2)
Warning: In design 'tcn_block', net 'gen_hidden_resi_blocks[2].hidden_layer/gen_ring_banks[3].ring_bank2/sram_dout0[16]' driven by pin 'gen_hidden_resi_blocks[2].hidden_layer/gen_ring_banks[3].ring_bank2/gen_sram_32x32.u_ring_sram/dout0[16]' has no loads. (LINT-2)
Warning: In design 'tcn_block', net 'gen_hidden_resi_blocks[2].hidden_layer/gen_ring_banks[3].ring_bank2/sram_dout0[17]' driven by pin 'gen_hidden_resi_blocks[2].hidden_layer/gen_ring_banks[3].ring_bank2/gen_sram_32x32.u_ring_sram/dout0[17]' has no loads. (LINT-2)
Warning: In design 'tcn_block', net 'gen_hidden_resi_blocks[2].hidden_layer/gen_ring_banks[3].ring_bank2/sram_dout0[18]' driven by pin 'gen_hidden_resi_blocks[2].hidden_layer/gen_ring_banks[3].ring_bank2/gen_sram_32x32.u_ring_sram/dout0[18]' has no loads. (LINT-2)
Warning: In design 'tcn_block', net 'gen_hidden_resi_blocks[2].hidden_layer/gen_ring_banks[3].ring_bank2/sram_dout0[19]' driven by pin 'gen_hidden_resi_blocks[2].hidden_layer/gen_ring_banks[3].ring_bank2/gen_sram_32x32.u_ring_sram/dout0[19]' has no loads. (LINT-2)
Warning: In design 'tcn_block', net 'gen_hidden_resi_blocks[2].hidden_layer/gen_ring_banks[3].ring_bank2/sram_dout0[20]' driven by pin 'gen_hidden_resi_blocks[2].hidden_layer/gen_ring_banks[3].ring_bank2/gen_sram_32x32.u_ring_sram/dout0[20]' has no loads. (LINT-2)
Warning: In design 'tcn_block', net 'gen_hidden_resi_blocks[2].hidden_layer/gen_ring_banks[3].ring_bank2/sram_dout0[21]' driven by pin 'gen_hidden_resi_blocks[2].hidden_layer/gen_ring_banks[3].ring_bank2/gen_sram_32x32.u_ring_sram/dout0[21]' has no loads. (LINT-2)
Warning: In design 'tcn_block', net 'gen_hidden_resi_blocks[2].hidden_layer/gen_ring_banks[3].ring_bank2/sram_dout0[22]' driven by pin 'gen_hidden_resi_blocks[2].hidden_layer/gen_ring_banks[3].ring_bank2/gen_sram_32x32.u_ring_sram/dout0[22]' has no loads. (LINT-2)
Warning: In design 'tcn_block', net 'gen_hidden_resi_blocks[2].hidden_layer/gen_ring_banks[3].ring_bank2/sram_dout0[23]' driven by pin 'gen_hidden_resi_blocks[2].hidden_layer/gen_ring_banks[3].ring_bank2/gen_sram_32x32.u_ring_sram/dout0[23]' has no loads. (LINT-2)
Warning: In design 'tcn_block', net 'gen_hidden_resi_blocks[2].hidden_layer/gen_ring_banks[3].ring_bank2/sram_dout0[24]' driven by pin 'gen_hidden_resi_blocks[2].hidden_layer/gen_ring_banks[3].ring_bank2/gen_sram_32x32.u_ring_sram/dout0[24]' has no loads. (LINT-2)
Warning: In design 'tcn_block', net 'gen_hidden_resi_blocks[2].hidden_layer/gen_ring_banks[3].ring_bank2/sram_dout0[25]' driven by pin 'gen_hidden_resi_blocks[2].hidden_layer/gen_ring_banks[3].ring_bank2/gen_sram_32x32.u_ring_sram/dout0[25]' has no loads. (LINT-2)
Warning: In design 'tcn_block', net 'gen_hidden_resi_blocks[2].hidden_layer/gen_ring_banks[3].ring_bank2/sram_dout0[26]' driven by pin 'gen_hidden_resi_blocks[2].hidden_layer/gen_ring_banks[3].ring_bank2/gen_sram_32x32.u_ring_sram/dout0[26]' has no loads. (LINT-2)
Warning: In design 'tcn_block', net 'gen_hidden_resi_blocks[2].hidden_layer/gen_ring_banks[3].ring_bank2/sram_dout0[27]' driven by pin 'gen_hidden_resi_blocks[2].hidden_layer/gen_ring_banks[3].ring_bank2/gen_sram_32x32.u_ring_sram/dout0[27]' has no loads. (LINT-2)
Warning: In design 'tcn_block', net 'gen_hidden_resi_blocks[2].hidden_layer/gen_ring_banks[3].ring_bank2/sram_dout0[28]' driven by pin 'gen_hidden_resi_blocks[2].hidden_layer/gen_ring_banks[3].ring_bank2/gen_sram_32x32.u_ring_sram/dout0[28]' has no loads. (LINT-2)
Warning: In design 'tcn_block', net 'gen_hidden_resi_blocks[2].hidden_layer/gen_ring_banks[3].ring_bank2/sram_dout0[29]' driven by pin 'gen_hidden_resi_blocks[2].hidden_layer/gen_ring_banks[3].ring_bank2/gen_sram_32x32.u_ring_sram/dout0[29]' has no loads. (LINT-2)
Warning: In design 'tcn_block', net 'gen_hidden_resi_blocks[2].hidden_layer/gen_ring_banks[3].ring_bank2/sram_dout0[30]' driven by pin 'gen_hidden_resi_blocks[2].hidden_layer/gen_ring_banks[3].ring_bank2/gen_sram_32x32.u_ring_sram/dout0[30]' has no loads. (LINT-2)
Warning: In design 'tcn_block', net 'gen_hidden_resi_blocks[2].hidden_layer/gen_ring_banks[3].ring_bank2/sram_dout0[31]' driven by pin 'gen_hidden_resi_blocks[2].hidden_layer/gen_ring_banks[3].ring_bank2/gen_sram_32x32.u_ring_sram/dout0[31]' has no loads. (LINT-2)
Warning: In design 'tcn_block', net 'gen_hidden_resi_blocks[3].hidden_layer/gen_ring_banks[0].ring_bank2/sram_dout0[0]' driven by pin 'gen_hidden_resi_blocks[3].hidden_layer/gen_ring_banks[0].ring_bank2/gen_sram_32x64.u_ring_sram/dout0[0]' has no loads. (LINT-2)
Warning: In design 'tcn_block', net 'gen_hidden_resi_blocks[3].hidden_layer/gen_ring_banks[0].ring_bank2/sram_dout0[1]' driven by pin 'gen_hidden_resi_blocks[3].hidden_layer/gen_ring_banks[0].ring_bank2/gen_sram_32x64.u_ring_sram/dout0[1]' has no loads. (LINT-2)
Warning: In design 'tcn_block', net 'gen_hidden_resi_blocks[3].hidden_layer/gen_ring_banks[0].ring_bank2/sram_dout0[2]' driven by pin 'gen_hidden_resi_blocks[3].hidden_layer/gen_ring_banks[0].ring_bank2/gen_sram_32x64.u_ring_sram/dout0[2]' has no loads. (LINT-2)
Warning: In design 'tcn_block', net 'gen_hidden_resi_blocks[3].hidden_layer/gen_ring_banks[0].ring_bank2/sram_dout0[3]' driven by pin 'gen_hidden_resi_blocks[3].hidden_layer/gen_ring_banks[0].ring_bank2/gen_sram_32x64.u_ring_sram/dout0[3]' has no loads. (LINT-2)
Warning: In design 'tcn_block', net 'gen_hidden_resi_blocks[3].hidden_layer/gen_ring_banks[0].ring_bank2/sram_dout0[4]' driven by pin 'gen_hidden_resi_blocks[3].hidden_layer/gen_ring_banks[0].ring_bank2/gen_sram_32x64.u_ring_sram/dout0[4]' has no loads. (LINT-2)
Warning: In design 'tcn_block', net 'gen_hidden_resi_blocks[3].hidden_layer/gen_ring_banks[0].ring_bank2/sram_dout0[5]' driven by pin 'gen_hidden_resi_blocks[3].hidden_layer/gen_ring_banks[0].ring_bank2/gen_sram_32x64.u_ring_sram/dout0[5]' has no loads. (LINT-2)
Warning: In design 'tcn_block', net 'gen_hidden_resi_blocks[3].hidden_layer/gen_ring_banks[0].ring_bank2/sram_dout0[6]' driven by pin 'gen_hidden_resi_blocks[3].hidden_layer/gen_ring_banks[0].ring_bank2/gen_sram_32x64.u_ring_sram/dout0[6]' has no loads. (LINT-2)
Warning: In design 'tcn_block', net 'gen_hidden_resi_blocks[3].hidden_layer/gen_ring_banks[0].ring_bank2/sram_dout0[7]' driven by pin 'gen_hidden_resi_blocks[3].hidden_layer/gen_ring_banks[0].ring_bank2/gen_sram_32x64.u_ring_sram/dout0[7]' has no loads. (LINT-2)
Warning: In design 'tcn_block', net 'gen_hidden_resi_blocks[3].hidden_layer/gen_ring_banks[0].ring_bank2/sram_dout0[8]' driven by pin 'gen_hidden_resi_blocks[3].hidden_layer/gen_ring_banks[0].ring_bank2/gen_sram_32x64.u_ring_sram/dout0[8]' has no loads. (LINT-2)
Warning: In design 'tcn_block', net 'gen_hidden_resi_blocks[3].hidden_layer/gen_ring_banks[0].ring_bank2/sram_dout0[9]' driven by pin 'gen_hidden_resi_blocks[3].hidden_layer/gen_ring_banks[0].ring_bank2/gen_sram_32x64.u_ring_sram/dout0[9]' has no loads. (LINT-2)
Warning: In design 'tcn_block', net 'gen_hidden_resi_blocks[3].hidden_layer/gen_ring_banks[0].ring_bank2/sram_dout0[10]' driven by pin 'gen_hidden_resi_blocks[3].hidden_layer/gen_ring_banks[0].ring_bank2/gen_sram_32x64.u_ring_sram/dout0[10]' has no loads. (LINT-2)
Warning: In design 'tcn_block', net 'gen_hidden_resi_blocks[3].hidden_layer/gen_ring_banks[0].ring_bank2/sram_dout0[11]' driven by pin 'gen_hidden_resi_blocks[3].hidden_layer/gen_ring_banks[0].ring_bank2/gen_sram_32x64.u_ring_sram/dout0[11]' has no loads. (LINT-2)
Warning: In design 'tcn_block', net 'gen_hidden_resi_blocks[3].hidden_layer/gen_ring_banks[0].ring_bank2/sram_dout0[12]' driven by pin 'gen_hidden_resi_blocks[3].hidden_layer/gen_ring_banks[0].ring_bank2/gen_sram_32x64.u_ring_sram/dout0[12]' has no loads. (LINT-2)
Warning: In design 'tcn_block', net 'gen_hidden_resi_blocks[3].hidden_layer/gen_ring_banks[0].ring_bank2/sram_dout0[13]' driven by pin 'gen_hidden_resi_blocks[3].hidden_layer/gen_ring_banks[0].ring_bank2/gen_sram_32x64.u_ring_sram/dout0[13]' has no loads. (LINT-2)
Warning: In design 'tcn_block', net 'gen_hidden_resi_blocks[3].hidden_layer/gen_ring_banks[0].ring_bank2/sram_dout0[14]' driven by pin 'gen_hidden_resi_blocks[3].hidden_layer/gen_ring_banks[0].ring_bank2/gen_sram_32x64.u_ring_sram/dout0[14]' has no loads. (LINT-2)
Warning: In design 'tcn_block', net 'gen_hidden_resi_blocks[3].hidden_layer/gen_ring_banks[0].ring_bank2/sram_dout0[15]' driven by pin 'gen_hidden_resi_blocks[3].hidden_layer/gen_ring_banks[0].ring_bank2/gen_sram_32x64.u_ring_sram/dout0[15]' has no loads. (LINT-2)
Warning: In design 'tcn_block', net 'gen_hidden_resi_blocks[3].hidden_layer/gen_ring_banks[0].ring_bank2/sram_dout0[16]' driven by pin 'gen_hidden_resi_blocks[3].hidden_layer/gen_ring_banks[0].ring_bank2/gen_sram_32x64.u_ring_sram/dout0[16]' has no loads. (LINT-2)
Warning: In design 'tcn_block', net 'gen_hidden_resi_blocks[3].hidden_layer/gen_ring_banks[0].ring_bank2/sram_dout0[17]' driven by pin 'gen_hidden_resi_blocks[3].hidden_layer/gen_ring_banks[0].ring_bank2/gen_sram_32x64.u_ring_sram/dout0[17]' has no loads. (LINT-2)
Warning: In design 'tcn_block', net 'gen_hidden_resi_blocks[3].hidden_layer/gen_ring_banks[0].ring_bank2/sram_dout0[18]' driven by pin 'gen_hidden_resi_blocks[3].hidden_layer/gen_ring_banks[0].ring_bank2/gen_sram_32x64.u_ring_sram/dout0[18]' has no loads. (LINT-2)
Warning: In design 'tcn_block', net 'gen_hidden_resi_blocks[3].hidden_layer/gen_ring_banks[0].ring_bank2/sram_dout0[19]' driven by pin 'gen_hidden_resi_blocks[3].hidden_layer/gen_ring_banks[0].ring_bank2/gen_sram_32x64.u_ring_sram/dout0[19]' has no loads. (LINT-2)
Warning: In design 'tcn_block', net 'gen_hidden_resi_blocks[3].hidden_layer/gen_ring_banks[0].ring_bank2/sram_dout0[20]' driven by pin 'gen_hidden_resi_blocks[3].hidden_layer/gen_ring_banks[0].ring_bank2/gen_sram_32x64.u_ring_sram/dout0[20]' has no loads. (LINT-2)
Warning: In design 'tcn_block', net 'gen_hidden_resi_blocks[3].hidden_layer/gen_ring_banks[0].ring_bank2/sram_dout0[21]' driven by pin 'gen_hidden_resi_blocks[3].hidden_layer/gen_ring_banks[0].ring_bank2/gen_sram_32x64.u_ring_sram/dout0[21]' has no loads. (LINT-2)
Warning: In design 'tcn_block', net 'gen_hidden_resi_blocks[3].hidden_layer/gen_ring_banks[0].ring_bank2/sram_dout0[22]' driven by pin 'gen_hidden_resi_blocks[3].hidden_layer/gen_ring_banks[0].ring_bank2/gen_sram_32x64.u_ring_sram/dout0[22]' has no loads. (LINT-2)
Warning: In design 'tcn_block', net 'gen_hidden_resi_blocks[3].hidden_layer/gen_ring_banks[0].ring_bank2/sram_dout0[23]' driven by pin 'gen_hidden_resi_blocks[3].hidden_layer/gen_ring_banks[0].ring_bank2/gen_sram_32x64.u_ring_sram/dout0[23]' has no loads. (LINT-2)
Warning: In design 'tcn_block', net 'gen_hidden_resi_blocks[3].hidden_layer/gen_ring_banks[0].ring_bank2/sram_dout0[24]' driven by pin 'gen_hidden_resi_blocks[3].hidden_layer/gen_ring_banks[0].ring_bank2/gen_sram_32x64.u_ring_sram/dout0[24]' has no loads. (LINT-2)
Warning: In design 'tcn_block', net 'gen_hidden_resi_blocks[3].hidden_layer/gen_ring_banks[0].ring_bank2/sram_dout0[25]' driven by pin 'gen_hidden_resi_blocks[3].hidden_layer/gen_ring_banks[0].ring_bank2/gen_sram_32x64.u_ring_sram/dout0[25]' has no loads. (LINT-2)
Warning: In design 'tcn_block', net 'gen_hidden_resi_blocks[3].hidden_layer/gen_ring_banks[0].ring_bank2/sram_dout0[26]' driven by pin 'gen_hidden_resi_blocks[3].hidden_layer/gen_ring_banks[0].ring_bank2/gen_sram_32x64.u_ring_sram/dout0[26]' has no loads. (LINT-2)
Warning: In design 'tcn_block', net 'gen_hidden_resi_blocks[3].hidden_layer/gen_ring_banks[0].ring_bank2/sram_dout0[27]' driven by pin 'gen_hidden_resi_blocks[3].hidden_layer/gen_ring_banks[0].ring_bank2/gen_sram_32x64.u_ring_sram/dout0[27]' has no loads. (LINT-2)
Warning: In design 'tcn_block', net 'gen_hidden_resi_blocks[3].hidden_layer/gen_ring_banks[0].ring_bank2/sram_dout0[28]' driven by pin 'gen_hidden_resi_blocks[3].hidden_layer/gen_ring_banks[0].ring_bank2/gen_sram_32x64.u_ring_sram/dout0[28]' has no loads. (LINT-2)
Warning: In design 'tcn_block', net 'gen_hidden_resi_blocks[3].hidden_layer/gen_ring_banks[0].ring_bank2/sram_dout0[29]' driven by pin 'gen_hidden_resi_blocks[3].hidden_layer/gen_ring_banks[0].ring_bank2/gen_sram_32x64.u_ring_sram/dout0[29]' has no loads. (LINT-2)
Warning: In design 'tcn_block', net 'gen_hidden_resi_blocks[3].hidden_layer/gen_ring_banks[0].ring_bank2/sram_dout0[30]' driven by pin 'gen_hidden_resi_blocks[3].hidden_layer/gen_ring_banks[0].ring_bank2/gen_sram_32x64.u_ring_sram/dout0[30]' has no loads. (LINT-2)
Warning: In design 'tcn_block', net 'gen_hidden_resi_blocks[3].hidden_layer/gen_ring_banks[0].ring_bank2/sram_dout0[31]' driven by pin 'gen_hidden_resi_blocks[3].hidden_layer/gen_ring_banks[0].ring_bank2/gen_sram_32x64.u_ring_sram/dout0[31]' has no loads. (LINT-2)
Warning: In design 'tcn_block', net 'gen_hidden_resi_blocks[3].hidden_layer/gen_ring_banks[1].ring_bank1/sram_dout0[0]' driven by pin 'gen_hidden_resi_blocks[3].hidden_layer/gen_ring_banks[1].ring_bank1/gen_sram_32x64.u_ring_sram/dout0[0]' has no loads. (LINT-2)
Warning: In design 'tcn_block', net 'gen_hidden_resi_blocks[3].hidden_layer/gen_ring_banks[1].ring_bank1/sram_dout0[1]' driven by pin 'gen_hidden_resi_blocks[3].hidden_layer/gen_ring_banks[1].ring_bank1/gen_sram_32x64.u_ring_sram/dout0[1]' has no loads. (LINT-2)
Warning: In design 'tcn_block', net 'gen_hidden_resi_blocks[3].hidden_layer/gen_ring_banks[1].ring_bank1/sram_dout0[2]' driven by pin 'gen_hidden_resi_blocks[3].hidden_layer/gen_ring_banks[1].ring_bank1/gen_sram_32x64.u_ring_sram/dout0[2]' has no loads. (LINT-2)
Warning: In design 'tcn_block', net 'gen_hidden_resi_blocks[3].hidden_layer/gen_ring_banks[1].ring_bank1/sram_dout0[3]' driven by pin 'gen_hidden_resi_blocks[3].hidden_layer/gen_ring_banks[1].ring_bank1/gen_sram_32x64.u_ring_sram/dout0[3]' has no loads. (LINT-2)
Warning: In design 'tcn_block', net 'gen_hidden_resi_blocks[3].hidden_layer/gen_ring_banks[1].ring_bank1/sram_dout0[4]' driven by pin 'gen_hidden_resi_blocks[3].hidden_layer/gen_ring_banks[1].ring_bank1/gen_sram_32x64.u_ring_sram/dout0[4]' has no loads. (LINT-2)
Warning: In design 'tcn_block', net 'gen_hidden_resi_blocks[3].hidden_layer/gen_ring_banks[1].ring_bank1/sram_dout0[5]' driven by pin 'gen_hidden_resi_blocks[3].hidden_layer/gen_ring_banks[1].ring_bank1/gen_sram_32x64.u_ring_sram/dout0[5]' has no loads. (LINT-2)
Warning: In design 'tcn_block', net 'gen_hidden_resi_blocks[3].hidden_layer/gen_ring_banks[1].ring_bank1/sram_dout0[6]' driven by pin 'gen_hidden_resi_blocks[3].hidden_layer/gen_ring_banks[1].ring_bank1/gen_sram_32x64.u_ring_sram/dout0[6]' has no loads. (LINT-2)
Warning: In design 'tcn_block', net 'gen_hidden_resi_blocks[3].hidden_layer/gen_ring_banks[1].ring_bank1/sram_dout0[7]' driven by pin 'gen_hidden_resi_blocks[3].hidden_layer/gen_ring_banks[1].ring_bank1/gen_sram_32x64.u_ring_sram/dout0[7]' has no loads. (LINT-2)
Warning: In design 'tcn_block', net 'gen_hidden_resi_blocks[3].hidden_layer/gen_ring_banks[1].ring_bank1/sram_dout0[8]' driven by pin 'gen_hidden_resi_blocks[3].hidden_layer/gen_ring_banks[1].ring_bank1/gen_sram_32x64.u_ring_sram/dout0[8]' has no loads. (LINT-2)
Warning: In design 'tcn_block', net 'gen_hidden_resi_blocks[3].hidden_layer/gen_ring_banks[1].ring_bank1/sram_dout0[9]' driven by pin 'gen_hidden_resi_blocks[3].hidden_layer/gen_ring_banks[1].ring_bank1/gen_sram_32x64.u_ring_sram/dout0[9]' has no loads. (LINT-2)
Warning: In design 'tcn_block', net 'gen_hidden_resi_blocks[3].hidden_layer/gen_ring_banks[1].ring_bank1/sram_dout0[10]' driven by pin 'gen_hidden_resi_blocks[3].hidden_layer/gen_ring_banks[1].ring_bank1/gen_sram_32x64.u_ring_sram/dout0[10]' has no loads. (LINT-2)
Warning: In design 'tcn_block', net 'gen_hidden_resi_blocks[3].hidden_layer/gen_ring_banks[1].ring_bank1/sram_dout0[11]' driven by pin 'gen_hidden_resi_blocks[3].hidden_layer/gen_ring_banks[1].ring_bank1/gen_sram_32x64.u_ring_sram/dout0[11]' has no loads. (LINT-2)
Warning: In design 'tcn_block', net 'gen_hidden_resi_blocks[3].hidden_layer/gen_ring_banks[1].ring_bank1/sram_dout0[12]' driven by pin 'gen_hidden_resi_blocks[3].hidden_layer/gen_ring_banks[1].ring_bank1/gen_sram_32x64.u_ring_sram/dout0[12]' has no loads. (LINT-2)
Warning: In design 'tcn_block', net 'gen_hidden_resi_blocks[3].hidden_layer/gen_ring_banks[1].ring_bank1/sram_dout0[13]' driven by pin 'gen_hidden_resi_blocks[3].hidden_layer/gen_ring_banks[1].ring_bank1/gen_sram_32x64.u_ring_sram/dout0[13]' has no loads. (LINT-2)
Warning: In design 'tcn_block', net 'gen_hidden_resi_blocks[3].hidden_layer/gen_ring_banks[1].ring_bank1/sram_dout0[14]' driven by pin 'gen_hidden_resi_blocks[3].hidden_layer/gen_ring_banks[1].ring_bank1/gen_sram_32x64.u_ring_sram/dout0[14]' has no loads. (LINT-2)
Warning: In design 'tcn_block', net 'gen_hidden_resi_blocks[3].hidden_layer/gen_ring_banks[1].ring_bank1/sram_dout0[15]' driven by pin 'gen_hidden_resi_blocks[3].hidden_layer/gen_ring_banks[1].ring_bank1/gen_sram_32x64.u_ring_sram/dout0[15]' has no loads. (LINT-2)
Warning: In design 'tcn_block', net 'gen_hidden_resi_blocks[3].hidden_layer/gen_ring_banks[1].ring_bank1/sram_dout0[16]' driven by pin 'gen_hidden_resi_blocks[3].hidden_layer/gen_ring_banks[1].ring_bank1/gen_sram_32x64.u_ring_sram/dout0[16]' has no loads. (LINT-2)
Warning: In design 'tcn_block', net 'gen_hidden_resi_blocks[3].hidden_layer/gen_ring_banks[1].ring_bank1/sram_dout0[17]' driven by pin 'gen_hidden_resi_blocks[3].hidden_layer/gen_ring_banks[1].ring_bank1/gen_sram_32x64.u_ring_sram/dout0[17]' has no loads. (LINT-2)
Warning: In design 'tcn_block', net 'gen_hidden_resi_blocks[3].hidden_layer/gen_ring_banks[1].ring_bank1/sram_dout0[18]' driven by pin 'gen_hidden_resi_blocks[3].hidden_layer/gen_ring_banks[1].ring_bank1/gen_sram_32x64.u_ring_sram/dout0[18]' has no loads. (LINT-2)
Warning: In design 'tcn_block', net 'gen_hidden_resi_blocks[3].hidden_layer/gen_ring_banks[1].ring_bank1/sram_dout0[19]' driven by pin 'gen_hidden_resi_blocks[3].hidden_layer/gen_ring_banks[1].ring_bank1/gen_sram_32x64.u_ring_sram/dout0[19]' has no loads. (LINT-2)
Warning: In design 'tcn_block', net 'gen_hidden_resi_blocks[3].hidden_layer/gen_ring_banks[1].ring_bank1/sram_dout0[20]' driven by pin 'gen_hidden_resi_blocks[3].hidden_layer/gen_ring_banks[1].ring_bank1/gen_sram_32x64.u_ring_sram/dout0[20]' has no loads. (LINT-2)
Warning: In design 'tcn_block', net 'gen_hidden_resi_blocks[3].hidden_layer/gen_ring_banks[1].ring_bank1/sram_dout0[21]' driven by pin 'gen_hidden_resi_blocks[3].hidden_layer/gen_ring_banks[1].ring_bank1/gen_sram_32x64.u_ring_sram/dout0[21]' has no loads. (LINT-2)
Warning: In design 'tcn_block', net 'gen_hidden_resi_blocks[3].hidden_layer/gen_ring_banks[1].ring_bank1/sram_dout0[22]' driven by pin 'gen_hidden_resi_blocks[3].hidden_layer/gen_ring_banks[1].ring_bank1/gen_sram_32x64.u_ring_sram/dout0[22]' has no loads. (LINT-2)
Warning: In design 'tcn_block', net 'gen_hidden_resi_blocks[3].hidden_layer/gen_ring_banks[1].ring_bank1/sram_dout0[23]' driven by pin 'gen_hidden_resi_blocks[3].hidden_layer/gen_ring_banks[1].ring_bank1/gen_sram_32x64.u_ring_sram/dout0[23]' has no loads. (LINT-2)
Warning: In design 'tcn_block', net 'gen_hidden_resi_blocks[3].hidden_layer/gen_ring_banks[1].ring_bank1/sram_dout0[24]' driven by pin 'gen_hidden_resi_blocks[3].hidden_layer/gen_ring_banks[1].ring_bank1/gen_sram_32x64.u_ring_sram/dout0[24]' has no loads. (LINT-2)
Warning: In design 'tcn_block', net 'gen_hidden_resi_blocks[3].hidden_layer/gen_ring_banks[1].ring_bank1/sram_dout0[25]' driven by pin 'gen_hidden_resi_blocks[3].hidden_layer/gen_ring_banks[1].ring_bank1/gen_sram_32x64.u_ring_sram/dout0[25]' has no loads. (LINT-2)
Warning: In design 'tcn_block', net 'gen_hidden_resi_blocks[3].hidden_layer/gen_ring_banks[1].ring_bank1/sram_dout0[26]' driven by pin 'gen_hidden_resi_blocks[3].hidden_layer/gen_ring_banks[1].ring_bank1/gen_sram_32x64.u_ring_sram/dout0[26]' has no loads. (LINT-2)
Warning: In design 'tcn_block', net 'gen_hidden_resi_blocks[3].hidden_layer/gen_ring_banks[1].ring_bank1/sram_dout0[27]' driven by pin 'gen_hidden_resi_blocks[3].hidden_layer/gen_ring_banks[1].ring_bank1/gen_sram_32x64.u_ring_sram/dout0[27]' has no loads. (LINT-2)
Warning: In design 'tcn_block', net 'gen_hidden_resi_blocks[3].hidden_layer/gen_ring_banks[1].ring_bank1/sram_dout0[28]' driven by pin 'gen_hidden_resi_blocks[3].hidden_layer/gen_ring_banks[1].ring_bank1/gen_sram_32x64.u_ring_sram/dout0[28]' has no loads. (LINT-2)
Warning: In design 'tcn_block', net 'gen_hidden_resi_blocks[3].hidden_layer/gen_ring_banks[1].ring_bank1/sram_dout0[29]' driven by pin 'gen_hidden_resi_blocks[3].hidden_layer/gen_ring_banks[1].ring_bank1/gen_sram_32x64.u_ring_sram/dout0[29]' has no loads. (LINT-2)
Warning: In design 'tcn_block', net 'gen_hidden_resi_blocks[3].hidden_layer/gen_ring_banks[1].ring_bank1/sram_dout0[30]' driven by pin 'gen_hidden_resi_blocks[3].hidden_layer/gen_ring_banks[1].ring_bank1/gen_sram_32x64.u_ring_sram/dout0[30]' has no loads. (LINT-2)
Warning: In design 'tcn_block', net 'gen_hidden_resi_blocks[3].hidden_layer/gen_ring_banks[1].ring_bank1/sram_dout0[31]' driven by pin 'gen_hidden_resi_blocks[3].hidden_layer/gen_ring_banks[1].ring_bank1/gen_sram_32x64.u_ring_sram/dout0[31]' has no loads. (LINT-2)
Warning: In design 'tcn_block', net 'gen_hidden_resi_blocks[3].hidden_layer/gen_ring_banks[1].ring_bank2/sram_dout0[0]' driven by pin 'gen_hidden_resi_blocks[3].hidden_layer/gen_ring_banks[1].ring_bank2/gen_sram_32x64.u_ring_sram/dout0[0]' has no loads. (LINT-2)
Warning: In design 'tcn_block', net 'gen_hidden_resi_blocks[3].hidden_layer/gen_ring_banks[1].ring_bank2/sram_dout0[1]' driven by pin 'gen_hidden_resi_blocks[3].hidden_layer/gen_ring_banks[1].ring_bank2/gen_sram_32x64.u_ring_sram/dout0[1]' has no loads. (LINT-2)
Warning: In design 'tcn_block', net 'gen_hidden_resi_blocks[3].hidden_layer/gen_ring_banks[1].ring_bank2/sram_dout0[2]' driven by pin 'gen_hidden_resi_blocks[3].hidden_layer/gen_ring_banks[1].ring_bank2/gen_sram_32x64.u_ring_sram/dout0[2]' has no loads. (LINT-2)
Warning: In design 'tcn_block', net 'gen_hidden_resi_blocks[3].hidden_layer/gen_ring_banks[1].ring_bank2/sram_dout0[3]' driven by pin 'gen_hidden_resi_blocks[3].hidden_layer/gen_ring_banks[1].ring_bank2/gen_sram_32x64.u_ring_sram/dout0[3]' has no loads. (LINT-2)
Warning: In design 'tcn_block', net 'gen_hidden_resi_blocks[3].hidden_layer/gen_ring_banks[1].ring_bank2/sram_dout0[4]' driven by pin 'gen_hidden_resi_blocks[3].hidden_layer/gen_ring_banks[1].ring_bank2/gen_sram_32x64.u_ring_sram/dout0[4]' has no loads. (LINT-2)
Warning: In design 'tcn_block', net 'gen_hidden_resi_blocks[3].hidden_layer/gen_ring_banks[1].ring_bank2/sram_dout0[5]' driven by pin 'gen_hidden_resi_blocks[3].hidden_layer/gen_ring_banks[1].ring_bank2/gen_sram_32x64.u_ring_sram/dout0[5]' has no loads. (LINT-2)
Warning: In design 'tcn_block', net 'gen_hidden_resi_blocks[3].hidden_layer/gen_ring_banks[1].ring_bank2/sram_dout0[6]' driven by pin 'gen_hidden_resi_blocks[3].hidden_layer/gen_ring_banks[1].ring_bank2/gen_sram_32x64.u_ring_sram/dout0[6]' has no loads. (LINT-2)
Warning: In design 'tcn_block', net 'gen_hidden_resi_blocks[3].hidden_layer/gen_ring_banks[1].ring_bank2/sram_dout0[7]' driven by pin 'gen_hidden_resi_blocks[3].hidden_layer/gen_ring_banks[1].ring_bank2/gen_sram_32x64.u_ring_sram/dout0[7]' has no loads. (LINT-2)
Warning: In design 'tcn_block', net 'gen_hidden_resi_blocks[3].hidden_layer/gen_ring_banks[1].ring_bank2/sram_dout0[8]' driven by pin 'gen_hidden_resi_blocks[3].hidden_layer/gen_ring_banks[1].ring_bank2/gen_sram_32x64.u_ring_sram/dout0[8]' has no loads. (LINT-2)
Warning: In design 'tcn_block', net 'gen_hidden_resi_blocks[3].hidden_layer/gen_ring_banks[1].ring_bank2/sram_dout0[9]' driven by pin 'gen_hidden_resi_blocks[3].hidden_layer/gen_ring_banks[1].ring_bank2/gen_sram_32x64.u_ring_sram/dout0[9]' has no loads. (LINT-2)
Warning: In design 'tcn_block', net 'gen_hidden_resi_blocks[3].hidden_layer/gen_ring_banks[1].ring_bank2/sram_dout0[10]' driven by pin 'gen_hidden_resi_blocks[3].hidden_layer/gen_ring_banks[1].ring_bank2/gen_sram_32x64.u_ring_sram/dout0[10]' has no loads. (LINT-2)
Warning: In design 'tcn_block', net 'gen_hidden_resi_blocks[3].hidden_layer/gen_ring_banks[1].ring_bank2/sram_dout0[11]' driven by pin 'gen_hidden_resi_blocks[3].hidden_layer/gen_ring_banks[1].ring_bank2/gen_sram_32x64.u_ring_sram/dout0[11]' has no loads. (LINT-2)
Warning: In design 'tcn_block', net 'gen_hidden_resi_blocks[3].hidden_layer/gen_ring_banks[1].ring_bank2/sram_dout0[12]' driven by pin 'gen_hidden_resi_blocks[3].hidden_layer/gen_ring_banks[1].ring_bank2/gen_sram_32x64.u_ring_sram/dout0[12]' has no loads. (LINT-2)
Warning: In design 'tcn_block', net 'gen_hidden_resi_blocks[3].hidden_layer/gen_ring_banks[1].ring_bank2/sram_dout0[13]' driven by pin 'gen_hidden_resi_blocks[3].hidden_layer/gen_ring_banks[1].ring_bank2/gen_sram_32x64.u_ring_sram/dout0[13]' has no loads. (LINT-2)
Warning: In design 'tcn_block', net 'gen_hidden_resi_blocks[3].hidden_layer/gen_ring_banks[1].ring_bank2/sram_dout0[14]' driven by pin 'gen_hidden_resi_blocks[3].hidden_layer/gen_ring_banks[1].ring_bank2/gen_sram_32x64.u_ring_sram/dout0[14]' has no loads. (LINT-2)
Warning: In design 'tcn_block', net 'gen_hidden_resi_blocks[3].hidden_layer/gen_ring_banks[1].ring_bank2/sram_dout0[15]' driven by pin 'gen_hidden_resi_blocks[3].hidden_layer/gen_ring_banks[1].ring_bank2/gen_sram_32x64.u_ring_sram/dout0[15]' has no loads. (LINT-2)
Warning: In design 'tcn_block', net 'gen_hidden_resi_blocks[3].hidden_layer/gen_ring_banks[1].ring_bank2/sram_dout0[16]' driven by pin 'gen_hidden_resi_blocks[3].hidden_layer/gen_ring_banks[1].ring_bank2/gen_sram_32x64.u_ring_sram/dout0[16]' has no loads. (LINT-2)
Warning: In design 'tcn_block', net 'gen_hidden_resi_blocks[3].hidden_layer/gen_ring_banks[1].ring_bank2/sram_dout0[17]' driven by pin 'gen_hidden_resi_blocks[3].hidden_layer/gen_ring_banks[1].ring_bank2/gen_sram_32x64.u_ring_sram/dout0[17]' has no loads. (LINT-2)
Warning: In design 'tcn_block', net 'gen_hidden_resi_blocks[3].hidden_layer/gen_ring_banks[1].ring_bank2/sram_dout0[18]' driven by pin 'gen_hidden_resi_blocks[3].hidden_layer/gen_ring_banks[1].ring_bank2/gen_sram_32x64.u_ring_sram/dout0[18]' has no loads. (LINT-2)
Warning: In design 'tcn_block', net 'gen_hidden_resi_blocks[3].hidden_layer/gen_ring_banks[1].ring_bank2/sram_dout0[19]' driven by pin 'gen_hidden_resi_blocks[3].hidden_layer/gen_ring_banks[1].ring_bank2/gen_sram_32x64.u_ring_sram/dout0[19]' has no loads. (LINT-2)
Warning: In design 'tcn_block', net 'gen_hidden_resi_blocks[3].hidden_layer/gen_ring_banks[1].ring_bank2/sram_dout0[20]' driven by pin 'gen_hidden_resi_blocks[3].hidden_layer/gen_ring_banks[1].ring_bank2/gen_sram_32x64.u_ring_sram/dout0[20]' has no loads. (LINT-2)
Warning: In design 'tcn_block', net 'gen_hidden_resi_blocks[3].hidden_layer/gen_ring_banks[1].ring_bank2/sram_dout0[21]' driven by pin 'gen_hidden_resi_blocks[3].hidden_layer/gen_ring_banks[1].ring_bank2/gen_sram_32x64.u_ring_sram/dout0[21]' has no loads. (LINT-2)
Warning: In design 'tcn_block', net 'gen_hidden_resi_blocks[3].hidden_layer/gen_ring_banks[1].ring_bank2/sram_dout0[22]' driven by pin 'gen_hidden_resi_blocks[3].hidden_layer/gen_ring_banks[1].ring_bank2/gen_sram_32x64.u_ring_sram/dout0[22]' has no loads. (LINT-2)
Warning: In design 'tcn_block', net 'gen_hidden_resi_blocks[3].hidden_layer/gen_ring_banks[1].ring_bank2/sram_dout0[23]' driven by pin 'gen_hidden_resi_blocks[3].hidden_layer/gen_ring_banks[1].ring_bank2/gen_sram_32x64.u_ring_sram/dout0[23]' has no loads. (LINT-2)
Warning: In design 'tcn_block', net 'gen_hidden_resi_blocks[3].hidden_layer/gen_ring_banks[1].ring_bank2/sram_dout0[24]' driven by pin 'gen_hidden_resi_blocks[3].hidden_layer/gen_ring_banks[1].ring_bank2/gen_sram_32x64.u_ring_sram/dout0[24]' has no loads. (LINT-2)
Warning: In design 'tcn_block', net 'gen_hidden_resi_blocks[3].hidden_layer/gen_ring_banks[1].ring_bank2/sram_dout0[25]' driven by pin 'gen_hidden_resi_blocks[3].hidden_layer/gen_ring_banks[1].ring_bank2/gen_sram_32x64.u_ring_sram/dout0[25]' has no loads. (LINT-2)
Warning: In design 'tcn_block', net 'gen_hidden_resi_blocks[3].hidden_layer/gen_ring_banks[1].ring_bank2/sram_dout0[26]' driven by pin 'gen_hidden_resi_blocks[3].hidden_layer/gen_ring_banks[1].ring_bank2/gen_sram_32x64.u_ring_sram/dout0[26]' has no loads. (LINT-2)
Warning: In design 'tcn_block', net 'gen_hidden_resi_blocks[3].hidden_layer/gen_ring_banks[1].ring_bank2/sram_dout0[27]' driven by pin 'gen_hidden_resi_blocks[3].hidden_layer/gen_ring_banks[1].ring_bank2/gen_sram_32x64.u_ring_sram/dout0[27]' has no loads. (LINT-2)
Warning: In design 'tcn_block', net 'gen_hidden_resi_blocks[3].hidden_layer/gen_ring_banks[1].ring_bank2/sram_dout0[28]' driven by pin 'gen_hidden_resi_blocks[3].hidden_layer/gen_ring_banks[1].ring_bank2/gen_sram_32x64.u_ring_sram/dout0[28]' has no loads. (LINT-2)
Warning: In design 'tcn_block', net 'gen_hidden_resi_blocks[3].hidden_layer/gen_ring_banks[1].ring_bank2/sram_dout0[29]' driven by pin 'gen_hidden_resi_blocks[3].hidden_layer/gen_ring_banks[1].ring_bank2/gen_sram_32x64.u_ring_sram/dout0[29]' has no loads. (LINT-2)
Warning: In design 'tcn_block', net 'gen_hidden_resi_blocks[3].hidden_layer/gen_ring_banks[1].ring_bank2/sram_dout0[30]' driven by pin 'gen_hidden_resi_blocks[3].hidden_layer/gen_ring_banks[1].ring_bank2/gen_sram_32x64.u_ring_sram/dout0[30]' has no loads. (LINT-2)
Warning: In design 'tcn_block', net 'gen_hidden_resi_blocks[3].hidden_layer/gen_ring_banks[1].ring_bank2/sram_dout0[31]' driven by pin 'gen_hidden_resi_blocks[3].hidden_layer/gen_ring_banks[1].ring_bank2/gen_sram_32x64.u_ring_sram/dout0[31]' has no loads. (LINT-2)
Warning: In design 'tcn_block', net 'gen_hidden_resi_blocks[3].hidden_layer/gen_ring_banks[2].ring_bank1/sram_dout0[0]' driven by pin 'gen_hidden_resi_blocks[3].hidden_layer/gen_ring_banks[2].ring_bank1/gen_sram_32x64.u_ring_sram/dout0[0]' has no loads. (LINT-2)
Warning: In design 'tcn_block', net 'gen_hidden_resi_blocks[3].hidden_layer/gen_ring_banks[2].ring_bank1/sram_dout0[1]' driven by pin 'gen_hidden_resi_blocks[3].hidden_layer/gen_ring_banks[2].ring_bank1/gen_sram_32x64.u_ring_sram/dout0[1]' has no loads. (LINT-2)
Warning: In design 'tcn_block', net 'gen_hidden_resi_blocks[3].hidden_layer/gen_ring_banks[2].ring_bank1/sram_dout0[2]' driven by pin 'gen_hidden_resi_blocks[3].hidden_layer/gen_ring_banks[2].ring_bank1/gen_sram_32x64.u_ring_sram/dout0[2]' has no loads. (LINT-2)
Warning: In design 'tcn_block', net 'gen_hidden_resi_blocks[3].hidden_layer/gen_ring_banks[2].ring_bank1/sram_dout0[3]' driven by pin 'gen_hidden_resi_blocks[3].hidden_layer/gen_ring_banks[2].ring_bank1/gen_sram_32x64.u_ring_sram/dout0[3]' has no loads. (LINT-2)
Warning: In design 'tcn_block', net 'gen_hidden_resi_blocks[3].hidden_layer/gen_ring_banks[2].ring_bank1/sram_dout0[4]' driven by pin 'gen_hidden_resi_blocks[3].hidden_layer/gen_ring_banks[2].ring_bank1/gen_sram_32x64.u_ring_sram/dout0[4]' has no loads. (LINT-2)
Warning: In design 'tcn_block', net 'gen_hidden_resi_blocks[3].hidden_layer/gen_ring_banks[2].ring_bank1/sram_dout0[5]' driven by pin 'gen_hidden_resi_blocks[3].hidden_layer/gen_ring_banks[2].ring_bank1/gen_sram_32x64.u_ring_sram/dout0[5]' has no loads. (LINT-2)
Warning: In design 'tcn_block', net 'gen_hidden_resi_blocks[3].hidden_layer/gen_ring_banks[2].ring_bank1/sram_dout0[6]' driven by pin 'gen_hidden_resi_blocks[3].hidden_layer/gen_ring_banks[2].ring_bank1/gen_sram_32x64.u_ring_sram/dout0[6]' has no loads. (LINT-2)
Warning: In design 'tcn_block', net 'gen_hidden_resi_blocks[3].hidden_layer/gen_ring_banks[2].ring_bank1/sram_dout0[7]' driven by pin 'gen_hidden_resi_blocks[3].hidden_layer/gen_ring_banks[2].ring_bank1/gen_sram_32x64.u_ring_sram/dout0[7]' has no loads. (LINT-2)
Warning: In design 'tcn_block', net 'gen_hidden_resi_blocks[3].hidden_layer/gen_ring_banks[2].ring_bank1/sram_dout0[8]' driven by pin 'gen_hidden_resi_blocks[3].hidden_layer/gen_ring_banks[2].ring_bank1/gen_sram_32x64.u_ring_sram/dout0[8]' has no loads. (LINT-2)
Warning: In design 'tcn_block', net 'gen_hidden_resi_blocks[3].hidden_layer/gen_ring_banks[2].ring_bank1/sram_dout0[9]' driven by pin 'gen_hidden_resi_blocks[3].hidden_layer/gen_ring_banks[2].ring_bank1/gen_sram_32x64.u_ring_sram/dout0[9]' has no loads. (LINT-2)
Warning: In design 'tcn_block', net 'gen_hidden_resi_blocks[3].hidden_layer/gen_ring_banks[2].ring_bank1/sram_dout0[10]' driven by pin 'gen_hidden_resi_blocks[3].hidden_layer/gen_ring_banks[2].ring_bank1/gen_sram_32x64.u_ring_sram/dout0[10]' has no loads. (LINT-2)
Warning: In design 'tcn_block', net 'gen_hidden_resi_blocks[3].hidden_layer/gen_ring_banks[2].ring_bank1/sram_dout0[11]' driven by pin 'gen_hidden_resi_blocks[3].hidden_layer/gen_ring_banks[2].ring_bank1/gen_sram_32x64.u_ring_sram/dout0[11]' has no loads. (LINT-2)
Warning: In design 'tcn_block', net 'gen_hidden_resi_blocks[3].hidden_layer/gen_ring_banks[2].ring_bank1/sram_dout0[12]' driven by pin 'gen_hidden_resi_blocks[3].hidden_layer/gen_ring_banks[2].ring_bank1/gen_sram_32x64.u_ring_sram/dout0[12]' has no loads. (LINT-2)
Warning: In design 'tcn_block', net 'gen_hidden_resi_blocks[3].hidden_layer/gen_ring_banks[2].ring_bank1/sram_dout0[13]' driven by pin 'gen_hidden_resi_blocks[3].hidden_layer/gen_ring_banks[2].ring_bank1/gen_sram_32x64.u_ring_sram/dout0[13]' has no loads. (LINT-2)
Warning: In design 'tcn_block', net 'gen_hidden_resi_blocks[3].hidden_layer/gen_ring_banks[2].ring_bank1/sram_dout0[14]' driven by pin 'gen_hidden_resi_blocks[3].hidden_layer/gen_ring_banks[2].ring_bank1/gen_sram_32x64.u_ring_sram/dout0[14]' has no loads. (LINT-2)
Warning: In design 'tcn_block', net 'gen_hidden_resi_blocks[3].hidden_layer/gen_ring_banks[2].ring_bank1/sram_dout0[15]' driven by pin 'gen_hidden_resi_blocks[3].hidden_layer/gen_ring_banks[2].ring_bank1/gen_sram_32x64.u_ring_sram/dout0[15]' has no loads. (LINT-2)
Warning: In design 'tcn_block', net 'gen_hidden_resi_blocks[3].hidden_layer/gen_ring_banks[2].ring_bank1/sram_dout0[16]' driven by pin 'gen_hidden_resi_blocks[3].hidden_layer/gen_ring_banks[2].ring_bank1/gen_sram_32x64.u_ring_sram/dout0[16]' has no loads. (LINT-2)
Warning: In design 'tcn_block', net 'gen_hidden_resi_blocks[3].hidden_layer/gen_ring_banks[2].ring_bank1/sram_dout0[17]' driven by pin 'gen_hidden_resi_blocks[3].hidden_layer/gen_ring_banks[2].ring_bank1/gen_sram_32x64.u_ring_sram/dout0[17]' has no loads. (LINT-2)
Warning: In design 'tcn_block', net 'gen_hidden_resi_blocks[3].hidden_layer/gen_ring_banks[2].ring_bank1/sram_dout0[18]' driven by pin 'gen_hidden_resi_blocks[3].hidden_layer/gen_ring_banks[2].ring_bank1/gen_sram_32x64.u_ring_sram/dout0[18]' has no loads. (LINT-2)
Warning: In design 'tcn_block', net 'gen_hidden_resi_blocks[3].hidden_layer/gen_ring_banks[2].ring_bank1/sram_dout0[19]' driven by pin 'gen_hidden_resi_blocks[3].hidden_layer/gen_ring_banks[2].ring_bank1/gen_sram_32x64.u_ring_sram/dout0[19]' has no loads. (LINT-2)
Warning: In design 'tcn_block', net 'gen_hidden_resi_blocks[3].hidden_layer/gen_ring_banks[2].ring_bank1/sram_dout0[20]' driven by pin 'gen_hidden_resi_blocks[3].hidden_layer/gen_ring_banks[2].ring_bank1/gen_sram_32x64.u_ring_sram/dout0[20]' has no loads. (LINT-2)
Warning: In design 'tcn_block', net 'gen_hidden_resi_blocks[3].hidden_layer/gen_ring_banks[2].ring_bank1/sram_dout0[21]' driven by pin 'gen_hidden_resi_blocks[3].hidden_layer/gen_ring_banks[2].ring_bank1/gen_sram_32x64.u_ring_sram/dout0[21]' has no loads. (LINT-2)
Warning: In design 'tcn_block', net 'gen_hidden_resi_blocks[3].hidden_layer/gen_ring_banks[2].ring_bank1/sram_dout0[22]' driven by pin 'gen_hidden_resi_blocks[3].hidden_layer/gen_ring_banks[2].ring_bank1/gen_sram_32x64.u_ring_sram/dout0[22]' has no loads. (LINT-2)
Warning: In design 'tcn_block', net 'gen_hidden_resi_blocks[3].hidden_layer/gen_ring_banks[2].ring_bank1/sram_dout0[23]' driven by pin 'gen_hidden_resi_blocks[3].hidden_layer/gen_ring_banks[2].ring_bank1/gen_sram_32x64.u_ring_sram/dout0[23]' has no loads. (LINT-2)
Warning: In design 'tcn_block', net 'gen_hidden_resi_blocks[3].hidden_layer/gen_ring_banks[2].ring_bank1/sram_dout0[24]' driven by pin 'gen_hidden_resi_blocks[3].hidden_layer/gen_ring_banks[2].ring_bank1/gen_sram_32x64.u_ring_sram/dout0[24]' has no loads. (LINT-2)
Warning: In design 'tcn_block', net 'gen_hidden_resi_blocks[3].hidden_layer/gen_ring_banks[2].ring_bank1/sram_dout0[25]' driven by pin 'gen_hidden_resi_blocks[3].hidden_layer/gen_ring_banks[2].ring_bank1/gen_sram_32x64.u_ring_sram/dout0[25]' has no loads. (LINT-2)
Warning: In design 'tcn_block', net 'gen_hidden_resi_blocks[3].hidden_layer/gen_ring_banks[2].ring_bank1/sram_dout0[26]' driven by pin 'gen_hidden_resi_blocks[3].hidden_layer/gen_ring_banks[2].ring_bank1/gen_sram_32x64.u_ring_sram/dout0[26]' has no loads. (LINT-2)
Warning: In design 'tcn_block', net 'gen_hidden_resi_blocks[3].hidden_layer/gen_ring_banks[2].ring_bank1/sram_dout0[27]' driven by pin 'gen_hidden_resi_blocks[3].hidden_layer/gen_ring_banks[2].ring_bank1/gen_sram_32x64.u_ring_sram/dout0[27]' has no loads. (LINT-2)
Warning: In design 'tcn_block', net 'gen_hidden_resi_blocks[3].hidden_layer/gen_ring_banks[2].ring_bank1/sram_dout0[28]' driven by pin 'gen_hidden_resi_blocks[3].hidden_layer/gen_ring_banks[2].ring_bank1/gen_sram_32x64.u_ring_sram/dout0[28]' has no loads. (LINT-2)
Warning: In design 'tcn_block', net 'gen_hidden_resi_blocks[3].hidden_layer/gen_ring_banks[2].ring_bank1/sram_dout0[29]' driven by pin 'gen_hidden_resi_blocks[3].hidden_layer/gen_ring_banks[2].ring_bank1/gen_sram_32x64.u_ring_sram/dout0[29]' has no loads. (LINT-2)
Warning: In design 'tcn_block', net 'gen_hidden_resi_blocks[3].hidden_layer/gen_ring_banks[2].ring_bank1/sram_dout0[30]' driven by pin 'gen_hidden_resi_blocks[3].hidden_layer/gen_ring_banks[2].ring_bank1/gen_sram_32x64.u_ring_sram/dout0[30]' has no loads. (LINT-2)
Warning: In design 'tcn_block', net 'gen_hidden_resi_blocks[3].hidden_layer/gen_ring_banks[2].ring_bank1/sram_dout0[31]' driven by pin 'gen_hidden_resi_blocks[3].hidden_layer/gen_ring_banks[2].ring_bank1/gen_sram_32x64.u_ring_sram/dout0[31]' has no loads. (LINT-2)
Warning: In design 'tcn_block', net 'gen_hidden_resi_blocks[3].hidden_layer/gen_ring_banks[2].ring_bank2/sram_dout0[0]' driven by pin 'gen_hidden_resi_blocks[3].hidden_layer/gen_ring_banks[2].ring_bank2/gen_sram_32x64.u_ring_sram/dout0[0]' has no loads. (LINT-2)
Warning: In design 'tcn_block', net 'gen_hidden_resi_blocks[3].hidden_layer/gen_ring_banks[2].ring_bank2/sram_dout0[1]' driven by pin 'gen_hidden_resi_blocks[3].hidden_layer/gen_ring_banks[2].ring_bank2/gen_sram_32x64.u_ring_sram/dout0[1]' has no loads. (LINT-2)
Warning: In design 'tcn_block', net 'gen_hidden_resi_blocks[3].hidden_layer/gen_ring_banks[2].ring_bank2/sram_dout0[2]' driven by pin 'gen_hidden_resi_blocks[3].hidden_layer/gen_ring_banks[2].ring_bank2/gen_sram_32x64.u_ring_sram/dout0[2]' has no loads. (LINT-2)
Warning: In design 'tcn_block', net 'gen_hidden_resi_blocks[3].hidden_layer/gen_ring_banks[2].ring_bank2/sram_dout0[3]' driven by pin 'gen_hidden_resi_blocks[3].hidden_layer/gen_ring_banks[2].ring_bank2/gen_sram_32x64.u_ring_sram/dout0[3]' has no loads. (LINT-2)
Warning: In design 'tcn_block', net 'gen_hidden_resi_blocks[3].hidden_layer/gen_ring_banks[2].ring_bank2/sram_dout0[4]' driven by pin 'gen_hidden_resi_blocks[3].hidden_layer/gen_ring_banks[2].ring_bank2/gen_sram_32x64.u_ring_sram/dout0[4]' has no loads. (LINT-2)
Warning: In design 'tcn_block', net 'gen_hidden_resi_blocks[3].hidden_layer/gen_ring_banks[2].ring_bank2/sram_dout0[5]' driven by pin 'gen_hidden_resi_blocks[3].hidden_layer/gen_ring_banks[2].ring_bank2/gen_sram_32x64.u_ring_sram/dout0[5]' has no loads. (LINT-2)
Warning: In design 'tcn_block', net 'gen_hidden_resi_blocks[3].hidden_layer/gen_ring_banks[2].ring_bank2/sram_dout0[6]' driven by pin 'gen_hidden_resi_blocks[3].hidden_layer/gen_ring_banks[2].ring_bank2/gen_sram_32x64.u_ring_sram/dout0[6]' has no loads. (LINT-2)
Warning: In design 'tcn_block', net 'gen_hidden_resi_blocks[3].hidden_layer/gen_ring_banks[2].ring_bank2/sram_dout0[7]' driven by pin 'gen_hidden_resi_blocks[3].hidden_layer/gen_ring_banks[2].ring_bank2/gen_sram_32x64.u_ring_sram/dout0[7]' has no loads. (LINT-2)
Warning: In design 'tcn_block', net 'gen_hidden_resi_blocks[3].hidden_layer/gen_ring_banks[2].ring_bank2/sram_dout0[8]' driven by pin 'gen_hidden_resi_blocks[3].hidden_layer/gen_ring_banks[2].ring_bank2/gen_sram_32x64.u_ring_sram/dout0[8]' has no loads. (LINT-2)
Warning: In design 'tcn_block', net 'gen_hidden_resi_blocks[3].hidden_layer/gen_ring_banks[2].ring_bank2/sram_dout0[9]' driven by pin 'gen_hidden_resi_blocks[3].hidden_layer/gen_ring_banks[2].ring_bank2/gen_sram_32x64.u_ring_sram/dout0[9]' has no loads. (LINT-2)
Warning: In design 'tcn_block', net 'gen_hidden_resi_blocks[3].hidden_layer/gen_ring_banks[2].ring_bank2/sram_dout0[10]' driven by pin 'gen_hidden_resi_blocks[3].hidden_layer/gen_ring_banks[2].ring_bank2/gen_sram_32x64.u_ring_sram/dout0[10]' has no loads. (LINT-2)
Warning: In design 'tcn_block', net 'gen_hidden_resi_blocks[3].hidden_layer/gen_ring_banks[2].ring_bank2/sram_dout0[11]' driven by pin 'gen_hidden_resi_blocks[3].hidden_layer/gen_ring_banks[2].ring_bank2/gen_sram_32x64.u_ring_sram/dout0[11]' has no loads. (LINT-2)
Warning: In design 'tcn_block', net 'gen_hidden_resi_blocks[3].hidden_layer/gen_ring_banks[2].ring_bank2/sram_dout0[12]' driven by pin 'gen_hidden_resi_blocks[3].hidden_layer/gen_ring_banks[2].ring_bank2/gen_sram_32x64.u_ring_sram/dout0[12]' has no loads. (LINT-2)
Warning: In design 'tcn_block', net 'gen_hidden_resi_blocks[3].hidden_layer/gen_ring_banks[2].ring_bank2/sram_dout0[13]' driven by pin 'gen_hidden_resi_blocks[3].hidden_layer/gen_ring_banks[2].ring_bank2/gen_sram_32x64.u_ring_sram/dout0[13]' has no loads. (LINT-2)
Warning: In design 'tcn_block', net 'gen_hidden_resi_blocks[3].hidden_layer/gen_ring_banks[2].ring_bank2/sram_dout0[14]' driven by pin 'gen_hidden_resi_blocks[3].hidden_layer/gen_ring_banks[2].ring_bank2/gen_sram_32x64.u_ring_sram/dout0[14]' has no loads. (LINT-2)
Warning: In design 'tcn_block', net 'gen_hidden_resi_blocks[3].hidden_layer/gen_ring_banks[2].ring_bank2/sram_dout0[15]' driven by pin 'gen_hidden_resi_blocks[3].hidden_layer/gen_ring_banks[2].ring_bank2/gen_sram_32x64.u_ring_sram/dout0[15]' has no loads. (LINT-2)
Warning: In design 'tcn_block', net 'gen_hidden_resi_blocks[3].hidden_layer/gen_ring_banks[2].ring_bank2/sram_dout0[16]' driven by pin 'gen_hidden_resi_blocks[3].hidden_layer/gen_ring_banks[2].ring_bank2/gen_sram_32x64.u_ring_sram/dout0[16]' has no loads. (LINT-2)
Warning: In design 'tcn_block', net 'gen_hidden_resi_blocks[3].hidden_layer/gen_ring_banks[2].ring_bank2/sram_dout0[17]' driven by pin 'gen_hidden_resi_blocks[3].hidden_layer/gen_ring_banks[2].ring_bank2/gen_sram_32x64.u_ring_sram/dout0[17]' has no loads. (LINT-2)
Warning: In design 'tcn_block', net 'gen_hidden_resi_blocks[3].hidden_layer/gen_ring_banks[2].ring_bank2/sram_dout0[18]' driven by pin 'gen_hidden_resi_blocks[3].hidden_layer/gen_ring_banks[2].ring_bank2/gen_sram_32x64.u_ring_sram/dout0[18]' has no loads. (LINT-2)
Warning: In design 'tcn_block', net 'gen_hidden_resi_blocks[3].hidden_layer/gen_ring_banks[2].ring_bank2/sram_dout0[19]' driven by pin 'gen_hidden_resi_blocks[3].hidden_layer/gen_ring_banks[2].ring_bank2/gen_sram_32x64.u_ring_sram/dout0[19]' has no loads. (LINT-2)
Warning: In design 'tcn_block', net 'gen_hidden_resi_blocks[3].hidden_layer/gen_ring_banks[2].ring_bank2/sram_dout0[20]' driven by pin 'gen_hidden_resi_blocks[3].hidden_layer/gen_ring_banks[2].ring_bank2/gen_sram_32x64.u_ring_sram/dout0[20]' has no loads. (LINT-2)
Warning: In design 'tcn_block', net 'gen_hidden_resi_blocks[3].hidden_layer/gen_ring_banks[2].ring_bank2/sram_dout0[21]' driven by pin 'gen_hidden_resi_blocks[3].hidden_layer/gen_ring_banks[2].ring_bank2/gen_sram_32x64.u_ring_sram/dout0[21]' has no loads. (LINT-2)
Warning: In design 'tcn_block', net 'gen_hidden_resi_blocks[3].hidden_layer/gen_ring_banks[2].ring_bank2/sram_dout0[22]' driven by pin 'gen_hidden_resi_blocks[3].hidden_layer/gen_ring_banks[2].ring_bank2/gen_sram_32x64.u_ring_sram/dout0[22]' has no loads. (LINT-2)
Warning: In design 'tcn_block', net 'gen_hidden_resi_blocks[3].hidden_layer/gen_ring_banks[2].ring_bank2/sram_dout0[23]' driven by pin 'gen_hidden_resi_blocks[3].hidden_layer/gen_ring_banks[2].ring_bank2/gen_sram_32x64.u_ring_sram/dout0[23]' has no loads. (LINT-2)
Warning: In design 'tcn_block', net 'gen_hidden_resi_blocks[3].hidden_layer/gen_ring_banks[2].ring_bank2/sram_dout0[24]' driven by pin 'gen_hidden_resi_blocks[3].hidden_layer/gen_ring_banks[2].ring_bank2/gen_sram_32x64.u_ring_sram/dout0[24]' has no loads. (LINT-2)
Warning: In design 'tcn_block', net 'gen_hidden_resi_blocks[3].hidden_layer/gen_ring_banks[2].ring_bank2/sram_dout0[25]' driven by pin 'gen_hidden_resi_blocks[3].hidden_layer/gen_ring_banks[2].ring_bank2/gen_sram_32x64.u_ring_sram/dout0[25]' has no loads. (LINT-2)
Warning: In design 'tcn_block', net 'gen_hidden_resi_blocks[3].hidden_layer/gen_ring_banks[2].ring_bank2/sram_dout0[26]' driven by pin 'gen_hidden_resi_blocks[3].hidden_layer/gen_ring_banks[2].ring_bank2/gen_sram_32x64.u_ring_sram/dout0[26]' has no loads. (LINT-2)
Warning: In design 'tcn_block', net 'gen_hidden_resi_blocks[3].hidden_layer/gen_ring_banks[2].ring_bank2/sram_dout0[27]' driven by pin 'gen_hidden_resi_blocks[3].hidden_layer/gen_ring_banks[2].ring_bank2/gen_sram_32x64.u_ring_sram/dout0[27]' has no loads. (LINT-2)
Warning: In design 'tcn_block', net 'gen_hidden_resi_blocks[3].hidden_layer/gen_ring_banks[2].ring_bank2/sram_dout0[28]' driven by pin 'gen_hidden_resi_blocks[3].hidden_layer/gen_ring_banks[2].ring_bank2/gen_sram_32x64.u_ring_sram/dout0[28]' has no loads. (LINT-2)
Warning: In design 'tcn_block', net 'gen_hidden_resi_blocks[3].hidden_layer/gen_ring_banks[2].ring_bank2/sram_dout0[29]' driven by pin 'gen_hidden_resi_blocks[3].hidden_layer/gen_ring_banks[2].ring_bank2/gen_sram_32x64.u_ring_sram/dout0[29]' has no loads. (LINT-2)
Warning: In design 'tcn_block', net 'gen_hidden_resi_blocks[3].hidden_layer/gen_ring_banks[2].ring_bank2/sram_dout0[30]' driven by pin 'gen_hidden_resi_blocks[3].hidden_layer/gen_ring_banks[2].ring_bank2/gen_sram_32x64.u_ring_sram/dout0[30]' has no loads. (LINT-2)
Warning: In design 'tcn_block', net 'gen_hidden_resi_blocks[3].hidden_layer/gen_ring_banks[2].ring_bank2/sram_dout0[31]' driven by pin 'gen_hidden_resi_blocks[3].hidden_layer/gen_ring_banks[2].ring_bank2/gen_sram_32x64.u_ring_sram/dout0[31]' has no loads. (LINT-2)
Warning: In design 'tcn_block', net 'gen_hidden_resi_blocks[3].hidden_layer/gen_ring_banks[3].ring_bank1/sram_dout0[0]' driven by pin 'gen_hidden_resi_blocks[3].hidden_layer/gen_ring_banks[3].ring_bank1/gen_sram_32x64.u_ring_sram/dout0[0]' has no loads. (LINT-2)
Warning: In design 'tcn_block', net 'gen_hidden_resi_blocks[3].hidden_layer/gen_ring_banks[3].ring_bank1/sram_dout0[1]' driven by pin 'gen_hidden_resi_blocks[3].hidden_layer/gen_ring_banks[3].ring_bank1/gen_sram_32x64.u_ring_sram/dout0[1]' has no loads. (LINT-2)
Warning: In design 'tcn_block', net 'gen_hidden_resi_blocks[3].hidden_layer/gen_ring_banks[3].ring_bank1/sram_dout0[2]' driven by pin 'gen_hidden_resi_blocks[3].hidden_layer/gen_ring_banks[3].ring_bank1/gen_sram_32x64.u_ring_sram/dout0[2]' has no loads. (LINT-2)
Warning: In design 'tcn_block', net 'gen_hidden_resi_blocks[3].hidden_layer/gen_ring_banks[3].ring_bank1/sram_dout0[3]' driven by pin 'gen_hidden_resi_blocks[3].hidden_layer/gen_ring_banks[3].ring_bank1/gen_sram_32x64.u_ring_sram/dout0[3]' has no loads. (LINT-2)
Warning: In design 'tcn_block', net 'gen_hidden_resi_blocks[3].hidden_layer/gen_ring_banks[3].ring_bank1/sram_dout0[4]' driven by pin 'gen_hidden_resi_blocks[3].hidden_layer/gen_ring_banks[3].ring_bank1/gen_sram_32x64.u_ring_sram/dout0[4]' has no loads. (LINT-2)
Warning: In design 'tcn_block', net 'gen_hidden_resi_blocks[3].hidden_layer/gen_ring_banks[3].ring_bank1/sram_dout0[5]' driven by pin 'gen_hidden_resi_blocks[3].hidden_layer/gen_ring_banks[3].ring_bank1/gen_sram_32x64.u_ring_sram/dout0[5]' has no loads. (LINT-2)
Warning: In design 'tcn_block', net 'gen_hidden_resi_blocks[3].hidden_layer/gen_ring_banks[3].ring_bank1/sram_dout0[6]' driven by pin 'gen_hidden_resi_blocks[3].hidden_layer/gen_ring_banks[3].ring_bank1/gen_sram_32x64.u_ring_sram/dout0[6]' has no loads. (LINT-2)
Warning: In design 'tcn_block', net 'gen_hidden_resi_blocks[3].hidden_layer/gen_ring_banks[3].ring_bank1/sram_dout0[7]' driven by pin 'gen_hidden_resi_blocks[3].hidden_layer/gen_ring_banks[3].ring_bank1/gen_sram_32x64.u_ring_sram/dout0[7]' has no loads. (LINT-2)
Warning: In design 'tcn_block', net 'gen_hidden_resi_blocks[3].hidden_layer/gen_ring_banks[3].ring_bank1/sram_dout0[8]' driven by pin 'gen_hidden_resi_blocks[3].hidden_layer/gen_ring_banks[3].ring_bank1/gen_sram_32x64.u_ring_sram/dout0[8]' has no loads. (LINT-2)
Warning: In design 'tcn_block', net 'gen_hidden_resi_blocks[3].hidden_layer/gen_ring_banks[3].ring_bank1/sram_dout0[9]' driven by pin 'gen_hidden_resi_blocks[3].hidden_layer/gen_ring_banks[3].ring_bank1/gen_sram_32x64.u_ring_sram/dout0[9]' has no loads. (LINT-2)
Warning: In design 'tcn_block', net 'gen_hidden_resi_blocks[3].hidden_layer/gen_ring_banks[3].ring_bank1/sram_dout0[10]' driven by pin 'gen_hidden_resi_blocks[3].hidden_layer/gen_ring_banks[3].ring_bank1/gen_sram_32x64.u_ring_sram/dout0[10]' has no loads. (LINT-2)
Warning: In design 'tcn_block', net 'gen_hidden_resi_blocks[3].hidden_layer/gen_ring_banks[3].ring_bank1/sram_dout0[11]' driven by pin 'gen_hidden_resi_blocks[3].hidden_layer/gen_ring_banks[3].ring_bank1/gen_sram_32x64.u_ring_sram/dout0[11]' has no loads. (LINT-2)
Warning: In design 'tcn_block', net 'gen_hidden_resi_blocks[3].hidden_layer/gen_ring_banks[3].ring_bank1/sram_dout0[12]' driven by pin 'gen_hidden_resi_blocks[3].hidden_layer/gen_ring_banks[3].ring_bank1/gen_sram_32x64.u_ring_sram/dout0[12]' has no loads. (LINT-2)
Warning: In design 'tcn_block', net 'gen_hidden_resi_blocks[3].hidden_layer/gen_ring_banks[3].ring_bank1/sram_dout0[13]' driven by pin 'gen_hidden_resi_blocks[3].hidden_layer/gen_ring_banks[3].ring_bank1/gen_sram_32x64.u_ring_sram/dout0[13]' has no loads. (LINT-2)
Warning: In design 'tcn_block', net 'gen_hidden_resi_blocks[3].hidden_layer/gen_ring_banks[3].ring_bank1/sram_dout0[14]' driven by pin 'gen_hidden_resi_blocks[3].hidden_layer/gen_ring_banks[3].ring_bank1/gen_sram_32x64.u_ring_sram/dout0[14]' has no loads. (LINT-2)
Warning: In design 'tcn_block', net 'gen_hidden_resi_blocks[3].hidden_layer/gen_ring_banks[3].ring_bank1/sram_dout0[15]' driven by pin 'gen_hidden_resi_blocks[3].hidden_layer/gen_ring_banks[3].ring_bank1/gen_sram_32x64.u_ring_sram/dout0[15]' has no loads. (LINT-2)
Warning: In design 'tcn_block', net 'gen_hidden_resi_blocks[3].hidden_layer/gen_ring_banks[3].ring_bank1/sram_dout0[16]' driven by pin 'gen_hidden_resi_blocks[3].hidden_layer/gen_ring_banks[3].ring_bank1/gen_sram_32x64.u_ring_sram/dout0[16]' has no loads. (LINT-2)
Warning: In design 'tcn_block', net 'gen_hidden_resi_blocks[3].hidden_layer/gen_ring_banks[3].ring_bank1/sram_dout0[17]' driven by pin 'gen_hidden_resi_blocks[3].hidden_layer/gen_ring_banks[3].ring_bank1/gen_sram_32x64.u_ring_sram/dout0[17]' has no loads. (LINT-2)
Warning: In design 'tcn_block', net 'gen_hidden_resi_blocks[3].hidden_layer/gen_ring_banks[3].ring_bank1/sram_dout0[18]' driven by pin 'gen_hidden_resi_blocks[3].hidden_layer/gen_ring_banks[3].ring_bank1/gen_sram_32x64.u_ring_sram/dout0[18]' has no loads. (LINT-2)
Warning: In design 'tcn_block', net 'gen_hidden_resi_blocks[3].hidden_layer/gen_ring_banks[3].ring_bank1/sram_dout0[19]' driven by pin 'gen_hidden_resi_blocks[3].hidden_layer/gen_ring_banks[3].ring_bank1/gen_sram_32x64.u_ring_sram/dout0[19]' has no loads. (LINT-2)
Warning: In design 'tcn_block', net 'gen_hidden_resi_blocks[3].hidden_layer/gen_ring_banks[3].ring_bank1/sram_dout0[20]' driven by pin 'gen_hidden_resi_blocks[3].hidden_layer/gen_ring_banks[3].ring_bank1/gen_sram_32x64.u_ring_sram/dout0[20]' has no loads. (LINT-2)
Warning: In design 'tcn_block', net 'gen_hidden_resi_blocks[3].hidden_layer/gen_ring_banks[3].ring_bank1/sram_dout0[21]' driven by pin 'gen_hidden_resi_blocks[3].hidden_layer/gen_ring_banks[3].ring_bank1/gen_sram_32x64.u_ring_sram/dout0[21]' has no loads. (LINT-2)
Warning: In design 'tcn_block', net 'gen_hidden_resi_blocks[3].hidden_layer/gen_ring_banks[3].ring_bank1/sram_dout0[22]' driven by pin 'gen_hidden_resi_blocks[3].hidden_layer/gen_ring_banks[3].ring_bank1/gen_sram_32x64.u_ring_sram/dout0[22]' has no loads. (LINT-2)
Warning: In design 'tcn_block', net 'gen_hidden_resi_blocks[3].hidden_layer/gen_ring_banks[3].ring_bank1/sram_dout0[23]' driven by pin 'gen_hidden_resi_blocks[3].hidden_layer/gen_ring_banks[3].ring_bank1/gen_sram_32x64.u_ring_sram/dout0[23]' has no loads. (LINT-2)
Warning: In design 'tcn_block', net 'gen_hidden_resi_blocks[3].hidden_layer/gen_ring_banks[3].ring_bank1/sram_dout0[24]' driven by pin 'gen_hidden_resi_blocks[3].hidden_layer/gen_ring_banks[3].ring_bank1/gen_sram_32x64.u_ring_sram/dout0[24]' has no loads. (LINT-2)
Warning: In design 'tcn_block', net 'gen_hidden_resi_blocks[3].hidden_layer/gen_ring_banks[3].ring_bank1/sram_dout0[25]' driven by pin 'gen_hidden_resi_blocks[3].hidden_layer/gen_ring_banks[3].ring_bank1/gen_sram_32x64.u_ring_sram/dout0[25]' has no loads. (LINT-2)
Warning: In design 'tcn_block', net 'gen_hidden_resi_blocks[3].hidden_layer/gen_ring_banks[3].ring_bank1/sram_dout0[26]' driven by pin 'gen_hidden_resi_blocks[3].hidden_layer/gen_ring_banks[3].ring_bank1/gen_sram_32x64.u_ring_sram/dout0[26]' has no loads. (LINT-2)
Warning: In design 'tcn_block', net 'gen_hidden_resi_blocks[3].hidden_layer/gen_ring_banks[3].ring_bank1/sram_dout0[27]' driven by pin 'gen_hidden_resi_blocks[3].hidden_layer/gen_ring_banks[3].ring_bank1/gen_sram_32x64.u_ring_sram/dout0[27]' has no loads. (LINT-2)
Warning: In design 'tcn_block', net 'gen_hidden_resi_blocks[3].hidden_layer/gen_ring_banks[3].ring_bank1/sram_dout0[28]' driven by pin 'gen_hidden_resi_blocks[3].hidden_layer/gen_ring_banks[3].ring_bank1/gen_sram_32x64.u_ring_sram/dout0[28]' has no loads. (LINT-2)
Warning: In design 'tcn_block', net 'gen_hidden_resi_blocks[3].hidden_layer/gen_ring_banks[3].ring_bank1/sram_dout0[29]' driven by pin 'gen_hidden_resi_blocks[3].hidden_layer/gen_ring_banks[3].ring_bank1/gen_sram_32x64.u_ring_sram/dout0[29]' has no loads. (LINT-2)
Warning: In design 'tcn_block', net 'gen_hidden_resi_blocks[3].hidden_layer/gen_ring_banks[3].ring_bank1/sram_dout0[30]' driven by pin 'gen_hidden_resi_blocks[3].hidden_layer/gen_ring_banks[3].ring_bank1/gen_sram_32x64.u_ring_sram/dout0[30]' has no loads. (LINT-2)
Warning: In design 'tcn_block', net 'gen_hidden_resi_blocks[3].hidden_layer/gen_ring_banks[3].ring_bank1/sram_dout0[31]' driven by pin 'gen_hidden_resi_blocks[3].hidden_layer/gen_ring_banks[3].ring_bank1/gen_sram_32x64.u_ring_sram/dout0[31]' has no loads. (LINT-2)
Warning: In design 'tcn_block', net 'gen_hidden_resi_blocks[3].hidden_layer/gen_ring_banks[3].ring_bank2/sram_dout0[0]' driven by pin 'gen_hidden_resi_blocks[3].hidden_layer/gen_ring_banks[3].ring_bank2/gen_sram_32x64.u_ring_sram/dout0[0]' has no loads. (LINT-2)
Warning: In design 'tcn_block', net 'gen_hidden_resi_blocks[3].hidden_layer/gen_ring_banks[3].ring_bank2/sram_dout0[1]' driven by pin 'gen_hidden_resi_blocks[3].hidden_layer/gen_ring_banks[3].ring_bank2/gen_sram_32x64.u_ring_sram/dout0[1]' has no loads. (LINT-2)
Warning: In design 'tcn_block', net 'gen_hidden_resi_blocks[3].hidden_layer/gen_ring_banks[3].ring_bank2/sram_dout0[2]' driven by pin 'gen_hidden_resi_blocks[3].hidden_layer/gen_ring_banks[3].ring_bank2/gen_sram_32x64.u_ring_sram/dout0[2]' has no loads. (LINT-2)
Warning: In design 'tcn_block', net 'gen_hidden_resi_blocks[3].hidden_layer/gen_ring_banks[3].ring_bank2/sram_dout0[3]' driven by pin 'gen_hidden_resi_blocks[3].hidden_layer/gen_ring_banks[3].ring_bank2/gen_sram_32x64.u_ring_sram/dout0[3]' has no loads. (LINT-2)
Warning: In design 'tcn_block', net 'gen_hidden_resi_blocks[3].hidden_layer/gen_ring_banks[3].ring_bank2/sram_dout0[4]' driven by pin 'gen_hidden_resi_blocks[3].hidden_layer/gen_ring_banks[3].ring_bank2/gen_sram_32x64.u_ring_sram/dout0[4]' has no loads. (LINT-2)
Warning: In design 'tcn_block', net 'gen_hidden_resi_blocks[3].hidden_layer/gen_ring_banks[3].ring_bank2/sram_dout0[5]' driven by pin 'gen_hidden_resi_blocks[3].hidden_layer/gen_ring_banks[3].ring_bank2/gen_sram_32x64.u_ring_sram/dout0[5]' has no loads. (LINT-2)
Warning: In design 'tcn_block', net 'gen_hidden_resi_blocks[3].hidden_layer/gen_ring_banks[3].ring_bank2/sram_dout0[6]' driven by pin 'gen_hidden_resi_blocks[3].hidden_layer/gen_ring_banks[3].ring_bank2/gen_sram_32x64.u_ring_sram/dout0[6]' has no loads. (LINT-2)
Warning: In design 'tcn_block', net 'gen_hidden_resi_blocks[3].hidden_layer/gen_ring_banks[3].ring_bank2/sram_dout0[7]' driven by pin 'gen_hidden_resi_blocks[3].hidden_layer/gen_ring_banks[3].ring_bank2/gen_sram_32x64.u_ring_sram/dout0[7]' has no loads. (LINT-2)
Warning: In design 'tcn_block', net 'gen_hidden_resi_blocks[3].hidden_layer/gen_ring_banks[3].ring_bank2/sram_dout0[8]' driven by pin 'gen_hidden_resi_blocks[3].hidden_layer/gen_ring_banks[3].ring_bank2/gen_sram_32x64.u_ring_sram/dout0[8]' has no loads. (LINT-2)
Warning: In design 'tcn_block', net 'gen_hidden_resi_blocks[3].hidden_layer/gen_ring_banks[3].ring_bank2/sram_dout0[9]' driven by pin 'gen_hidden_resi_blocks[3].hidden_layer/gen_ring_banks[3].ring_bank2/gen_sram_32x64.u_ring_sram/dout0[9]' has no loads. (LINT-2)
Warning: In design 'tcn_block', net 'gen_hidden_resi_blocks[3].hidden_layer/gen_ring_banks[3].ring_bank2/sram_dout0[10]' driven by pin 'gen_hidden_resi_blocks[3].hidden_layer/gen_ring_banks[3].ring_bank2/gen_sram_32x64.u_ring_sram/dout0[10]' has no loads. (LINT-2)
Warning: In design 'tcn_block', net 'gen_hidden_resi_blocks[3].hidden_layer/gen_ring_banks[3].ring_bank2/sram_dout0[11]' driven by pin 'gen_hidden_resi_blocks[3].hidden_layer/gen_ring_banks[3].ring_bank2/gen_sram_32x64.u_ring_sram/dout0[11]' has no loads. (LINT-2)
Warning: In design 'tcn_block', net 'gen_hidden_resi_blocks[3].hidden_layer/gen_ring_banks[3].ring_bank2/sram_dout0[12]' driven by pin 'gen_hidden_resi_blocks[3].hidden_layer/gen_ring_banks[3].ring_bank2/gen_sram_32x64.u_ring_sram/dout0[12]' has no loads. (LINT-2)
Warning: In design 'tcn_block', net 'gen_hidden_resi_blocks[3].hidden_layer/gen_ring_banks[3].ring_bank2/sram_dout0[13]' driven by pin 'gen_hidden_resi_blocks[3].hidden_layer/gen_ring_banks[3].ring_bank2/gen_sram_32x64.u_ring_sram/dout0[13]' has no loads. (LINT-2)
Warning: In design 'tcn_block', net 'gen_hidden_resi_blocks[3].hidden_layer/gen_ring_banks[3].ring_bank2/sram_dout0[14]' driven by pin 'gen_hidden_resi_blocks[3].hidden_layer/gen_ring_banks[3].ring_bank2/gen_sram_32x64.u_ring_sram/dout0[14]' has no loads. (LINT-2)
Warning: In design 'tcn_block', net 'gen_hidden_resi_blocks[3].hidden_layer/gen_ring_banks[3].ring_bank2/sram_dout0[15]' driven by pin 'gen_hidden_resi_blocks[3].hidden_layer/gen_ring_banks[3].ring_bank2/gen_sram_32x64.u_ring_sram/dout0[15]' has no loads. (LINT-2)
Warning: In design 'tcn_block', net 'gen_hidden_resi_blocks[3].hidden_layer/gen_ring_banks[3].ring_bank2/sram_dout0[16]' driven by pin 'gen_hidden_resi_blocks[3].hidden_layer/gen_ring_banks[3].ring_bank2/gen_sram_32x64.u_ring_sram/dout0[16]' has no loads. (LINT-2)
Warning: In design 'tcn_block', net 'gen_hidden_resi_blocks[3].hidden_layer/gen_ring_banks[3].ring_bank2/sram_dout0[17]' driven by pin 'gen_hidden_resi_blocks[3].hidden_layer/gen_ring_banks[3].ring_bank2/gen_sram_32x64.u_ring_sram/dout0[17]' has no loads. (LINT-2)
Warning: In design 'tcn_block', net 'gen_hidden_resi_blocks[3].hidden_layer/gen_ring_banks[3].ring_bank2/sram_dout0[18]' driven by pin 'gen_hidden_resi_blocks[3].hidden_layer/gen_ring_banks[3].ring_bank2/gen_sram_32x64.u_ring_sram/dout0[18]' has no loads. (LINT-2)
Warning: In design 'tcn_block', net 'gen_hidden_resi_blocks[3].hidden_layer/gen_ring_banks[3].ring_bank2/sram_dout0[19]' driven by pin 'gen_hidden_resi_blocks[3].hidden_layer/gen_ring_banks[3].ring_bank2/gen_sram_32x64.u_ring_sram/dout0[19]' has no loads. (LINT-2)
Warning: In design 'tcn_block', net 'gen_hidden_resi_blocks[3].hidden_layer/gen_ring_banks[3].ring_bank2/sram_dout0[20]' driven by pin 'gen_hidden_resi_blocks[3].hidden_layer/gen_ring_banks[3].ring_bank2/gen_sram_32x64.u_ring_sram/dout0[20]' has no loads. (LINT-2)
Warning: In design 'tcn_block', net 'gen_hidden_resi_blocks[3].hidden_layer/gen_ring_banks[3].ring_bank2/sram_dout0[21]' driven by pin 'gen_hidden_resi_blocks[3].hidden_layer/gen_ring_banks[3].ring_bank2/gen_sram_32x64.u_ring_sram/dout0[21]' has no loads. (LINT-2)
Warning: In design 'tcn_block', net 'gen_hidden_resi_blocks[3].hidden_layer/gen_ring_banks[3].ring_bank2/sram_dout0[22]' driven by pin 'gen_hidden_resi_blocks[3].hidden_layer/gen_ring_banks[3].ring_bank2/gen_sram_32x64.u_ring_sram/dout0[22]' has no loads. (LINT-2)
Warning: In design 'tcn_block', net 'gen_hidden_resi_blocks[3].hidden_layer/gen_ring_banks[3].ring_bank2/sram_dout0[23]' driven by pin 'gen_hidden_resi_blocks[3].hidden_layer/gen_ring_banks[3].ring_bank2/gen_sram_32x64.u_ring_sram/dout0[23]' has no loads. (LINT-2)
Warning: In design 'tcn_block', net 'gen_hidden_resi_blocks[3].hidden_layer/gen_ring_banks[3].ring_bank2/sram_dout0[24]' driven by pin 'gen_hidden_resi_blocks[3].hidden_layer/gen_ring_banks[3].ring_bank2/gen_sram_32x64.u_ring_sram/dout0[24]' has no loads. (LINT-2)
Warning: In design 'tcn_block', net 'gen_hidden_resi_blocks[3].hidden_layer/gen_ring_banks[3].ring_bank2/sram_dout0[25]' driven by pin 'gen_hidden_resi_blocks[3].hidden_layer/gen_ring_banks[3].ring_bank2/gen_sram_32x64.u_ring_sram/dout0[25]' has no loads. (LINT-2)
Warning: In design 'tcn_block', net 'gen_hidden_resi_blocks[3].hidden_layer/gen_ring_banks[3].ring_bank2/sram_dout0[26]' driven by pin 'gen_hidden_resi_blocks[3].hidden_layer/gen_ring_banks[3].ring_bank2/gen_sram_32x64.u_ring_sram/dout0[26]' has no loads. (LINT-2)
Warning: In design 'tcn_block', net 'gen_hidden_resi_blocks[3].hidden_layer/gen_ring_banks[3].ring_bank2/sram_dout0[27]' driven by pin 'gen_hidden_resi_blocks[3].hidden_layer/gen_ring_banks[3].ring_bank2/gen_sram_32x64.u_ring_sram/dout0[27]' has no loads. (LINT-2)
Warning: In design 'tcn_block', net 'gen_hidden_resi_blocks[3].hidden_layer/gen_ring_banks[3].ring_bank2/sram_dout0[28]' driven by pin 'gen_hidden_resi_blocks[3].hidden_layer/gen_ring_banks[3].ring_bank2/gen_sram_32x64.u_ring_sram/dout0[28]' has no loads. (LINT-2)
Warning: In design 'tcn_block', net 'gen_hidden_resi_blocks[3].hidden_layer/gen_ring_banks[3].ring_bank2/sram_dout0[29]' driven by pin 'gen_hidden_resi_blocks[3].hidden_layer/gen_ring_banks[3].ring_bank2/gen_sram_32x64.u_ring_sram/dout0[29]' has no loads. (LINT-2)
Warning: In design 'tcn_block', net 'gen_hidden_resi_blocks[3].hidden_layer/gen_ring_banks[3].ring_bank2/sram_dout0[30]' driven by pin 'gen_hidden_resi_blocks[3].hidden_layer/gen_ring_banks[3].ring_bank2/gen_sram_32x64.u_ring_sram/dout0[30]' has no loads. (LINT-2)
Warning: In design 'tcn_block', net 'gen_hidden_resi_blocks[3].hidden_layer/gen_ring_banks[3].ring_bank2/sram_dout0[31]' driven by pin 'gen_hidden_resi_blocks[3].hidden_layer/gen_ring_banks[3].ring_bank2/gen_sram_32x64.u_ring_sram/dout0[31]' has no loads. (LINT-2)
Warning: In design 'tcn_block', net 'gen_hidden_resi_blocks[4].hidden_layer/gen_ring_banks[0].ring_bank2/sram_dout0[0]' driven by pin 'gen_hidden_resi_blocks[4].hidden_layer/gen_ring_banks[0].ring_bank2/gen_sram_32x128.u_ring_sram/dout0[0]' has no loads. (LINT-2)
Warning: In design 'tcn_block', net 'gen_hidden_resi_blocks[4].hidden_layer/gen_ring_banks[0].ring_bank2/sram_dout0[1]' driven by pin 'gen_hidden_resi_blocks[4].hidden_layer/gen_ring_banks[0].ring_bank2/gen_sram_32x128.u_ring_sram/dout0[1]' has no loads. (LINT-2)
Warning: In design 'tcn_block', net 'gen_hidden_resi_blocks[4].hidden_layer/gen_ring_banks[0].ring_bank2/sram_dout0[2]' driven by pin 'gen_hidden_resi_blocks[4].hidden_layer/gen_ring_banks[0].ring_bank2/gen_sram_32x128.u_ring_sram/dout0[2]' has no loads. (LINT-2)
Warning: In design 'tcn_block', net 'gen_hidden_resi_blocks[4].hidden_layer/gen_ring_banks[0].ring_bank2/sram_dout0[3]' driven by pin 'gen_hidden_resi_blocks[4].hidden_layer/gen_ring_banks[0].ring_bank2/gen_sram_32x128.u_ring_sram/dout0[3]' has no loads. (LINT-2)
Warning: In design 'tcn_block', net 'gen_hidden_resi_blocks[4].hidden_layer/gen_ring_banks[0].ring_bank2/sram_dout0[4]' driven by pin 'gen_hidden_resi_blocks[4].hidden_layer/gen_ring_banks[0].ring_bank2/gen_sram_32x128.u_ring_sram/dout0[4]' has no loads. (LINT-2)
Warning: In design 'tcn_block', net 'gen_hidden_resi_blocks[4].hidden_layer/gen_ring_banks[0].ring_bank2/sram_dout0[5]' driven by pin 'gen_hidden_resi_blocks[4].hidden_layer/gen_ring_banks[0].ring_bank2/gen_sram_32x128.u_ring_sram/dout0[5]' has no loads. (LINT-2)
Warning: In design 'tcn_block', net 'gen_hidden_resi_blocks[4].hidden_layer/gen_ring_banks[0].ring_bank2/sram_dout0[6]' driven by pin 'gen_hidden_resi_blocks[4].hidden_layer/gen_ring_banks[0].ring_bank2/gen_sram_32x128.u_ring_sram/dout0[6]' has no loads. (LINT-2)
Warning: In design 'tcn_block', net 'gen_hidden_resi_blocks[4].hidden_layer/gen_ring_banks[0].ring_bank2/sram_dout0[7]' driven by pin 'gen_hidden_resi_blocks[4].hidden_layer/gen_ring_banks[0].ring_bank2/gen_sram_32x128.u_ring_sram/dout0[7]' has no loads. (LINT-2)
Warning: In design 'tcn_block', net 'gen_hidden_resi_blocks[4].hidden_layer/gen_ring_banks[0].ring_bank2/sram_dout0[8]' driven by pin 'gen_hidden_resi_blocks[4].hidden_layer/gen_ring_banks[0].ring_bank2/gen_sram_32x128.u_ring_sram/dout0[8]' has no loads. (LINT-2)
Warning: In design 'tcn_block', net 'gen_hidden_resi_blocks[4].hidden_layer/gen_ring_banks[0].ring_bank2/sram_dout0[9]' driven by pin 'gen_hidden_resi_blocks[4].hidden_layer/gen_ring_banks[0].ring_bank2/gen_sram_32x128.u_ring_sram/dout0[9]' has no loads. (LINT-2)
Warning: In design 'tcn_block', net 'gen_hidden_resi_blocks[4].hidden_layer/gen_ring_banks[0].ring_bank2/sram_dout0[10]' driven by pin 'gen_hidden_resi_blocks[4].hidden_layer/gen_ring_banks[0].ring_bank2/gen_sram_32x128.u_ring_sram/dout0[10]' has no loads. (LINT-2)
Warning: In design 'tcn_block', net 'gen_hidden_resi_blocks[4].hidden_layer/gen_ring_banks[0].ring_bank2/sram_dout0[11]' driven by pin 'gen_hidden_resi_blocks[4].hidden_layer/gen_ring_banks[0].ring_bank2/gen_sram_32x128.u_ring_sram/dout0[11]' has no loads. (LINT-2)
Warning: In design 'tcn_block', net 'gen_hidden_resi_blocks[4].hidden_layer/gen_ring_banks[0].ring_bank2/sram_dout0[12]' driven by pin 'gen_hidden_resi_blocks[4].hidden_layer/gen_ring_banks[0].ring_bank2/gen_sram_32x128.u_ring_sram/dout0[12]' has no loads. (LINT-2)
Warning: In design 'tcn_block', net 'gen_hidden_resi_blocks[4].hidden_layer/gen_ring_banks[0].ring_bank2/sram_dout0[13]' driven by pin 'gen_hidden_resi_blocks[4].hidden_layer/gen_ring_banks[0].ring_bank2/gen_sram_32x128.u_ring_sram/dout0[13]' has no loads. (LINT-2)
Warning: In design 'tcn_block', net 'gen_hidden_resi_blocks[4].hidden_layer/gen_ring_banks[0].ring_bank2/sram_dout0[14]' driven by pin 'gen_hidden_resi_blocks[4].hidden_layer/gen_ring_banks[0].ring_bank2/gen_sram_32x128.u_ring_sram/dout0[14]' has no loads. (LINT-2)
Warning: In design 'tcn_block', net 'gen_hidden_resi_blocks[4].hidden_layer/gen_ring_banks[0].ring_bank2/sram_dout0[15]' driven by pin 'gen_hidden_resi_blocks[4].hidden_layer/gen_ring_banks[0].ring_bank2/gen_sram_32x128.u_ring_sram/dout0[15]' has no loads. (LINT-2)
Warning: In design 'tcn_block', net 'gen_hidden_resi_blocks[4].hidden_layer/gen_ring_banks[0].ring_bank2/sram_dout0[16]' driven by pin 'gen_hidden_resi_blocks[4].hidden_layer/gen_ring_banks[0].ring_bank2/gen_sram_32x128.u_ring_sram/dout0[16]' has no loads. (LINT-2)
Warning: In design 'tcn_block', net 'gen_hidden_resi_blocks[4].hidden_layer/gen_ring_banks[0].ring_bank2/sram_dout0[17]' driven by pin 'gen_hidden_resi_blocks[4].hidden_layer/gen_ring_banks[0].ring_bank2/gen_sram_32x128.u_ring_sram/dout0[17]' has no loads. (LINT-2)
Warning: In design 'tcn_block', net 'gen_hidden_resi_blocks[4].hidden_layer/gen_ring_banks[0].ring_bank2/sram_dout0[18]' driven by pin 'gen_hidden_resi_blocks[4].hidden_layer/gen_ring_banks[0].ring_bank2/gen_sram_32x128.u_ring_sram/dout0[18]' has no loads. (LINT-2)
Warning: In design 'tcn_block', net 'gen_hidden_resi_blocks[4].hidden_layer/gen_ring_banks[0].ring_bank2/sram_dout0[19]' driven by pin 'gen_hidden_resi_blocks[4].hidden_layer/gen_ring_banks[0].ring_bank2/gen_sram_32x128.u_ring_sram/dout0[19]' has no loads. (LINT-2)
Warning: In design 'tcn_block', net 'gen_hidden_resi_blocks[4].hidden_layer/gen_ring_banks[0].ring_bank2/sram_dout0[20]' driven by pin 'gen_hidden_resi_blocks[4].hidden_layer/gen_ring_banks[0].ring_bank2/gen_sram_32x128.u_ring_sram/dout0[20]' has no loads. (LINT-2)
Warning: In design 'tcn_block', net 'gen_hidden_resi_blocks[4].hidden_layer/gen_ring_banks[0].ring_bank2/sram_dout0[21]' driven by pin 'gen_hidden_resi_blocks[4].hidden_layer/gen_ring_banks[0].ring_bank2/gen_sram_32x128.u_ring_sram/dout0[21]' has no loads. (LINT-2)
Warning: In design 'tcn_block', net 'gen_hidden_resi_blocks[4].hidden_layer/gen_ring_banks[0].ring_bank2/sram_dout0[22]' driven by pin 'gen_hidden_resi_blocks[4].hidden_layer/gen_ring_banks[0].ring_bank2/gen_sram_32x128.u_ring_sram/dout0[22]' has no loads. (LINT-2)
Warning: In design 'tcn_block', net 'gen_hidden_resi_blocks[4].hidden_layer/gen_ring_banks[0].ring_bank2/sram_dout0[23]' driven by pin 'gen_hidden_resi_blocks[4].hidden_layer/gen_ring_banks[0].ring_bank2/gen_sram_32x128.u_ring_sram/dout0[23]' has no loads. (LINT-2)
Warning: In design 'tcn_block', net 'gen_hidden_resi_blocks[4].hidden_layer/gen_ring_banks[0].ring_bank2/sram_dout0[24]' driven by pin 'gen_hidden_resi_blocks[4].hidden_layer/gen_ring_banks[0].ring_bank2/gen_sram_32x128.u_ring_sram/dout0[24]' has no loads. (LINT-2)
Warning: In design 'tcn_block', net 'gen_hidden_resi_blocks[4].hidden_layer/gen_ring_banks[0].ring_bank2/sram_dout0[25]' driven by pin 'gen_hidden_resi_blocks[4].hidden_layer/gen_ring_banks[0].ring_bank2/gen_sram_32x128.u_ring_sram/dout0[25]' has no loads. (LINT-2)
Warning: In design 'tcn_block', net 'gen_hidden_resi_blocks[4].hidden_layer/gen_ring_banks[0].ring_bank2/sram_dout0[26]' driven by pin 'gen_hidden_resi_blocks[4].hidden_layer/gen_ring_banks[0].ring_bank2/gen_sram_32x128.u_ring_sram/dout0[26]' has no loads. (LINT-2)
Warning: In design 'tcn_block', net 'gen_hidden_resi_blocks[4].hidden_layer/gen_ring_banks[0].ring_bank2/sram_dout0[27]' driven by pin 'gen_hidden_resi_blocks[4].hidden_layer/gen_ring_banks[0].ring_bank2/gen_sram_32x128.u_ring_sram/dout0[27]' has no loads. (LINT-2)
Warning: In design 'tcn_block', net 'gen_hidden_resi_blocks[4].hidden_layer/gen_ring_banks[0].ring_bank2/sram_dout0[28]' driven by pin 'gen_hidden_resi_blocks[4].hidden_layer/gen_ring_banks[0].ring_bank2/gen_sram_32x128.u_ring_sram/dout0[28]' has no loads. (LINT-2)
Warning: In design 'tcn_block', net 'gen_hidden_resi_blocks[4].hidden_layer/gen_ring_banks[0].ring_bank2/sram_dout0[29]' driven by pin 'gen_hidden_resi_blocks[4].hidden_layer/gen_ring_banks[0].ring_bank2/gen_sram_32x128.u_ring_sram/dout0[29]' has no loads. (LINT-2)
Warning: In design 'tcn_block', net 'gen_hidden_resi_blocks[4].hidden_layer/gen_ring_banks[0].ring_bank2/sram_dout0[30]' driven by pin 'gen_hidden_resi_blocks[4].hidden_layer/gen_ring_banks[0].ring_bank2/gen_sram_32x128.u_ring_sram/dout0[30]' has no loads. (LINT-2)
Warning: In design 'tcn_block', net 'gen_hidden_resi_blocks[4].hidden_layer/gen_ring_banks[0].ring_bank2/sram_dout0[31]' driven by pin 'gen_hidden_resi_blocks[4].hidden_layer/gen_ring_banks[0].ring_bank2/gen_sram_32x128.u_ring_sram/dout0[31]' has no loads. (LINT-2)
Warning: In design 'tcn_block', net 'gen_hidden_resi_blocks[4].hidden_layer/gen_ring_banks[1].ring_bank1/sram_dout0[0]' driven by pin 'gen_hidden_resi_blocks[4].hidden_layer/gen_ring_banks[1].ring_bank1/gen_sram_32x128.u_ring_sram/dout0[0]' has no loads. (LINT-2)
Warning: In design 'tcn_block', net 'gen_hidden_resi_blocks[4].hidden_layer/gen_ring_banks[1].ring_bank1/sram_dout0[1]' driven by pin 'gen_hidden_resi_blocks[4].hidden_layer/gen_ring_banks[1].ring_bank1/gen_sram_32x128.u_ring_sram/dout0[1]' has no loads. (LINT-2)
Warning: In design 'tcn_block', net 'gen_hidden_resi_blocks[4].hidden_layer/gen_ring_banks[1].ring_bank1/sram_dout0[2]' driven by pin 'gen_hidden_resi_blocks[4].hidden_layer/gen_ring_banks[1].ring_bank1/gen_sram_32x128.u_ring_sram/dout0[2]' has no loads. (LINT-2)
Warning: In design 'tcn_block', net 'gen_hidden_resi_blocks[4].hidden_layer/gen_ring_banks[1].ring_bank1/sram_dout0[3]' driven by pin 'gen_hidden_resi_blocks[4].hidden_layer/gen_ring_banks[1].ring_bank1/gen_sram_32x128.u_ring_sram/dout0[3]' has no loads. (LINT-2)
Warning: In design 'tcn_block', net 'gen_hidden_resi_blocks[4].hidden_layer/gen_ring_banks[1].ring_bank1/sram_dout0[4]' driven by pin 'gen_hidden_resi_blocks[4].hidden_layer/gen_ring_banks[1].ring_bank1/gen_sram_32x128.u_ring_sram/dout0[4]' has no loads. (LINT-2)
Warning: In design 'tcn_block', net 'gen_hidden_resi_blocks[4].hidden_layer/gen_ring_banks[1].ring_bank1/sram_dout0[5]' driven by pin 'gen_hidden_resi_blocks[4].hidden_layer/gen_ring_banks[1].ring_bank1/gen_sram_32x128.u_ring_sram/dout0[5]' has no loads. (LINT-2)
Warning: In design 'tcn_block', net 'gen_hidden_resi_blocks[4].hidden_layer/gen_ring_banks[1].ring_bank1/sram_dout0[6]' driven by pin 'gen_hidden_resi_blocks[4].hidden_layer/gen_ring_banks[1].ring_bank1/gen_sram_32x128.u_ring_sram/dout0[6]' has no loads. (LINT-2)
Warning: In design 'tcn_block', net 'gen_hidden_resi_blocks[4].hidden_layer/gen_ring_banks[1].ring_bank1/sram_dout0[7]' driven by pin 'gen_hidden_resi_blocks[4].hidden_layer/gen_ring_banks[1].ring_bank1/gen_sram_32x128.u_ring_sram/dout0[7]' has no loads. (LINT-2)
Warning: In design 'tcn_block', net 'gen_hidden_resi_blocks[4].hidden_layer/gen_ring_banks[1].ring_bank1/sram_dout0[8]' driven by pin 'gen_hidden_resi_blocks[4].hidden_layer/gen_ring_banks[1].ring_bank1/gen_sram_32x128.u_ring_sram/dout0[8]' has no loads. (LINT-2)
Warning: In design 'tcn_block', net 'gen_hidden_resi_blocks[4].hidden_layer/gen_ring_banks[1].ring_bank1/sram_dout0[9]' driven by pin 'gen_hidden_resi_blocks[4].hidden_layer/gen_ring_banks[1].ring_bank1/gen_sram_32x128.u_ring_sram/dout0[9]' has no loads. (LINT-2)
Warning: In design 'tcn_block', net 'gen_hidden_resi_blocks[4].hidden_layer/gen_ring_banks[1].ring_bank1/sram_dout0[10]' driven by pin 'gen_hidden_resi_blocks[4].hidden_layer/gen_ring_banks[1].ring_bank1/gen_sram_32x128.u_ring_sram/dout0[10]' has no loads. (LINT-2)
Warning: In design 'tcn_block', net 'gen_hidden_resi_blocks[4].hidden_layer/gen_ring_banks[1].ring_bank1/sram_dout0[11]' driven by pin 'gen_hidden_resi_blocks[4].hidden_layer/gen_ring_banks[1].ring_bank1/gen_sram_32x128.u_ring_sram/dout0[11]' has no loads. (LINT-2)
Warning: In design 'tcn_block', net 'gen_hidden_resi_blocks[4].hidden_layer/gen_ring_banks[1].ring_bank1/sram_dout0[12]' driven by pin 'gen_hidden_resi_blocks[4].hidden_layer/gen_ring_banks[1].ring_bank1/gen_sram_32x128.u_ring_sram/dout0[12]' has no loads. (LINT-2)
Warning: In design 'tcn_block', net 'gen_hidden_resi_blocks[4].hidden_layer/gen_ring_banks[1].ring_bank1/sram_dout0[13]' driven by pin 'gen_hidden_resi_blocks[4].hidden_layer/gen_ring_banks[1].ring_bank1/gen_sram_32x128.u_ring_sram/dout0[13]' has no loads. (LINT-2)
Warning: In design 'tcn_block', net 'gen_hidden_resi_blocks[4].hidden_layer/gen_ring_banks[1].ring_bank1/sram_dout0[14]' driven by pin 'gen_hidden_resi_blocks[4].hidden_layer/gen_ring_banks[1].ring_bank1/gen_sram_32x128.u_ring_sram/dout0[14]' has no loads. (LINT-2)
Warning: In design 'tcn_block', net 'gen_hidden_resi_blocks[4].hidden_layer/gen_ring_banks[1].ring_bank1/sram_dout0[15]' driven by pin 'gen_hidden_resi_blocks[4].hidden_layer/gen_ring_banks[1].ring_bank1/gen_sram_32x128.u_ring_sram/dout0[15]' has no loads. (LINT-2)
Warning: In design 'tcn_block', net 'gen_hidden_resi_blocks[4].hidden_layer/gen_ring_banks[1].ring_bank1/sram_dout0[16]' driven by pin 'gen_hidden_resi_blocks[4].hidden_layer/gen_ring_banks[1].ring_bank1/gen_sram_32x128.u_ring_sram/dout0[16]' has no loads. (LINT-2)
Warning: In design 'tcn_block', net 'gen_hidden_resi_blocks[4].hidden_layer/gen_ring_banks[1].ring_bank1/sram_dout0[17]' driven by pin 'gen_hidden_resi_blocks[4].hidden_layer/gen_ring_banks[1].ring_bank1/gen_sram_32x128.u_ring_sram/dout0[17]' has no loads. (LINT-2)
Warning: In design 'tcn_block', net 'gen_hidden_resi_blocks[4].hidden_layer/gen_ring_banks[1].ring_bank1/sram_dout0[18]' driven by pin 'gen_hidden_resi_blocks[4].hidden_layer/gen_ring_banks[1].ring_bank1/gen_sram_32x128.u_ring_sram/dout0[18]' has no loads. (LINT-2)
Warning: In design 'tcn_block', net 'gen_hidden_resi_blocks[4].hidden_layer/gen_ring_banks[1].ring_bank1/sram_dout0[19]' driven by pin 'gen_hidden_resi_blocks[4].hidden_layer/gen_ring_banks[1].ring_bank1/gen_sram_32x128.u_ring_sram/dout0[19]' has no loads. (LINT-2)
Warning: In design 'tcn_block', net 'gen_hidden_resi_blocks[4].hidden_layer/gen_ring_banks[1].ring_bank1/sram_dout0[20]' driven by pin 'gen_hidden_resi_blocks[4].hidden_layer/gen_ring_banks[1].ring_bank1/gen_sram_32x128.u_ring_sram/dout0[20]' has no loads. (LINT-2)
Warning: In design 'tcn_block', net 'gen_hidden_resi_blocks[4].hidden_layer/gen_ring_banks[1].ring_bank1/sram_dout0[21]' driven by pin 'gen_hidden_resi_blocks[4].hidden_layer/gen_ring_banks[1].ring_bank1/gen_sram_32x128.u_ring_sram/dout0[21]' has no loads. (LINT-2)
Warning: In design 'tcn_block', net 'gen_hidden_resi_blocks[4].hidden_layer/gen_ring_banks[1].ring_bank1/sram_dout0[22]' driven by pin 'gen_hidden_resi_blocks[4].hidden_layer/gen_ring_banks[1].ring_bank1/gen_sram_32x128.u_ring_sram/dout0[22]' has no loads. (LINT-2)
Warning: In design 'tcn_block', net 'gen_hidden_resi_blocks[4].hidden_layer/gen_ring_banks[1].ring_bank1/sram_dout0[23]' driven by pin 'gen_hidden_resi_blocks[4].hidden_layer/gen_ring_banks[1].ring_bank1/gen_sram_32x128.u_ring_sram/dout0[23]' has no loads. (LINT-2)
Warning: In design 'tcn_block', net 'gen_hidden_resi_blocks[4].hidden_layer/gen_ring_banks[1].ring_bank1/sram_dout0[24]' driven by pin 'gen_hidden_resi_blocks[4].hidden_layer/gen_ring_banks[1].ring_bank1/gen_sram_32x128.u_ring_sram/dout0[24]' has no loads. (LINT-2)
Warning: In design 'tcn_block', net 'gen_hidden_resi_blocks[4].hidden_layer/gen_ring_banks[1].ring_bank1/sram_dout0[25]' driven by pin 'gen_hidden_resi_blocks[4].hidden_layer/gen_ring_banks[1].ring_bank1/gen_sram_32x128.u_ring_sram/dout0[25]' has no loads. (LINT-2)
Warning: In design 'tcn_block', net 'gen_hidden_resi_blocks[4].hidden_layer/gen_ring_banks[1].ring_bank1/sram_dout0[26]' driven by pin 'gen_hidden_resi_blocks[4].hidden_layer/gen_ring_banks[1].ring_bank1/gen_sram_32x128.u_ring_sram/dout0[26]' has no loads. (LINT-2)
Warning: In design 'tcn_block', net 'gen_hidden_resi_blocks[4].hidden_layer/gen_ring_banks[1].ring_bank1/sram_dout0[27]' driven by pin 'gen_hidden_resi_blocks[4].hidden_layer/gen_ring_banks[1].ring_bank1/gen_sram_32x128.u_ring_sram/dout0[27]' has no loads. (LINT-2)
Warning: In design 'tcn_block', net 'gen_hidden_resi_blocks[4].hidden_layer/gen_ring_banks[1].ring_bank1/sram_dout0[28]' driven by pin 'gen_hidden_resi_blocks[4].hidden_layer/gen_ring_banks[1].ring_bank1/gen_sram_32x128.u_ring_sram/dout0[28]' has no loads. (LINT-2)
Warning: In design 'tcn_block', net 'gen_hidden_resi_blocks[4].hidden_layer/gen_ring_banks[1].ring_bank1/sram_dout0[29]' driven by pin 'gen_hidden_resi_blocks[4].hidden_layer/gen_ring_banks[1].ring_bank1/gen_sram_32x128.u_ring_sram/dout0[29]' has no loads. (LINT-2)
Warning: In design 'tcn_block', net 'gen_hidden_resi_blocks[4].hidden_layer/gen_ring_banks[1].ring_bank1/sram_dout0[30]' driven by pin 'gen_hidden_resi_blocks[4].hidden_layer/gen_ring_banks[1].ring_bank1/gen_sram_32x128.u_ring_sram/dout0[30]' has no loads. (LINT-2)
Warning: In design 'tcn_block', net 'gen_hidden_resi_blocks[4].hidden_layer/gen_ring_banks[1].ring_bank1/sram_dout0[31]' driven by pin 'gen_hidden_resi_blocks[4].hidden_layer/gen_ring_banks[1].ring_bank1/gen_sram_32x128.u_ring_sram/dout0[31]' has no loads. (LINT-2)
Warning: In design 'tcn_block', net 'gen_hidden_resi_blocks[4].hidden_layer/gen_ring_banks[1].ring_bank2/sram_dout0[0]' driven by pin 'gen_hidden_resi_blocks[4].hidden_layer/gen_ring_banks[1].ring_bank2/gen_sram_32x128.u_ring_sram/dout0[0]' has no loads. (LINT-2)
Warning: In design 'tcn_block', net 'gen_hidden_resi_blocks[4].hidden_layer/gen_ring_banks[1].ring_bank2/sram_dout0[1]' driven by pin 'gen_hidden_resi_blocks[4].hidden_layer/gen_ring_banks[1].ring_bank2/gen_sram_32x128.u_ring_sram/dout0[1]' has no loads. (LINT-2)
Warning: In design 'tcn_block', net 'gen_hidden_resi_blocks[4].hidden_layer/gen_ring_banks[1].ring_bank2/sram_dout0[2]' driven by pin 'gen_hidden_resi_blocks[4].hidden_layer/gen_ring_banks[1].ring_bank2/gen_sram_32x128.u_ring_sram/dout0[2]' has no loads. (LINT-2)
Warning: In design 'tcn_block', net 'gen_hidden_resi_blocks[4].hidden_layer/gen_ring_banks[1].ring_bank2/sram_dout0[3]' driven by pin 'gen_hidden_resi_blocks[4].hidden_layer/gen_ring_banks[1].ring_bank2/gen_sram_32x128.u_ring_sram/dout0[3]' has no loads. (LINT-2)
Warning: In design 'tcn_block', net 'gen_hidden_resi_blocks[4].hidden_layer/gen_ring_banks[1].ring_bank2/sram_dout0[4]' driven by pin 'gen_hidden_resi_blocks[4].hidden_layer/gen_ring_banks[1].ring_bank2/gen_sram_32x128.u_ring_sram/dout0[4]' has no loads. (LINT-2)
Warning: In design 'tcn_block', net 'gen_hidden_resi_blocks[4].hidden_layer/gen_ring_banks[1].ring_bank2/sram_dout0[5]' driven by pin 'gen_hidden_resi_blocks[4].hidden_layer/gen_ring_banks[1].ring_bank2/gen_sram_32x128.u_ring_sram/dout0[5]' has no loads. (LINT-2)
Warning: In design 'tcn_block', net 'gen_hidden_resi_blocks[4].hidden_layer/gen_ring_banks[1].ring_bank2/sram_dout0[6]' driven by pin 'gen_hidden_resi_blocks[4].hidden_layer/gen_ring_banks[1].ring_bank2/gen_sram_32x128.u_ring_sram/dout0[6]' has no loads. (LINT-2)
Warning: In design 'tcn_block', net 'gen_hidden_resi_blocks[4].hidden_layer/gen_ring_banks[1].ring_bank2/sram_dout0[7]' driven by pin 'gen_hidden_resi_blocks[4].hidden_layer/gen_ring_banks[1].ring_bank2/gen_sram_32x128.u_ring_sram/dout0[7]' has no loads. (LINT-2)
Warning: In design 'tcn_block', net 'gen_hidden_resi_blocks[4].hidden_layer/gen_ring_banks[1].ring_bank2/sram_dout0[8]' driven by pin 'gen_hidden_resi_blocks[4].hidden_layer/gen_ring_banks[1].ring_bank2/gen_sram_32x128.u_ring_sram/dout0[8]' has no loads. (LINT-2)
Warning: In design 'tcn_block', net 'gen_hidden_resi_blocks[4].hidden_layer/gen_ring_banks[1].ring_bank2/sram_dout0[9]' driven by pin 'gen_hidden_resi_blocks[4].hidden_layer/gen_ring_banks[1].ring_bank2/gen_sram_32x128.u_ring_sram/dout0[9]' has no loads. (LINT-2)
Warning: In design 'tcn_block', net 'gen_hidden_resi_blocks[4].hidden_layer/gen_ring_banks[1].ring_bank2/sram_dout0[10]' driven by pin 'gen_hidden_resi_blocks[4].hidden_layer/gen_ring_banks[1].ring_bank2/gen_sram_32x128.u_ring_sram/dout0[10]' has no loads. (LINT-2)
Warning: In design 'tcn_block', net 'gen_hidden_resi_blocks[4].hidden_layer/gen_ring_banks[1].ring_bank2/sram_dout0[11]' driven by pin 'gen_hidden_resi_blocks[4].hidden_layer/gen_ring_banks[1].ring_bank2/gen_sram_32x128.u_ring_sram/dout0[11]' has no loads. (LINT-2)
Warning: In design 'tcn_block', net 'gen_hidden_resi_blocks[4].hidden_layer/gen_ring_banks[1].ring_bank2/sram_dout0[12]' driven by pin 'gen_hidden_resi_blocks[4].hidden_layer/gen_ring_banks[1].ring_bank2/gen_sram_32x128.u_ring_sram/dout0[12]' has no loads. (LINT-2)
Warning: In design 'tcn_block', net 'gen_hidden_resi_blocks[4].hidden_layer/gen_ring_banks[1].ring_bank2/sram_dout0[13]' driven by pin 'gen_hidden_resi_blocks[4].hidden_layer/gen_ring_banks[1].ring_bank2/gen_sram_32x128.u_ring_sram/dout0[13]' has no loads. (LINT-2)
Warning: In design 'tcn_block', net 'gen_hidden_resi_blocks[4].hidden_layer/gen_ring_banks[1].ring_bank2/sram_dout0[14]' driven by pin 'gen_hidden_resi_blocks[4].hidden_layer/gen_ring_banks[1].ring_bank2/gen_sram_32x128.u_ring_sram/dout0[14]' has no loads. (LINT-2)
Warning: In design 'tcn_block', net 'gen_hidden_resi_blocks[4].hidden_layer/gen_ring_banks[1].ring_bank2/sram_dout0[15]' driven by pin 'gen_hidden_resi_blocks[4].hidden_layer/gen_ring_banks[1].ring_bank2/gen_sram_32x128.u_ring_sram/dout0[15]' has no loads. (LINT-2)
Warning: In design 'tcn_block', net 'gen_hidden_resi_blocks[4].hidden_layer/gen_ring_banks[1].ring_bank2/sram_dout0[16]' driven by pin 'gen_hidden_resi_blocks[4].hidden_layer/gen_ring_banks[1].ring_bank2/gen_sram_32x128.u_ring_sram/dout0[16]' has no loads. (LINT-2)
Warning: In design 'tcn_block', net 'gen_hidden_resi_blocks[4].hidden_layer/gen_ring_banks[1].ring_bank2/sram_dout0[17]' driven by pin 'gen_hidden_resi_blocks[4].hidden_layer/gen_ring_banks[1].ring_bank2/gen_sram_32x128.u_ring_sram/dout0[17]' has no loads. (LINT-2)
Warning: In design 'tcn_block', net 'gen_hidden_resi_blocks[4].hidden_layer/gen_ring_banks[1].ring_bank2/sram_dout0[18]' driven by pin 'gen_hidden_resi_blocks[4].hidden_layer/gen_ring_banks[1].ring_bank2/gen_sram_32x128.u_ring_sram/dout0[18]' has no loads. (LINT-2)
Warning: In design 'tcn_block', net 'gen_hidden_resi_blocks[4].hidden_layer/gen_ring_banks[1].ring_bank2/sram_dout0[19]' driven by pin 'gen_hidden_resi_blocks[4].hidden_layer/gen_ring_banks[1].ring_bank2/gen_sram_32x128.u_ring_sram/dout0[19]' has no loads. (LINT-2)
Warning: In design 'tcn_block', net 'gen_hidden_resi_blocks[4].hidden_layer/gen_ring_banks[1].ring_bank2/sram_dout0[20]' driven by pin 'gen_hidden_resi_blocks[4].hidden_layer/gen_ring_banks[1].ring_bank2/gen_sram_32x128.u_ring_sram/dout0[20]' has no loads. (LINT-2)
Warning: In design 'tcn_block', net 'gen_hidden_resi_blocks[4].hidden_layer/gen_ring_banks[1].ring_bank2/sram_dout0[21]' driven by pin 'gen_hidden_resi_blocks[4].hidden_layer/gen_ring_banks[1].ring_bank2/gen_sram_32x128.u_ring_sram/dout0[21]' has no loads. (LINT-2)
Warning: In design 'tcn_block', net 'gen_hidden_resi_blocks[4].hidden_layer/gen_ring_banks[1].ring_bank2/sram_dout0[22]' driven by pin 'gen_hidden_resi_blocks[4].hidden_layer/gen_ring_banks[1].ring_bank2/gen_sram_32x128.u_ring_sram/dout0[22]' has no loads. (LINT-2)
Warning: In design 'tcn_block', net 'gen_hidden_resi_blocks[4].hidden_layer/gen_ring_banks[1].ring_bank2/sram_dout0[23]' driven by pin 'gen_hidden_resi_blocks[4].hidden_layer/gen_ring_banks[1].ring_bank2/gen_sram_32x128.u_ring_sram/dout0[23]' has no loads. (LINT-2)
Warning: In design 'tcn_block', net 'gen_hidden_resi_blocks[4].hidden_layer/gen_ring_banks[1].ring_bank2/sram_dout0[24]' driven by pin 'gen_hidden_resi_blocks[4].hidden_layer/gen_ring_banks[1].ring_bank2/gen_sram_32x128.u_ring_sram/dout0[24]' has no loads. (LINT-2)
Warning: In design 'tcn_block', net 'gen_hidden_resi_blocks[4].hidden_layer/gen_ring_banks[1].ring_bank2/sram_dout0[25]' driven by pin 'gen_hidden_resi_blocks[4].hidden_layer/gen_ring_banks[1].ring_bank2/gen_sram_32x128.u_ring_sram/dout0[25]' has no loads. (LINT-2)
Warning: In design 'tcn_block', net 'gen_hidden_resi_blocks[4].hidden_layer/gen_ring_banks[1].ring_bank2/sram_dout0[26]' driven by pin 'gen_hidden_resi_blocks[4].hidden_layer/gen_ring_banks[1].ring_bank2/gen_sram_32x128.u_ring_sram/dout0[26]' has no loads. (LINT-2)
Warning: In design 'tcn_block', net 'gen_hidden_resi_blocks[4].hidden_layer/gen_ring_banks[1].ring_bank2/sram_dout0[27]' driven by pin 'gen_hidden_resi_blocks[4].hidden_layer/gen_ring_banks[1].ring_bank2/gen_sram_32x128.u_ring_sram/dout0[27]' has no loads. (LINT-2)
Warning: In design 'tcn_block', net 'gen_hidden_resi_blocks[4].hidden_layer/gen_ring_banks[1].ring_bank2/sram_dout0[28]' driven by pin 'gen_hidden_resi_blocks[4].hidden_layer/gen_ring_banks[1].ring_bank2/gen_sram_32x128.u_ring_sram/dout0[28]' has no loads. (LINT-2)
Warning: In design 'tcn_block', net 'gen_hidden_resi_blocks[4].hidden_layer/gen_ring_banks[1].ring_bank2/sram_dout0[29]' driven by pin 'gen_hidden_resi_blocks[4].hidden_layer/gen_ring_banks[1].ring_bank2/gen_sram_32x128.u_ring_sram/dout0[29]' has no loads. (LINT-2)
Warning: In design 'tcn_block', net 'gen_hidden_resi_blocks[4].hidden_layer/gen_ring_banks[1].ring_bank2/sram_dout0[30]' driven by pin 'gen_hidden_resi_blocks[4].hidden_layer/gen_ring_banks[1].ring_bank2/gen_sram_32x128.u_ring_sram/dout0[30]' has no loads. (LINT-2)
Warning: In design 'tcn_block', net 'gen_hidden_resi_blocks[4].hidden_layer/gen_ring_banks[1].ring_bank2/sram_dout0[31]' driven by pin 'gen_hidden_resi_blocks[4].hidden_layer/gen_ring_banks[1].ring_bank2/gen_sram_32x128.u_ring_sram/dout0[31]' has no loads. (LINT-2)
Warning: In design 'tcn_block', net 'gen_hidden_resi_blocks[4].hidden_layer/gen_ring_banks[2].ring_bank1/sram_dout0[0]' driven by pin 'gen_hidden_resi_blocks[4].hidden_layer/gen_ring_banks[2].ring_bank1/gen_sram_32x128.u_ring_sram/dout0[0]' has no loads. (LINT-2)
Warning: In design 'tcn_block', net 'gen_hidden_resi_blocks[4].hidden_layer/gen_ring_banks[2].ring_bank1/sram_dout0[1]' driven by pin 'gen_hidden_resi_blocks[4].hidden_layer/gen_ring_banks[2].ring_bank1/gen_sram_32x128.u_ring_sram/dout0[1]' has no loads. (LINT-2)
Warning: In design 'tcn_block', net 'gen_hidden_resi_blocks[4].hidden_layer/gen_ring_banks[2].ring_bank1/sram_dout0[2]' driven by pin 'gen_hidden_resi_blocks[4].hidden_layer/gen_ring_banks[2].ring_bank1/gen_sram_32x128.u_ring_sram/dout0[2]' has no loads. (LINT-2)
Warning: In design 'tcn_block', net 'gen_hidden_resi_blocks[4].hidden_layer/gen_ring_banks[2].ring_bank1/sram_dout0[3]' driven by pin 'gen_hidden_resi_blocks[4].hidden_layer/gen_ring_banks[2].ring_bank1/gen_sram_32x128.u_ring_sram/dout0[3]' has no loads. (LINT-2)
Warning: In design 'tcn_block', net 'gen_hidden_resi_blocks[4].hidden_layer/gen_ring_banks[2].ring_bank1/sram_dout0[4]' driven by pin 'gen_hidden_resi_blocks[4].hidden_layer/gen_ring_banks[2].ring_bank1/gen_sram_32x128.u_ring_sram/dout0[4]' has no loads. (LINT-2)
Warning: In design 'tcn_block', net 'gen_hidden_resi_blocks[4].hidden_layer/gen_ring_banks[2].ring_bank1/sram_dout0[5]' driven by pin 'gen_hidden_resi_blocks[4].hidden_layer/gen_ring_banks[2].ring_bank1/gen_sram_32x128.u_ring_sram/dout0[5]' has no loads. (LINT-2)
Warning: In design 'tcn_block', net 'gen_hidden_resi_blocks[4].hidden_layer/gen_ring_banks[2].ring_bank1/sram_dout0[6]' driven by pin 'gen_hidden_resi_blocks[4].hidden_layer/gen_ring_banks[2].ring_bank1/gen_sram_32x128.u_ring_sram/dout0[6]' has no loads. (LINT-2)
Warning: In design 'tcn_block', net 'gen_hidden_resi_blocks[4].hidden_layer/gen_ring_banks[2].ring_bank1/sram_dout0[7]' driven by pin 'gen_hidden_resi_blocks[4].hidden_layer/gen_ring_banks[2].ring_bank1/gen_sram_32x128.u_ring_sram/dout0[7]' has no loads. (LINT-2)
Warning: In design 'tcn_block', net 'gen_hidden_resi_blocks[4].hidden_layer/gen_ring_banks[2].ring_bank1/sram_dout0[8]' driven by pin 'gen_hidden_resi_blocks[4].hidden_layer/gen_ring_banks[2].ring_bank1/gen_sram_32x128.u_ring_sram/dout0[8]' has no loads. (LINT-2)
Warning: In design 'tcn_block', net 'gen_hidden_resi_blocks[4].hidden_layer/gen_ring_banks[2].ring_bank1/sram_dout0[9]' driven by pin 'gen_hidden_resi_blocks[4].hidden_layer/gen_ring_banks[2].ring_bank1/gen_sram_32x128.u_ring_sram/dout0[9]' has no loads. (LINT-2)
Warning: In design 'tcn_block', net 'gen_hidden_resi_blocks[4].hidden_layer/gen_ring_banks[2].ring_bank1/sram_dout0[10]' driven by pin 'gen_hidden_resi_blocks[4].hidden_layer/gen_ring_banks[2].ring_bank1/gen_sram_32x128.u_ring_sram/dout0[10]' has no loads. (LINT-2)
Warning: In design 'tcn_block', net 'gen_hidden_resi_blocks[4].hidden_layer/gen_ring_banks[2].ring_bank1/sram_dout0[11]' driven by pin 'gen_hidden_resi_blocks[4].hidden_layer/gen_ring_banks[2].ring_bank1/gen_sram_32x128.u_ring_sram/dout0[11]' has no loads. (LINT-2)
Warning: In design 'tcn_block', net 'gen_hidden_resi_blocks[4].hidden_layer/gen_ring_banks[2].ring_bank1/sram_dout0[12]' driven by pin 'gen_hidden_resi_blocks[4].hidden_layer/gen_ring_banks[2].ring_bank1/gen_sram_32x128.u_ring_sram/dout0[12]' has no loads. (LINT-2)
Warning: In design 'tcn_block', net 'gen_hidden_resi_blocks[4].hidden_layer/gen_ring_banks[2].ring_bank1/sram_dout0[13]' driven by pin 'gen_hidden_resi_blocks[4].hidden_layer/gen_ring_banks[2].ring_bank1/gen_sram_32x128.u_ring_sram/dout0[13]' has no loads. (LINT-2)
Warning: In design 'tcn_block', net 'gen_hidden_resi_blocks[4].hidden_layer/gen_ring_banks[2].ring_bank1/sram_dout0[14]' driven by pin 'gen_hidden_resi_blocks[4].hidden_layer/gen_ring_banks[2].ring_bank1/gen_sram_32x128.u_ring_sram/dout0[14]' has no loads. (LINT-2)
Warning: In design 'tcn_block', net 'gen_hidden_resi_blocks[4].hidden_layer/gen_ring_banks[2].ring_bank1/sram_dout0[15]' driven by pin 'gen_hidden_resi_blocks[4].hidden_layer/gen_ring_banks[2].ring_bank1/gen_sram_32x128.u_ring_sram/dout0[15]' has no loads. (LINT-2)
Warning: In design 'tcn_block', net 'gen_hidden_resi_blocks[4].hidden_layer/gen_ring_banks[2].ring_bank1/sram_dout0[16]' driven by pin 'gen_hidden_resi_blocks[4].hidden_layer/gen_ring_banks[2].ring_bank1/gen_sram_32x128.u_ring_sram/dout0[16]' has no loads. (LINT-2)
Warning: In design 'tcn_block', net 'gen_hidden_resi_blocks[4].hidden_layer/gen_ring_banks[2].ring_bank1/sram_dout0[17]' driven by pin 'gen_hidden_resi_blocks[4].hidden_layer/gen_ring_banks[2].ring_bank1/gen_sram_32x128.u_ring_sram/dout0[17]' has no loads. (LINT-2)
Warning: In design 'tcn_block', net 'gen_hidden_resi_blocks[4].hidden_layer/gen_ring_banks[2].ring_bank1/sram_dout0[18]' driven by pin 'gen_hidden_resi_blocks[4].hidden_layer/gen_ring_banks[2].ring_bank1/gen_sram_32x128.u_ring_sram/dout0[18]' has no loads. (LINT-2)
Warning: In design 'tcn_block', net 'gen_hidden_resi_blocks[4].hidden_layer/gen_ring_banks[2].ring_bank1/sram_dout0[19]' driven by pin 'gen_hidden_resi_blocks[4].hidden_layer/gen_ring_banks[2].ring_bank1/gen_sram_32x128.u_ring_sram/dout0[19]' has no loads. (LINT-2)
Warning: In design 'tcn_block', net 'gen_hidden_resi_blocks[4].hidden_layer/gen_ring_banks[2].ring_bank1/sram_dout0[20]' driven by pin 'gen_hidden_resi_blocks[4].hidden_layer/gen_ring_banks[2].ring_bank1/gen_sram_32x128.u_ring_sram/dout0[20]' has no loads. (LINT-2)
Warning: In design 'tcn_block', net 'gen_hidden_resi_blocks[4].hidden_layer/gen_ring_banks[2].ring_bank1/sram_dout0[21]' driven by pin 'gen_hidden_resi_blocks[4].hidden_layer/gen_ring_banks[2].ring_bank1/gen_sram_32x128.u_ring_sram/dout0[21]' has no loads. (LINT-2)
Warning: In design 'tcn_block', net 'gen_hidden_resi_blocks[4].hidden_layer/gen_ring_banks[2].ring_bank1/sram_dout0[22]' driven by pin 'gen_hidden_resi_blocks[4].hidden_layer/gen_ring_banks[2].ring_bank1/gen_sram_32x128.u_ring_sram/dout0[22]' has no loads. (LINT-2)
Warning: In design 'tcn_block', net 'gen_hidden_resi_blocks[4].hidden_layer/gen_ring_banks[2].ring_bank1/sram_dout0[23]' driven by pin 'gen_hidden_resi_blocks[4].hidden_layer/gen_ring_banks[2].ring_bank1/gen_sram_32x128.u_ring_sram/dout0[23]' has no loads. (LINT-2)
Warning: In design 'tcn_block', net 'gen_hidden_resi_blocks[4].hidden_layer/gen_ring_banks[2].ring_bank1/sram_dout0[24]' driven by pin 'gen_hidden_resi_blocks[4].hidden_layer/gen_ring_banks[2].ring_bank1/gen_sram_32x128.u_ring_sram/dout0[24]' has no loads. (LINT-2)
Warning: In design 'tcn_block', net 'gen_hidden_resi_blocks[4].hidden_layer/gen_ring_banks[2].ring_bank1/sram_dout0[25]' driven by pin 'gen_hidden_resi_blocks[4].hidden_layer/gen_ring_banks[2].ring_bank1/gen_sram_32x128.u_ring_sram/dout0[25]' has no loads. (LINT-2)
Warning: In design 'tcn_block', net 'gen_hidden_resi_blocks[4].hidden_layer/gen_ring_banks[2].ring_bank1/sram_dout0[26]' driven by pin 'gen_hidden_resi_blocks[4].hidden_layer/gen_ring_banks[2].ring_bank1/gen_sram_32x128.u_ring_sram/dout0[26]' has no loads. (LINT-2)
Warning: In design 'tcn_block', net 'gen_hidden_resi_blocks[4].hidden_layer/gen_ring_banks[2].ring_bank1/sram_dout0[27]' driven by pin 'gen_hidden_resi_blocks[4].hidden_layer/gen_ring_banks[2].ring_bank1/gen_sram_32x128.u_ring_sram/dout0[27]' has no loads. (LINT-2)
Warning: In design 'tcn_block', net 'gen_hidden_resi_blocks[4].hidden_layer/gen_ring_banks[2].ring_bank1/sram_dout0[28]' driven by pin 'gen_hidden_resi_blocks[4].hidden_layer/gen_ring_banks[2].ring_bank1/gen_sram_32x128.u_ring_sram/dout0[28]' has no loads. (LINT-2)
Warning: In design 'tcn_block', net 'gen_hidden_resi_blocks[4].hidden_layer/gen_ring_banks[2].ring_bank1/sram_dout0[29]' driven by pin 'gen_hidden_resi_blocks[4].hidden_layer/gen_ring_banks[2].ring_bank1/gen_sram_32x128.u_ring_sram/dout0[29]' has no loads. (LINT-2)
Warning: In design 'tcn_block', net 'gen_hidden_resi_blocks[4].hidden_layer/gen_ring_banks[2].ring_bank1/sram_dout0[30]' driven by pin 'gen_hidden_resi_blocks[4].hidden_layer/gen_ring_banks[2].ring_bank1/gen_sram_32x128.u_ring_sram/dout0[30]' has no loads. (LINT-2)
Warning: In design 'tcn_block', net 'gen_hidden_resi_blocks[4].hidden_layer/gen_ring_banks[2].ring_bank1/sram_dout0[31]' driven by pin 'gen_hidden_resi_blocks[4].hidden_layer/gen_ring_banks[2].ring_bank1/gen_sram_32x128.u_ring_sram/dout0[31]' has no loads. (LINT-2)
Warning: In design 'tcn_block', net 'gen_hidden_resi_blocks[4].hidden_layer/gen_ring_banks[2].ring_bank2/sram_dout0[0]' driven by pin 'gen_hidden_resi_blocks[4].hidden_layer/gen_ring_banks[2].ring_bank2/gen_sram_32x128.u_ring_sram/dout0[0]' has no loads. (LINT-2)
Warning: In design 'tcn_block', net 'gen_hidden_resi_blocks[4].hidden_layer/gen_ring_banks[2].ring_bank2/sram_dout0[1]' driven by pin 'gen_hidden_resi_blocks[4].hidden_layer/gen_ring_banks[2].ring_bank2/gen_sram_32x128.u_ring_sram/dout0[1]' has no loads. (LINT-2)
Warning: In design 'tcn_block', net 'gen_hidden_resi_blocks[4].hidden_layer/gen_ring_banks[2].ring_bank2/sram_dout0[2]' driven by pin 'gen_hidden_resi_blocks[4].hidden_layer/gen_ring_banks[2].ring_bank2/gen_sram_32x128.u_ring_sram/dout0[2]' has no loads. (LINT-2)
Warning: In design 'tcn_block', net 'gen_hidden_resi_blocks[4].hidden_layer/gen_ring_banks[2].ring_bank2/sram_dout0[3]' driven by pin 'gen_hidden_resi_blocks[4].hidden_layer/gen_ring_banks[2].ring_bank2/gen_sram_32x128.u_ring_sram/dout0[3]' has no loads. (LINT-2)
Warning: In design 'tcn_block', net 'gen_hidden_resi_blocks[4].hidden_layer/gen_ring_banks[2].ring_bank2/sram_dout0[4]' driven by pin 'gen_hidden_resi_blocks[4].hidden_layer/gen_ring_banks[2].ring_bank2/gen_sram_32x128.u_ring_sram/dout0[4]' has no loads. (LINT-2)
Warning: In design 'tcn_block', net 'gen_hidden_resi_blocks[4].hidden_layer/gen_ring_banks[2].ring_bank2/sram_dout0[5]' driven by pin 'gen_hidden_resi_blocks[4].hidden_layer/gen_ring_banks[2].ring_bank2/gen_sram_32x128.u_ring_sram/dout0[5]' has no loads. (LINT-2)
Warning: In design 'tcn_block', net 'gen_hidden_resi_blocks[4].hidden_layer/gen_ring_banks[2].ring_bank2/sram_dout0[6]' driven by pin 'gen_hidden_resi_blocks[4].hidden_layer/gen_ring_banks[2].ring_bank2/gen_sram_32x128.u_ring_sram/dout0[6]' has no loads. (LINT-2)
Warning: In design 'tcn_block', net 'gen_hidden_resi_blocks[4].hidden_layer/gen_ring_banks[2].ring_bank2/sram_dout0[7]' driven by pin 'gen_hidden_resi_blocks[4].hidden_layer/gen_ring_banks[2].ring_bank2/gen_sram_32x128.u_ring_sram/dout0[7]' has no loads. (LINT-2)
Warning: In design 'tcn_block', net 'gen_hidden_resi_blocks[4].hidden_layer/gen_ring_banks[2].ring_bank2/sram_dout0[8]' driven by pin 'gen_hidden_resi_blocks[4].hidden_layer/gen_ring_banks[2].ring_bank2/gen_sram_32x128.u_ring_sram/dout0[8]' has no loads. (LINT-2)
Warning: In design 'tcn_block', net 'gen_hidden_resi_blocks[4].hidden_layer/gen_ring_banks[2].ring_bank2/sram_dout0[9]' driven by pin 'gen_hidden_resi_blocks[4].hidden_layer/gen_ring_banks[2].ring_bank2/gen_sram_32x128.u_ring_sram/dout0[9]' has no loads. (LINT-2)
Warning: In design 'tcn_block', net 'gen_hidden_resi_blocks[4].hidden_layer/gen_ring_banks[2].ring_bank2/sram_dout0[10]' driven by pin 'gen_hidden_resi_blocks[4].hidden_layer/gen_ring_banks[2].ring_bank2/gen_sram_32x128.u_ring_sram/dout0[10]' has no loads. (LINT-2)
Warning: In design 'tcn_block', net 'gen_hidden_resi_blocks[4].hidden_layer/gen_ring_banks[2].ring_bank2/sram_dout0[11]' driven by pin 'gen_hidden_resi_blocks[4].hidden_layer/gen_ring_banks[2].ring_bank2/gen_sram_32x128.u_ring_sram/dout0[11]' has no loads. (LINT-2)
Warning: In design 'tcn_block', net 'gen_hidden_resi_blocks[4].hidden_layer/gen_ring_banks[2].ring_bank2/sram_dout0[12]' driven by pin 'gen_hidden_resi_blocks[4].hidden_layer/gen_ring_banks[2].ring_bank2/gen_sram_32x128.u_ring_sram/dout0[12]' has no loads. (LINT-2)
Warning: In design 'tcn_block', net 'gen_hidden_resi_blocks[4].hidden_layer/gen_ring_banks[2].ring_bank2/sram_dout0[13]' driven by pin 'gen_hidden_resi_blocks[4].hidden_layer/gen_ring_banks[2].ring_bank2/gen_sram_32x128.u_ring_sram/dout0[13]' has no loads. (LINT-2)
Warning: In design 'tcn_block', net 'gen_hidden_resi_blocks[4].hidden_layer/gen_ring_banks[2].ring_bank2/sram_dout0[14]' driven by pin 'gen_hidden_resi_blocks[4].hidden_layer/gen_ring_banks[2].ring_bank2/gen_sram_32x128.u_ring_sram/dout0[14]' has no loads. (LINT-2)
Warning: In design 'tcn_block', net 'gen_hidden_resi_blocks[4].hidden_layer/gen_ring_banks[2].ring_bank2/sram_dout0[15]' driven by pin 'gen_hidden_resi_blocks[4].hidden_layer/gen_ring_banks[2].ring_bank2/gen_sram_32x128.u_ring_sram/dout0[15]' has no loads. (LINT-2)
Warning: In design 'tcn_block', net 'gen_hidden_resi_blocks[4].hidden_layer/gen_ring_banks[2].ring_bank2/sram_dout0[16]' driven by pin 'gen_hidden_resi_blocks[4].hidden_layer/gen_ring_banks[2].ring_bank2/gen_sram_32x128.u_ring_sram/dout0[16]' has no loads. (LINT-2)
Warning: In design 'tcn_block', net 'gen_hidden_resi_blocks[4].hidden_layer/gen_ring_banks[2].ring_bank2/sram_dout0[17]' driven by pin 'gen_hidden_resi_blocks[4].hidden_layer/gen_ring_banks[2].ring_bank2/gen_sram_32x128.u_ring_sram/dout0[17]' has no loads. (LINT-2)
Warning: In design 'tcn_block', net 'gen_hidden_resi_blocks[4].hidden_layer/gen_ring_banks[2].ring_bank2/sram_dout0[18]' driven by pin 'gen_hidden_resi_blocks[4].hidden_layer/gen_ring_banks[2].ring_bank2/gen_sram_32x128.u_ring_sram/dout0[18]' has no loads. (LINT-2)
Warning: In design 'tcn_block', net 'gen_hidden_resi_blocks[4].hidden_layer/gen_ring_banks[2].ring_bank2/sram_dout0[19]' driven by pin 'gen_hidden_resi_blocks[4].hidden_layer/gen_ring_banks[2].ring_bank2/gen_sram_32x128.u_ring_sram/dout0[19]' has no loads. (LINT-2)
Warning: In design 'tcn_block', net 'gen_hidden_resi_blocks[4].hidden_layer/gen_ring_banks[2].ring_bank2/sram_dout0[20]' driven by pin 'gen_hidden_resi_blocks[4].hidden_layer/gen_ring_banks[2].ring_bank2/gen_sram_32x128.u_ring_sram/dout0[20]' has no loads. (LINT-2)
Warning: In design 'tcn_block', net 'gen_hidden_resi_blocks[4].hidden_layer/gen_ring_banks[2].ring_bank2/sram_dout0[21]' driven by pin 'gen_hidden_resi_blocks[4].hidden_layer/gen_ring_banks[2].ring_bank2/gen_sram_32x128.u_ring_sram/dout0[21]' has no loads. (LINT-2)
Warning: In design 'tcn_block', net 'gen_hidden_resi_blocks[4].hidden_layer/gen_ring_banks[2].ring_bank2/sram_dout0[22]' driven by pin 'gen_hidden_resi_blocks[4].hidden_layer/gen_ring_banks[2].ring_bank2/gen_sram_32x128.u_ring_sram/dout0[22]' has no loads. (LINT-2)
Warning: In design 'tcn_block', net 'gen_hidden_resi_blocks[4].hidden_layer/gen_ring_banks[2].ring_bank2/sram_dout0[23]' driven by pin 'gen_hidden_resi_blocks[4].hidden_layer/gen_ring_banks[2].ring_bank2/gen_sram_32x128.u_ring_sram/dout0[23]' has no loads. (LINT-2)
Warning: In design 'tcn_block', net 'gen_hidden_resi_blocks[4].hidden_layer/gen_ring_banks[2].ring_bank2/sram_dout0[24]' driven by pin 'gen_hidden_resi_blocks[4].hidden_layer/gen_ring_banks[2].ring_bank2/gen_sram_32x128.u_ring_sram/dout0[24]' has no loads. (LINT-2)
Warning: In design 'tcn_block', net 'gen_hidden_resi_blocks[4].hidden_layer/gen_ring_banks[2].ring_bank2/sram_dout0[25]' driven by pin 'gen_hidden_resi_blocks[4].hidden_layer/gen_ring_banks[2].ring_bank2/gen_sram_32x128.u_ring_sram/dout0[25]' has no loads. (LINT-2)
Warning: In design 'tcn_block', net 'gen_hidden_resi_blocks[4].hidden_layer/gen_ring_banks[2].ring_bank2/sram_dout0[26]' driven by pin 'gen_hidden_resi_blocks[4].hidden_layer/gen_ring_banks[2].ring_bank2/gen_sram_32x128.u_ring_sram/dout0[26]' has no loads. (LINT-2)
Warning: In design 'tcn_block', net 'gen_hidden_resi_blocks[4].hidden_layer/gen_ring_banks[2].ring_bank2/sram_dout0[27]' driven by pin 'gen_hidden_resi_blocks[4].hidden_layer/gen_ring_banks[2].ring_bank2/gen_sram_32x128.u_ring_sram/dout0[27]' has no loads. (LINT-2)
Warning: In design 'tcn_block', net 'gen_hidden_resi_blocks[4].hidden_layer/gen_ring_banks[2].ring_bank2/sram_dout0[28]' driven by pin 'gen_hidden_resi_blocks[4].hidden_layer/gen_ring_banks[2].ring_bank2/gen_sram_32x128.u_ring_sram/dout0[28]' has no loads. (LINT-2)
Warning: In design 'tcn_block', net 'gen_hidden_resi_blocks[4].hidden_layer/gen_ring_banks[2].ring_bank2/sram_dout0[29]' driven by pin 'gen_hidden_resi_blocks[4].hidden_layer/gen_ring_banks[2].ring_bank2/gen_sram_32x128.u_ring_sram/dout0[29]' has no loads. (LINT-2)
Warning: In design 'tcn_block', net 'gen_hidden_resi_blocks[4].hidden_layer/gen_ring_banks[2].ring_bank2/sram_dout0[30]' driven by pin 'gen_hidden_resi_blocks[4].hidden_layer/gen_ring_banks[2].ring_bank2/gen_sram_32x128.u_ring_sram/dout0[30]' has no loads. (LINT-2)
Warning: In design 'tcn_block', net 'gen_hidden_resi_blocks[4].hidden_layer/gen_ring_banks[2].ring_bank2/sram_dout0[31]' driven by pin 'gen_hidden_resi_blocks[4].hidden_layer/gen_ring_banks[2].ring_bank2/gen_sram_32x128.u_ring_sram/dout0[31]' has no loads. (LINT-2)
Warning: In design 'tcn_block', net 'gen_hidden_resi_blocks[4].hidden_layer/gen_ring_banks[3].ring_bank1/sram_dout0[0]' driven by pin 'gen_hidden_resi_blocks[4].hidden_layer/gen_ring_banks[3].ring_bank1/gen_sram_32x128.u_ring_sram/dout0[0]' has no loads. (LINT-2)
Warning: In design 'tcn_block', net 'gen_hidden_resi_blocks[4].hidden_layer/gen_ring_banks[3].ring_bank1/sram_dout0[1]' driven by pin 'gen_hidden_resi_blocks[4].hidden_layer/gen_ring_banks[3].ring_bank1/gen_sram_32x128.u_ring_sram/dout0[1]' has no loads. (LINT-2)
Warning: In design 'tcn_block', net 'gen_hidden_resi_blocks[4].hidden_layer/gen_ring_banks[3].ring_bank1/sram_dout0[2]' driven by pin 'gen_hidden_resi_blocks[4].hidden_layer/gen_ring_banks[3].ring_bank1/gen_sram_32x128.u_ring_sram/dout0[2]' has no loads. (LINT-2)
Warning: In design 'tcn_block', net 'gen_hidden_resi_blocks[4].hidden_layer/gen_ring_banks[3].ring_bank1/sram_dout0[3]' driven by pin 'gen_hidden_resi_blocks[4].hidden_layer/gen_ring_banks[3].ring_bank1/gen_sram_32x128.u_ring_sram/dout0[3]' has no loads. (LINT-2)
Warning: In design 'tcn_block', net 'gen_hidden_resi_blocks[4].hidden_layer/gen_ring_banks[3].ring_bank1/sram_dout0[4]' driven by pin 'gen_hidden_resi_blocks[4].hidden_layer/gen_ring_banks[3].ring_bank1/gen_sram_32x128.u_ring_sram/dout0[4]' has no loads. (LINT-2)
Warning: In design 'tcn_block', net 'gen_hidden_resi_blocks[4].hidden_layer/gen_ring_banks[3].ring_bank1/sram_dout0[5]' driven by pin 'gen_hidden_resi_blocks[4].hidden_layer/gen_ring_banks[3].ring_bank1/gen_sram_32x128.u_ring_sram/dout0[5]' has no loads. (LINT-2)
Warning: In design 'tcn_block', net 'gen_hidden_resi_blocks[4].hidden_layer/gen_ring_banks[3].ring_bank1/sram_dout0[6]' driven by pin 'gen_hidden_resi_blocks[4].hidden_layer/gen_ring_banks[3].ring_bank1/gen_sram_32x128.u_ring_sram/dout0[6]' has no loads. (LINT-2)
Warning: In design 'tcn_block', net 'gen_hidden_resi_blocks[4].hidden_layer/gen_ring_banks[3].ring_bank1/sram_dout0[7]' driven by pin 'gen_hidden_resi_blocks[4].hidden_layer/gen_ring_banks[3].ring_bank1/gen_sram_32x128.u_ring_sram/dout0[7]' has no loads. (LINT-2)
Warning: In design 'tcn_block', net 'gen_hidden_resi_blocks[4].hidden_layer/gen_ring_banks[3].ring_bank1/sram_dout0[8]' driven by pin 'gen_hidden_resi_blocks[4].hidden_layer/gen_ring_banks[3].ring_bank1/gen_sram_32x128.u_ring_sram/dout0[8]' has no loads. (LINT-2)
Warning: In design 'tcn_block', net 'gen_hidden_resi_blocks[4].hidden_layer/gen_ring_banks[3].ring_bank1/sram_dout0[9]' driven by pin 'gen_hidden_resi_blocks[4].hidden_layer/gen_ring_banks[3].ring_bank1/gen_sram_32x128.u_ring_sram/dout0[9]' has no loads. (LINT-2)
Warning: In design 'tcn_block', net 'gen_hidden_resi_blocks[4].hidden_layer/gen_ring_banks[3].ring_bank1/sram_dout0[10]' driven by pin 'gen_hidden_resi_blocks[4].hidden_layer/gen_ring_banks[3].ring_bank1/gen_sram_32x128.u_ring_sram/dout0[10]' has no loads. (LINT-2)
Warning: In design 'tcn_block', net 'gen_hidden_resi_blocks[4].hidden_layer/gen_ring_banks[3].ring_bank1/sram_dout0[11]' driven by pin 'gen_hidden_resi_blocks[4].hidden_layer/gen_ring_banks[3].ring_bank1/gen_sram_32x128.u_ring_sram/dout0[11]' has no loads. (LINT-2)
Warning: In design 'tcn_block', net 'gen_hidden_resi_blocks[4].hidden_layer/gen_ring_banks[3].ring_bank1/sram_dout0[12]' driven by pin 'gen_hidden_resi_blocks[4].hidden_layer/gen_ring_banks[3].ring_bank1/gen_sram_32x128.u_ring_sram/dout0[12]' has no loads. (LINT-2)
Warning: In design 'tcn_block', net 'gen_hidden_resi_blocks[4].hidden_layer/gen_ring_banks[3].ring_bank1/sram_dout0[13]' driven by pin 'gen_hidden_resi_blocks[4].hidden_layer/gen_ring_banks[3].ring_bank1/gen_sram_32x128.u_ring_sram/dout0[13]' has no loads. (LINT-2)
Warning: In design 'tcn_block', net 'gen_hidden_resi_blocks[4].hidden_layer/gen_ring_banks[3].ring_bank1/sram_dout0[14]' driven by pin 'gen_hidden_resi_blocks[4].hidden_layer/gen_ring_banks[3].ring_bank1/gen_sram_32x128.u_ring_sram/dout0[14]' has no loads. (LINT-2)
Warning: In design 'tcn_block', net 'gen_hidden_resi_blocks[4].hidden_layer/gen_ring_banks[3].ring_bank1/sram_dout0[15]' driven by pin 'gen_hidden_resi_blocks[4].hidden_layer/gen_ring_banks[3].ring_bank1/gen_sram_32x128.u_ring_sram/dout0[15]' has no loads. (LINT-2)
Warning: In design 'tcn_block', net 'gen_hidden_resi_blocks[4].hidden_layer/gen_ring_banks[3].ring_bank1/sram_dout0[16]' driven by pin 'gen_hidden_resi_blocks[4].hidden_layer/gen_ring_banks[3].ring_bank1/gen_sram_32x128.u_ring_sram/dout0[16]' has no loads. (LINT-2)
Warning: In design 'tcn_block', net 'gen_hidden_resi_blocks[4].hidden_layer/gen_ring_banks[3].ring_bank1/sram_dout0[17]' driven by pin 'gen_hidden_resi_blocks[4].hidden_layer/gen_ring_banks[3].ring_bank1/gen_sram_32x128.u_ring_sram/dout0[17]' has no loads. (LINT-2)
Warning: In design 'tcn_block', net 'gen_hidden_resi_blocks[4].hidden_layer/gen_ring_banks[3].ring_bank1/sram_dout0[18]' driven by pin 'gen_hidden_resi_blocks[4].hidden_layer/gen_ring_banks[3].ring_bank1/gen_sram_32x128.u_ring_sram/dout0[18]' has no loads. (LINT-2)
Warning: In design 'tcn_block', net 'gen_hidden_resi_blocks[4].hidden_layer/gen_ring_banks[3].ring_bank1/sram_dout0[19]' driven by pin 'gen_hidden_resi_blocks[4].hidden_layer/gen_ring_banks[3].ring_bank1/gen_sram_32x128.u_ring_sram/dout0[19]' has no loads. (LINT-2)
Warning: In design 'tcn_block', net 'gen_hidden_resi_blocks[4].hidden_layer/gen_ring_banks[3].ring_bank1/sram_dout0[20]' driven by pin 'gen_hidden_resi_blocks[4].hidden_layer/gen_ring_banks[3].ring_bank1/gen_sram_32x128.u_ring_sram/dout0[20]' has no loads. (LINT-2)
Warning: In design 'tcn_block', net 'gen_hidden_resi_blocks[4].hidden_layer/gen_ring_banks[3].ring_bank1/sram_dout0[21]' driven by pin 'gen_hidden_resi_blocks[4].hidden_layer/gen_ring_banks[3].ring_bank1/gen_sram_32x128.u_ring_sram/dout0[21]' has no loads. (LINT-2)
Warning: In design 'tcn_block', net 'gen_hidden_resi_blocks[4].hidden_layer/gen_ring_banks[3].ring_bank1/sram_dout0[22]' driven by pin 'gen_hidden_resi_blocks[4].hidden_layer/gen_ring_banks[3].ring_bank1/gen_sram_32x128.u_ring_sram/dout0[22]' has no loads. (LINT-2)
Warning: In design 'tcn_block', net 'gen_hidden_resi_blocks[4].hidden_layer/gen_ring_banks[3].ring_bank1/sram_dout0[23]' driven by pin 'gen_hidden_resi_blocks[4].hidden_layer/gen_ring_banks[3].ring_bank1/gen_sram_32x128.u_ring_sram/dout0[23]' has no loads. (LINT-2)
Warning: In design 'tcn_block', net 'gen_hidden_resi_blocks[4].hidden_layer/gen_ring_banks[3].ring_bank1/sram_dout0[24]' driven by pin 'gen_hidden_resi_blocks[4].hidden_layer/gen_ring_banks[3].ring_bank1/gen_sram_32x128.u_ring_sram/dout0[24]' has no loads. (LINT-2)
Warning: In design 'tcn_block', net 'gen_hidden_resi_blocks[4].hidden_layer/gen_ring_banks[3].ring_bank1/sram_dout0[25]' driven by pin 'gen_hidden_resi_blocks[4].hidden_layer/gen_ring_banks[3].ring_bank1/gen_sram_32x128.u_ring_sram/dout0[25]' has no loads. (LINT-2)
Warning: In design 'tcn_block', net 'gen_hidden_resi_blocks[4].hidden_layer/gen_ring_banks[3].ring_bank1/sram_dout0[26]' driven by pin 'gen_hidden_resi_blocks[4].hidden_layer/gen_ring_banks[3].ring_bank1/gen_sram_32x128.u_ring_sram/dout0[26]' has no loads. (LINT-2)
Warning: In design 'tcn_block', net 'gen_hidden_resi_blocks[4].hidden_layer/gen_ring_banks[3].ring_bank1/sram_dout0[27]' driven by pin 'gen_hidden_resi_blocks[4].hidden_layer/gen_ring_banks[3].ring_bank1/gen_sram_32x128.u_ring_sram/dout0[27]' has no loads. (LINT-2)
Warning: In design 'tcn_block', net 'gen_hidden_resi_blocks[4].hidden_layer/gen_ring_banks[3].ring_bank1/sram_dout0[28]' driven by pin 'gen_hidden_resi_blocks[4].hidden_layer/gen_ring_banks[3].ring_bank1/gen_sram_32x128.u_ring_sram/dout0[28]' has no loads. (LINT-2)
Warning: In design 'tcn_block', net 'gen_hidden_resi_blocks[4].hidden_layer/gen_ring_banks[3].ring_bank1/sram_dout0[29]' driven by pin 'gen_hidden_resi_blocks[4].hidden_layer/gen_ring_banks[3].ring_bank1/gen_sram_32x128.u_ring_sram/dout0[29]' has no loads. (LINT-2)
Warning: In design 'tcn_block', net 'gen_hidden_resi_blocks[4].hidden_layer/gen_ring_banks[3].ring_bank1/sram_dout0[30]' driven by pin 'gen_hidden_resi_blocks[4].hidden_layer/gen_ring_banks[3].ring_bank1/gen_sram_32x128.u_ring_sram/dout0[30]' has no loads. (LINT-2)
Warning: In design 'tcn_block', net 'gen_hidden_resi_blocks[4].hidden_layer/gen_ring_banks[3].ring_bank1/sram_dout0[31]' driven by pin 'gen_hidden_resi_blocks[4].hidden_layer/gen_ring_banks[3].ring_bank1/gen_sram_32x128.u_ring_sram/dout0[31]' has no loads. (LINT-2)
Warning: In design 'tcn_block', net 'gen_hidden_resi_blocks[4].hidden_layer/gen_ring_banks[3].ring_bank2/sram_dout0[0]' driven by pin 'gen_hidden_resi_blocks[4].hidden_layer/gen_ring_banks[3].ring_bank2/gen_sram_32x128.u_ring_sram/dout0[0]' has no loads. (LINT-2)
Warning: In design 'tcn_block', net 'gen_hidden_resi_blocks[4].hidden_layer/gen_ring_banks[3].ring_bank2/sram_dout0[1]' driven by pin 'gen_hidden_resi_blocks[4].hidden_layer/gen_ring_banks[3].ring_bank2/gen_sram_32x128.u_ring_sram/dout0[1]' has no loads. (LINT-2)
Warning: In design 'tcn_block', net 'gen_hidden_resi_blocks[4].hidden_layer/gen_ring_banks[3].ring_bank2/sram_dout0[2]' driven by pin 'gen_hidden_resi_blocks[4].hidden_layer/gen_ring_banks[3].ring_bank2/gen_sram_32x128.u_ring_sram/dout0[2]' has no loads. (LINT-2)
Warning: In design 'tcn_block', net 'gen_hidden_resi_blocks[4].hidden_layer/gen_ring_banks[3].ring_bank2/sram_dout0[3]' driven by pin 'gen_hidden_resi_blocks[4].hidden_layer/gen_ring_banks[3].ring_bank2/gen_sram_32x128.u_ring_sram/dout0[3]' has no loads. (LINT-2)
Warning: In design 'tcn_block', net 'gen_hidden_resi_blocks[4].hidden_layer/gen_ring_banks[3].ring_bank2/sram_dout0[4]' driven by pin 'gen_hidden_resi_blocks[4].hidden_layer/gen_ring_banks[3].ring_bank2/gen_sram_32x128.u_ring_sram/dout0[4]' has no loads. (LINT-2)
Warning: In design 'tcn_block', net 'gen_hidden_resi_blocks[4].hidden_layer/gen_ring_banks[3].ring_bank2/sram_dout0[5]' driven by pin 'gen_hidden_resi_blocks[4].hidden_layer/gen_ring_banks[3].ring_bank2/gen_sram_32x128.u_ring_sram/dout0[5]' has no loads. (LINT-2)
Warning: In design 'tcn_block', net 'gen_hidden_resi_blocks[4].hidden_layer/gen_ring_banks[3].ring_bank2/sram_dout0[6]' driven by pin 'gen_hidden_resi_blocks[4].hidden_layer/gen_ring_banks[3].ring_bank2/gen_sram_32x128.u_ring_sram/dout0[6]' has no loads. (LINT-2)
Warning: In design 'tcn_block', net 'gen_hidden_resi_blocks[4].hidden_layer/gen_ring_banks[3].ring_bank2/sram_dout0[7]' driven by pin 'gen_hidden_resi_blocks[4].hidden_layer/gen_ring_banks[3].ring_bank2/gen_sram_32x128.u_ring_sram/dout0[7]' has no loads. (LINT-2)
Warning: In design 'tcn_block', net 'gen_hidden_resi_blocks[4].hidden_layer/gen_ring_banks[3].ring_bank2/sram_dout0[8]' driven by pin 'gen_hidden_resi_blocks[4].hidden_layer/gen_ring_banks[3].ring_bank2/gen_sram_32x128.u_ring_sram/dout0[8]' has no loads. (LINT-2)
Warning: In design 'tcn_block', net 'gen_hidden_resi_blocks[4].hidden_layer/gen_ring_banks[3].ring_bank2/sram_dout0[9]' driven by pin 'gen_hidden_resi_blocks[4].hidden_layer/gen_ring_banks[3].ring_bank2/gen_sram_32x128.u_ring_sram/dout0[9]' has no loads. (LINT-2)
Warning: In design 'tcn_block', net 'gen_hidden_resi_blocks[4].hidden_layer/gen_ring_banks[3].ring_bank2/sram_dout0[10]' driven by pin 'gen_hidden_resi_blocks[4].hidden_layer/gen_ring_banks[3].ring_bank2/gen_sram_32x128.u_ring_sram/dout0[10]' has no loads. (LINT-2)
Warning: In design 'tcn_block', net 'gen_hidden_resi_blocks[4].hidden_layer/gen_ring_banks[3].ring_bank2/sram_dout0[11]' driven by pin 'gen_hidden_resi_blocks[4].hidden_layer/gen_ring_banks[3].ring_bank2/gen_sram_32x128.u_ring_sram/dout0[11]' has no loads. (LINT-2)
Warning: In design 'tcn_block', net 'gen_hidden_resi_blocks[4].hidden_layer/gen_ring_banks[3].ring_bank2/sram_dout0[12]' driven by pin 'gen_hidden_resi_blocks[4].hidden_layer/gen_ring_banks[3].ring_bank2/gen_sram_32x128.u_ring_sram/dout0[12]' has no loads. (LINT-2)
Warning: In design 'tcn_block', net 'gen_hidden_resi_blocks[4].hidden_layer/gen_ring_banks[3].ring_bank2/sram_dout0[13]' driven by pin 'gen_hidden_resi_blocks[4].hidden_layer/gen_ring_banks[3].ring_bank2/gen_sram_32x128.u_ring_sram/dout0[13]' has no loads. (LINT-2)
Warning: In design 'tcn_block', net 'gen_hidden_resi_blocks[4].hidden_layer/gen_ring_banks[3].ring_bank2/sram_dout0[14]' driven by pin 'gen_hidden_resi_blocks[4].hidden_layer/gen_ring_banks[3].ring_bank2/gen_sram_32x128.u_ring_sram/dout0[14]' has no loads. (LINT-2)
Warning: In design 'tcn_block', net 'gen_hidden_resi_blocks[4].hidden_layer/gen_ring_banks[3].ring_bank2/sram_dout0[15]' driven by pin 'gen_hidden_resi_blocks[4].hidden_layer/gen_ring_banks[3].ring_bank2/gen_sram_32x128.u_ring_sram/dout0[15]' has no loads. (LINT-2)
Warning: In design 'tcn_block', net 'gen_hidden_resi_blocks[4].hidden_layer/gen_ring_banks[3].ring_bank2/sram_dout0[16]' driven by pin 'gen_hidden_resi_blocks[4].hidden_layer/gen_ring_banks[3].ring_bank2/gen_sram_32x128.u_ring_sram/dout0[16]' has no loads. (LINT-2)
Warning: In design 'tcn_block', net 'gen_hidden_resi_blocks[4].hidden_layer/gen_ring_banks[3].ring_bank2/sram_dout0[17]' driven by pin 'gen_hidden_resi_blocks[4].hidden_layer/gen_ring_banks[3].ring_bank2/gen_sram_32x128.u_ring_sram/dout0[17]' has no loads. (LINT-2)
Warning: In design 'tcn_block', net 'gen_hidden_resi_blocks[4].hidden_layer/gen_ring_banks[3].ring_bank2/sram_dout0[18]' driven by pin 'gen_hidden_resi_blocks[4].hidden_layer/gen_ring_banks[3].ring_bank2/gen_sram_32x128.u_ring_sram/dout0[18]' has no loads. (LINT-2)
Warning: In design 'tcn_block', net 'gen_hidden_resi_blocks[4].hidden_layer/gen_ring_banks[3].ring_bank2/sram_dout0[19]' driven by pin 'gen_hidden_resi_blocks[4].hidden_layer/gen_ring_banks[3].ring_bank2/gen_sram_32x128.u_ring_sram/dout0[19]' has no loads. (LINT-2)
Warning: In design 'tcn_block', net 'gen_hidden_resi_blocks[4].hidden_layer/gen_ring_banks[3].ring_bank2/sram_dout0[20]' driven by pin 'gen_hidden_resi_blocks[4].hidden_layer/gen_ring_banks[3].ring_bank2/gen_sram_32x128.u_ring_sram/dout0[20]' has no loads. (LINT-2)
Warning: In design 'tcn_block', net 'gen_hidden_resi_blocks[4].hidden_layer/gen_ring_banks[3].ring_bank2/sram_dout0[21]' driven by pin 'gen_hidden_resi_blocks[4].hidden_layer/gen_ring_banks[3].ring_bank2/gen_sram_32x128.u_ring_sram/dout0[21]' has no loads. (LINT-2)
Warning: In design 'tcn_block', net 'gen_hidden_resi_blocks[4].hidden_layer/gen_ring_banks[3].ring_bank2/sram_dout0[22]' driven by pin 'gen_hidden_resi_blocks[4].hidden_layer/gen_ring_banks[3].ring_bank2/gen_sram_32x128.u_ring_sram/dout0[22]' has no loads. (LINT-2)
Warning: In design 'tcn_block', net 'gen_hidden_resi_blocks[4].hidden_layer/gen_ring_banks[3].ring_bank2/sram_dout0[23]' driven by pin 'gen_hidden_resi_blocks[4].hidden_layer/gen_ring_banks[3].ring_bank2/gen_sram_32x128.u_ring_sram/dout0[23]' has no loads. (LINT-2)
Warning: In design 'tcn_block', net 'gen_hidden_resi_blocks[4].hidden_layer/gen_ring_banks[3].ring_bank2/sram_dout0[24]' driven by pin 'gen_hidden_resi_blocks[4].hidden_layer/gen_ring_banks[3].ring_bank2/gen_sram_32x128.u_ring_sram/dout0[24]' has no loads. (LINT-2)
Warning: In design 'tcn_block', net 'gen_hidden_resi_blocks[4].hidden_layer/gen_ring_banks[3].ring_bank2/sram_dout0[25]' driven by pin 'gen_hidden_resi_blocks[4].hidden_layer/gen_ring_banks[3].ring_bank2/gen_sram_32x128.u_ring_sram/dout0[25]' has no loads. (LINT-2)
Warning: In design 'tcn_block', net 'gen_hidden_resi_blocks[4].hidden_layer/gen_ring_banks[3].ring_bank2/sram_dout0[26]' driven by pin 'gen_hidden_resi_blocks[4].hidden_layer/gen_ring_banks[3].ring_bank2/gen_sram_32x128.u_ring_sram/dout0[26]' has no loads. (LINT-2)
Warning: In design 'tcn_block', net 'gen_hidden_resi_blocks[4].hidden_layer/gen_ring_banks[3].ring_bank2/sram_dout0[27]' driven by pin 'gen_hidden_resi_blocks[4].hidden_layer/gen_ring_banks[3].ring_bank2/gen_sram_32x128.u_ring_sram/dout0[27]' has no loads. (LINT-2)
Warning: In design 'tcn_block', net 'gen_hidden_resi_blocks[4].hidden_layer/gen_ring_banks[3].ring_bank2/sram_dout0[28]' driven by pin 'gen_hidden_resi_blocks[4].hidden_layer/gen_ring_banks[3].ring_bank2/gen_sram_32x128.u_ring_sram/dout0[28]' has no loads. (LINT-2)
Warning: In design 'tcn_block', net 'gen_hidden_resi_blocks[4].hidden_layer/gen_ring_banks[3].ring_bank2/sram_dout0[29]' driven by pin 'gen_hidden_resi_blocks[4].hidden_layer/gen_ring_banks[3].ring_bank2/gen_sram_32x128.u_ring_sram/dout0[29]' has no loads. (LINT-2)
Warning: In design 'tcn_block', net 'gen_hidden_resi_blocks[4].hidden_layer/gen_ring_banks[3].ring_bank2/sram_dout0[30]' driven by pin 'gen_hidden_resi_blocks[4].hidden_layer/gen_ring_banks[3].ring_bank2/gen_sram_32x128.u_ring_sram/dout0[30]' has no loads. (LINT-2)
Warning: In design 'tcn_block', net 'gen_hidden_resi_blocks[4].hidden_layer/gen_ring_banks[3].ring_bank2/sram_dout0[31]' driven by pin 'gen_hidden_resi_blocks[4].hidden_layer/gen_ring_banks[3].ring_bank2/gen_sram_32x128.u_ring_sram/dout0[31]' has no loads. (LINT-2)
Warning: In design 'tcn_block', net 'gen_hidden_resi_blocks[5].hidden_layer/gen_ring_banks[0].ring_bank2/sram_dout0[0]' driven by pin 'gen_hidden_resi_blocks[5].hidden_layer/gen_ring_banks[0].ring_bank2/gen_sram_32x256.u_ring_sram/dout0[0]' has no loads. (LINT-2)
Warning: In design 'tcn_block', net 'gen_hidden_resi_blocks[5].hidden_layer/gen_ring_banks[0].ring_bank2/sram_dout0[1]' driven by pin 'gen_hidden_resi_blocks[5].hidden_layer/gen_ring_banks[0].ring_bank2/gen_sram_32x256.u_ring_sram/dout0[1]' has no loads. (LINT-2)
Warning: In design 'tcn_block', net 'gen_hidden_resi_blocks[5].hidden_layer/gen_ring_banks[0].ring_bank2/sram_dout0[2]' driven by pin 'gen_hidden_resi_blocks[5].hidden_layer/gen_ring_banks[0].ring_bank2/gen_sram_32x256.u_ring_sram/dout0[2]' has no loads. (LINT-2)
Warning: In design 'tcn_block', net 'gen_hidden_resi_blocks[5].hidden_layer/gen_ring_banks[0].ring_bank2/sram_dout0[3]' driven by pin 'gen_hidden_resi_blocks[5].hidden_layer/gen_ring_banks[0].ring_bank2/gen_sram_32x256.u_ring_sram/dout0[3]' has no loads. (LINT-2)
Warning: In design 'tcn_block', net 'gen_hidden_resi_blocks[5].hidden_layer/gen_ring_banks[0].ring_bank2/sram_dout0[4]' driven by pin 'gen_hidden_resi_blocks[5].hidden_layer/gen_ring_banks[0].ring_bank2/gen_sram_32x256.u_ring_sram/dout0[4]' has no loads. (LINT-2)
Warning: In design 'tcn_block', net 'gen_hidden_resi_blocks[5].hidden_layer/gen_ring_banks[0].ring_bank2/sram_dout0[5]' driven by pin 'gen_hidden_resi_blocks[5].hidden_layer/gen_ring_banks[0].ring_bank2/gen_sram_32x256.u_ring_sram/dout0[5]' has no loads. (LINT-2)
Warning: In design 'tcn_block', net 'gen_hidden_resi_blocks[5].hidden_layer/gen_ring_banks[0].ring_bank2/sram_dout0[6]' driven by pin 'gen_hidden_resi_blocks[5].hidden_layer/gen_ring_banks[0].ring_bank2/gen_sram_32x256.u_ring_sram/dout0[6]' has no loads. (LINT-2)
Warning: In design 'tcn_block', net 'gen_hidden_resi_blocks[5].hidden_layer/gen_ring_banks[0].ring_bank2/sram_dout0[7]' driven by pin 'gen_hidden_resi_blocks[5].hidden_layer/gen_ring_banks[0].ring_bank2/gen_sram_32x256.u_ring_sram/dout0[7]' has no loads. (LINT-2)
Warning: In design 'tcn_block', net 'gen_hidden_resi_blocks[5].hidden_layer/gen_ring_banks[0].ring_bank2/sram_dout0[8]' driven by pin 'gen_hidden_resi_blocks[5].hidden_layer/gen_ring_banks[0].ring_bank2/gen_sram_32x256.u_ring_sram/dout0[8]' has no loads. (LINT-2)
Warning: In design 'tcn_block', net 'gen_hidden_resi_blocks[5].hidden_layer/gen_ring_banks[0].ring_bank2/sram_dout0[9]' driven by pin 'gen_hidden_resi_blocks[5].hidden_layer/gen_ring_banks[0].ring_bank2/gen_sram_32x256.u_ring_sram/dout0[9]' has no loads. (LINT-2)
Warning: In design 'tcn_block', net 'gen_hidden_resi_blocks[5].hidden_layer/gen_ring_banks[0].ring_bank2/sram_dout0[10]' driven by pin 'gen_hidden_resi_blocks[5].hidden_layer/gen_ring_banks[0].ring_bank2/gen_sram_32x256.u_ring_sram/dout0[10]' has no loads. (LINT-2)
Warning: In design 'tcn_block', net 'gen_hidden_resi_blocks[5].hidden_layer/gen_ring_banks[0].ring_bank2/sram_dout0[11]' driven by pin 'gen_hidden_resi_blocks[5].hidden_layer/gen_ring_banks[0].ring_bank2/gen_sram_32x256.u_ring_sram/dout0[11]' has no loads. (LINT-2)
Warning: In design 'tcn_block', net 'gen_hidden_resi_blocks[5].hidden_layer/gen_ring_banks[0].ring_bank2/sram_dout0[12]' driven by pin 'gen_hidden_resi_blocks[5].hidden_layer/gen_ring_banks[0].ring_bank2/gen_sram_32x256.u_ring_sram/dout0[12]' has no loads. (LINT-2)
Warning: In design 'tcn_block', net 'gen_hidden_resi_blocks[5].hidden_layer/gen_ring_banks[0].ring_bank2/sram_dout0[13]' driven by pin 'gen_hidden_resi_blocks[5].hidden_layer/gen_ring_banks[0].ring_bank2/gen_sram_32x256.u_ring_sram/dout0[13]' has no loads. (LINT-2)
Warning: In design 'tcn_block', net 'gen_hidden_resi_blocks[5].hidden_layer/gen_ring_banks[0].ring_bank2/sram_dout0[14]' driven by pin 'gen_hidden_resi_blocks[5].hidden_layer/gen_ring_banks[0].ring_bank2/gen_sram_32x256.u_ring_sram/dout0[14]' has no loads. (LINT-2)
Warning: In design 'tcn_block', net 'gen_hidden_resi_blocks[5].hidden_layer/gen_ring_banks[0].ring_bank2/sram_dout0[15]' driven by pin 'gen_hidden_resi_blocks[5].hidden_layer/gen_ring_banks[0].ring_bank2/gen_sram_32x256.u_ring_sram/dout0[15]' has no loads. (LINT-2)
Warning: In design 'tcn_block', net 'gen_hidden_resi_blocks[5].hidden_layer/gen_ring_banks[0].ring_bank2/sram_dout0[16]' driven by pin 'gen_hidden_resi_blocks[5].hidden_layer/gen_ring_banks[0].ring_bank2/gen_sram_32x256.u_ring_sram/dout0[16]' has no loads. (LINT-2)
Warning: In design 'tcn_block', net 'gen_hidden_resi_blocks[5].hidden_layer/gen_ring_banks[0].ring_bank2/sram_dout0[17]' driven by pin 'gen_hidden_resi_blocks[5].hidden_layer/gen_ring_banks[0].ring_bank2/gen_sram_32x256.u_ring_sram/dout0[17]' has no loads. (LINT-2)
Warning: In design 'tcn_block', net 'gen_hidden_resi_blocks[5].hidden_layer/gen_ring_banks[0].ring_bank2/sram_dout0[18]' driven by pin 'gen_hidden_resi_blocks[5].hidden_layer/gen_ring_banks[0].ring_bank2/gen_sram_32x256.u_ring_sram/dout0[18]' has no loads. (LINT-2)
Warning: In design 'tcn_block', net 'gen_hidden_resi_blocks[5].hidden_layer/gen_ring_banks[0].ring_bank2/sram_dout0[19]' driven by pin 'gen_hidden_resi_blocks[5].hidden_layer/gen_ring_banks[0].ring_bank2/gen_sram_32x256.u_ring_sram/dout0[19]' has no loads. (LINT-2)
Warning: In design 'tcn_block', net 'gen_hidden_resi_blocks[5].hidden_layer/gen_ring_banks[0].ring_bank2/sram_dout0[20]' driven by pin 'gen_hidden_resi_blocks[5].hidden_layer/gen_ring_banks[0].ring_bank2/gen_sram_32x256.u_ring_sram/dout0[20]' has no loads. (LINT-2)
Warning: In design 'tcn_block', net 'gen_hidden_resi_blocks[5].hidden_layer/gen_ring_banks[0].ring_bank2/sram_dout0[21]' driven by pin 'gen_hidden_resi_blocks[5].hidden_layer/gen_ring_banks[0].ring_bank2/gen_sram_32x256.u_ring_sram/dout0[21]' has no loads. (LINT-2)
Warning: In design 'tcn_block', net 'gen_hidden_resi_blocks[5].hidden_layer/gen_ring_banks[0].ring_bank2/sram_dout0[22]' driven by pin 'gen_hidden_resi_blocks[5].hidden_layer/gen_ring_banks[0].ring_bank2/gen_sram_32x256.u_ring_sram/dout0[22]' has no loads. (LINT-2)
Warning: In design 'tcn_block', net 'gen_hidden_resi_blocks[5].hidden_layer/gen_ring_banks[0].ring_bank2/sram_dout0[23]' driven by pin 'gen_hidden_resi_blocks[5].hidden_layer/gen_ring_banks[0].ring_bank2/gen_sram_32x256.u_ring_sram/dout0[23]' has no loads. (LINT-2)
Warning: In design 'tcn_block', net 'gen_hidden_resi_blocks[5].hidden_layer/gen_ring_banks[0].ring_bank2/sram_dout0[24]' driven by pin 'gen_hidden_resi_blocks[5].hidden_layer/gen_ring_banks[0].ring_bank2/gen_sram_32x256.u_ring_sram/dout0[24]' has no loads. (LINT-2)
Warning: In design 'tcn_block', net 'gen_hidden_resi_blocks[5].hidden_layer/gen_ring_banks[0].ring_bank2/sram_dout0[25]' driven by pin 'gen_hidden_resi_blocks[5].hidden_layer/gen_ring_banks[0].ring_bank2/gen_sram_32x256.u_ring_sram/dout0[25]' has no loads. (LINT-2)
Warning: In design 'tcn_block', net 'gen_hidden_resi_blocks[5].hidden_layer/gen_ring_banks[0].ring_bank2/sram_dout0[26]' driven by pin 'gen_hidden_resi_blocks[5].hidden_layer/gen_ring_banks[0].ring_bank2/gen_sram_32x256.u_ring_sram/dout0[26]' has no loads. (LINT-2)
Warning: In design 'tcn_block', net 'gen_hidden_resi_blocks[5].hidden_layer/gen_ring_banks[0].ring_bank2/sram_dout0[27]' driven by pin 'gen_hidden_resi_blocks[5].hidden_layer/gen_ring_banks[0].ring_bank2/gen_sram_32x256.u_ring_sram/dout0[27]' has no loads. (LINT-2)
Warning: In design 'tcn_block', net 'gen_hidden_resi_blocks[5].hidden_layer/gen_ring_banks[0].ring_bank2/sram_dout0[28]' driven by pin 'gen_hidden_resi_blocks[5].hidden_layer/gen_ring_banks[0].ring_bank2/gen_sram_32x256.u_ring_sram/dout0[28]' has no loads. (LINT-2)
Warning: In design 'tcn_block', net 'gen_hidden_resi_blocks[5].hidden_layer/gen_ring_banks[0].ring_bank2/sram_dout0[29]' driven by pin 'gen_hidden_resi_blocks[5].hidden_layer/gen_ring_banks[0].ring_bank2/gen_sram_32x256.u_ring_sram/dout0[29]' has no loads. (LINT-2)
Warning: In design 'tcn_block', net 'gen_hidden_resi_blocks[5].hidden_layer/gen_ring_banks[0].ring_bank2/sram_dout0[30]' driven by pin 'gen_hidden_resi_blocks[5].hidden_layer/gen_ring_banks[0].ring_bank2/gen_sram_32x256.u_ring_sram/dout0[30]' has no loads. (LINT-2)
Warning: In design 'tcn_block', net 'gen_hidden_resi_blocks[5].hidden_layer/gen_ring_banks[0].ring_bank2/sram_dout0[31]' driven by pin 'gen_hidden_resi_blocks[5].hidden_layer/gen_ring_banks[0].ring_bank2/gen_sram_32x256.u_ring_sram/dout0[31]' has no loads. (LINT-2)
Warning: In design 'tcn_block', net 'gen_hidden_resi_blocks[5].hidden_layer/gen_ring_banks[1].ring_bank1/sram_dout0[0]' driven by pin 'gen_hidden_resi_blocks[5].hidden_layer/gen_ring_banks[1].ring_bank1/gen_sram_32x256.u_ring_sram/dout0[0]' has no loads. (LINT-2)
Warning: In design 'tcn_block', net 'gen_hidden_resi_blocks[5].hidden_layer/gen_ring_banks[1].ring_bank1/sram_dout0[1]' driven by pin 'gen_hidden_resi_blocks[5].hidden_layer/gen_ring_banks[1].ring_bank1/gen_sram_32x256.u_ring_sram/dout0[1]' has no loads. (LINT-2)
Warning: In design 'tcn_block', net 'gen_hidden_resi_blocks[5].hidden_layer/gen_ring_banks[1].ring_bank1/sram_dout0[2]' driven by pin 'gen_hidden_resi_blocks[5].hidden_layer/gen_ring_banks[1].ring_bank1/gen_sram_32x256.u_ring_sram/dout0[2]' has no loads. (LINT-2)
Warning: In design 'tcn_block', net 'gen_hidden_resi_blocks[5].hidden_layer/gen_ring_banks[1].ring_bank1/sram_dout0[3]' driven by pin 'gen_hidden_resi_blocks[5].hidden_layer/gen_ring_banks[1].ring_bank1/gen_sram_32x256.u_ring_sram/dout0[3]' has no loads. (LINT-2)
Warning: In design 'tcn_block', net 'gen_hidden_resi_blocks[5].hidden_layer/gen_ring_banks[1].ring_bank1/sram_dout0[4]' driven by pin 'gen_hidden_resi_blocks[5].hidden_layer/gen_ring_banks[1].ring_bank1/gen_sram_32x256.u_ring_sram/dout0[4]' has no loads. (LINT-2)
Warning: In design 'tcn_block', net 'gen_hidden_resi_blocks[5].hidden_layer/gen_ring_banks[1].ring_bank1/sram_dout0[5]' driven by pin 'gen_hidden_resi_blocks[5].hidden_layer/gen_ring_banks[1].ring_bank1/gen_sram_32x256.u_ring_sram/dout0[5]' has no loads. (LINT-2)
Warning: In design 'tcn_block', net 'gen_hidden_resi_blocks[5].hidden_layer/gen_ring_banks[1].ring_bank1/sram_dout0[6]' driven by pin 'gen_hidden_resi_blocks[5].hidden_layer/gen_ring_banks[1].ring_bank1/gen_sram_32x256.u_ring_sram/dout0[6]' has no loads. (LINT-2)
Warning: In design 'tcn_block', net 'gen_hidden_resi_blocks[5].hidden_layer/gen_ring_banks[1].ring_bank1/sram_dout0[7]' driven by pin 'gen_hidden_resi_blocks[5].hidden_layer/gen_ring_banks[1].ring_bank1/gen_sram_32x256.u_ring_sram/dout0[7]' has no loads. (LINT-2)
Warning: In design 'tcn_block', net 'gen_hidden_resi_blocks[5].hidden_layer/gen_ring_banks[1].ring_bank1/sram_dout0[8]' driven by pin 'gen_hidden_resi_blocks[5].hidden_layer/gen_ring_banks[1].ring_bank1/gen_sram_32x256.u_ring_sram/dout0[8]' has no loads. (LINT-2)
Warning: In design 'tcn_block', net 'gen_hidden_resi_blocks[5].hidden_layer/gen_ring_banks[1].ring_bank1/sram_dout0[9]' driven by pin 'gen_hidden_resi_blocks[5].hidden_layer/gen_ring_banks[1].ring_bank1/gen_sram_32x256.u_ring_sram/dout0[9]' has no loads. (LINT-2)
Warning: In design 'tcn_block', net 'gen_hidden_resi_blocks[5].hidden_layer/gen_ring_banks[1].ring_bank1/sram_dout0[10]' driven by pin 'gen_hidden_resi_blocks[5].hidden_layer/gen_ring_banks[1].ring_bank1/gen_sram_32x256.u_ring_sram/dout0[10]' has no loads. (LINT-2)
Warning: In design 'tcn_block', net 'gen_hidden_resi_blocks[5].hidden_layer/gen_ring_banks[1].ring_bank1/sram_dout0[11]' driven by pin 'gen_hidden_resi_blocks[5].hidden_layer/gen_ring_banks[1].ring_bank1/gen_sram_32x256.u_ring_sram/dout0[11]' has no loads. (LINT-2)
Warning: In design 'tcn_block', net 'gen_hidden_resi_blocks[5].hidden_layer/gen_ring_banks[1].ring_bank1/sram_dout0[12]' driven by pin 'gen_hidden_resi_blocks[5].hidden_layer/gen_ring_banks[1].ring_bank1/gen_sram_32x256.u_ring_sram/dout0[12]' has no loads. (LINT-2)
Warning: In design 'tcn_block', net 'gen_hidden_resi_blocks[5].hidden_layer/gen_ring_banks[1].ring_bank1/sram_dout0[13]' driven by pin 'gen_hidden_resi_blocks[5].hidden_layer/gen_ring_banks[1].ring_bank1/gen_sram_32x256.u_ring_sram/dout0[13]' has no loads. (LINT-2)
Warning: In design 'tcn_block', net 'gen_hidden_resi_blocks[5].hidden_layer/gen_ring_banks[1].ring_bank1/sram_dout0[14]' driven by pin 'gen_hidden_resi_blocks[5].hidden_layer/gen_ring_banks[1].ring_bank1/gen_sram_32x256.u_ring_sram/dout0[14]' has no loads. (LINT-2)
Warning: In design 'tcn_block', net 'gen_hidden_resi_blocks[5].hidden_layer/gen_ring_banks[1].ring_bank1/sram_dout0[15]' driven by pin 'gen_hidden_resi_blocks[5].hidden_layer/gen_ring_banks[1].ring_bank1/gen_sram_32x256.u_ring_sram/dout0[15]' has no loads. (LINT-2)
Warning: In design 'tcn_block', net 'gen_hidden_resi_blocks[5].hidden_layer/gen_ring_banks[1].ring_bank1/sram_dout0[16]' driven by pin 'gen_hidden_resi_blocks[5].hidden_layer/gen_ring_banks[1].ring_bank1/gen_sram_32x256.u_ring_sram/dout0[16]' has no loads. (LINT-2)
Warning: In design 'tcn_block', net 'gen_hidden_resi_blocks[5].hidden_layer/gen_ring_banks[1].ring_bank1/sram_dout0[17]' driven by pin 'gen_hidden_resi_blocks[5].hidden_layer/gen_ring_banks[1].ring_bank1/gen_sram_32x256.u_ring_sram/dout0[17]' has no loads. (LINT-2)
Warning: In design 'tcn_block', net 'gen_hidden_resi_blocks[5].hidden_layer/gen_ring_banks[1].ring_bank1/sram_dout0[18]' driven by pin 'gen_hidden_resi_blocks[5].hidden_layer/gen_ring_banks[1].ring_bank1/gen_sram_32x256.u_ring_sram/dout0[18]' has no loads. (LINT-2)
Warning: In design 'tcn_block', net 'gen_hidden_resi_blocks[5].hidden_layer/gen_ring_banks[1].ring_bank1/sram_dout0[19]' driven by pin 'gen_hidden_resi_blocks[5].hidden_layer/gen_ring_banks[1].ring_bank1/gen_sram_32x256.u_ring_sram/dout0[19]' has no loads. (LINT-2)
Warning: In design 'tcn_block', net 'gen_hidden_resi_blocks[5].hidden_layer/gen_ring_banks[1].ring_bank1/sram_dout0[20]' driven by pin 'gen_hidden_resi_blocks[5].hidden_layer/gen_ring_banks[1].ring_bank1/gen_sram_32x256.u_ring_sram/dout0[20]' has no loads. (LINT-2)
Warning: In design 'tcn_block', net 'gen_hidden_resi_blocks[5].hidden_layer/gen_ring_banks[1].ring_bank1/sram_dout0[21]' driven by pin 'gen_hidden_resi_blocks[5].hidden_layer/gen_ring_banks[1].ring_bank1/gen_sram_32x256.u_ring_sram/dout0[21]' has no loads. (LINT-2)
Warning: In design 'tcn_block', net 'gen_hidden_resi_blocks[5].hidden_layer/gen_ring_banks[1].ring_bank1/sram_dout0[22]' driven by pin 'gen_hidden_resi_blocks[5].hidden_layer/gen_ring_banks[1].ring_bank1/gen_sram_32x256.u_ring_sram/dout0[22]' has no loads. (LINT-2)
Warning: In design 'tcn_block', net 'gen_hidden_resi_blocks[5].hidden_layer/gen_ring_banks[1].ring_bank1/sram_dout0[23]' driven by pin 'gen_hidden_resi_blocks[5].hidden_layer/gen_ring_banks[1].ring_bank1/gen_sram_32x256.u_ring_sram/dout0[23]' has no loads. (LINT-2)
Warning: In design 'tcn_block', net 'gen_hidden_resi_blocks[5].hidden_layer/gen_ring_banks[1].ring_bank1/sram_dout0[24]' driven by pin 'gen_hidden_resi_blocks[5].hidden_layer/gen_ring_banks[1].ring_bank1/gen_sram_32x256.u_ring_sram/dout0[24]' has no loads. (LINT-2)
Warning: In design 'tcn_block', net 'gen_hidden_resi_blocks[5].hidden_layer/gen_ring_banks[1].ring_bank1/sram_dout0[25]' driven by pin 'gen_hidden_resi_blocks[5].hidden_layer/gen_ring_banks[1].ring_bank1/gen_sram_32x256.u_ring_sram/dout0[25]' has no loads. (LINT-2)
Warning: In design 'tcn_block', net 'gen_hidden_resi_blocks[5].hidden_layer/gen_ring_banks[1].ring_bank1/sram_dout0[26]' driven by pin 'gen_hidden_resi_blocks[5].hidden_layer/gen_ring_banks[1].ring_bank1/gen_sram_32x256.u_ring_sram/dout0[26]' has no loads. (LINT-2)
Warning: In design 'tcn_block', net 'gen_hidden_resi_blocks[5].hidden_layer/gen_ring_banks[1].ring_bank1/sram_dout0[27]' driven by pin 'gen_hidden_resi_blocks[5].hidden_layer/gen_ring_banks[1].ring_bank1/gen_sram_32x256.u_ring_sram/dout0[27]' has no loads. (LINT-2)
Warning: In design 'tcn_block', net 'gen_hidden_resi_blocks[5].hidden_layer/gen_ring_banks[1].ring_bank1/sram_dout0[28]' driven by pin 'gen_hidden_resi_blocks[5].hidden_layer/gen_ring_banks[1].ring_bank1/gen_sram_32x256.u_ring_sram/dout0[28]' has no loads. (LINT-2)
Warning: In design 'tcn_block', net 'gen_hidden_resi_blocks[5].hidden_layer/gen_ring_banks[1].ring_bank1/sram_dout0[29]' driven by pin 'gen_hidden_resi_blocks[5].hidden_layer/gen_ring_banks[1].ring_bank1/gen_sram_32x256.u_ring_sram/dout0[29]' has no loads. (LINT-2)
Warning: In design 'tcn_block', net 'gen_hidden_resi_blocks[5].hidden_layer/gen_ring_banks[1].ring_bank1/sram_dout0[30]' driven by pin 'gen_hidden_resi_blocks[5].hidden_layer/gen_ring_banks[1].ring_bank1/gen_sram_32x256.u_ring_sram/dout0[30]' has no loads. (LINT-2)
Warning: In design 'tcn_block', net 'gen_hidden_resi_blocks[5].hidden_layer/gen_ring_banks[1].ring_bank1/sram_dout0[31]' driven by pin 'gen_hidden_resi_blocks[5].hidden_layer/gen_ring_banks[1].ring_bank1/gen_sram_32x256.u_ring_sram/dout0[31]' has no loads. (LINT-2)
Warning: In design 'tcn_block', net 'gen_hidden_resi_blocks[5].hidden_layer/gen_ring_banks[1].ring_bank2/sram_dout0[0]' driven by pin 'gen_hidden_resi_blocks[5].hidden_layer/gen_ring_banks[1].ring_bank2/gen_sram_32x256.u_ring_sram/dout0[0]' has no loads. (LINT-2)
Warning: In design 'tcn_block', net 'gen_hidden_resi_blocks[5].hidden_layer/gen_ring_banks[1].ring_bank2/sram_dout0[1]' driven by pin 'gen_hidden_resi_blocks[5].hidden_layer/gen_ring_banks[1].ring_bank2/gen_sram_32x256.u_ring_sram/dout0[1]' has no loads. (LINT-2)
Warning: In design 'tcn_block', net 'gen_hidden_resi_blocks[5].hidden_layer/gen_ring_banks[1].ring_bank2/sram_dout0[2]' driven by pin 'gen_hidden_resi_blocks[5].hidden_layer/gen_ring_banks[1].ring_bank2/gen_sram_32x256.u_ring_sram/dout0[2]' has no loads. (LINT-2)
Warning: In design 'tcn_block', net 'gen_hidden_resi_blocks[5].hidden_layer/gen_ring_banks[1].ring_bank2/sram_dout0[3]' driven by pin 'gen_hidden_resi_blocks[5].hidden_layer/gen_ring_banks[1].ring_bank2/gen_sram_32x256.u_ring_sram/dout0[3]' has no loads. (LINT-2)
Warning: In design 'tcn_block', net 'gen_hidden_resi_blocks[5].hidden_layer/gen_ring_banks[1].ring_bank2/sram_dout0[4]' driven by pin 'gen_hidden_resi_blocks[5].hidden_layer/gen_ring_banks[1].ring_bank2/gen_sram_32x256.u_ring_sram/dout0[4]' has no loads. (LINT-2)
Warning: In design 'tcn_block', net 'gen_hidden_resi_blocks[5].hidden_layer/gen_ring_banks[1].ring_bank2/sram_dout0[5]' driven by pin 'gen_hidden_resi_blocks[5].hidden_layer/gen_ring_banks[1].ring_bank2/gen_sram_32x256.u_ring_sram/dout0[5]' has no loads. (LINT-2)
Warning: In design 'tcn_block', net 'gen_hidden_resi_blocks[5].hidden_layer/gen_ring_banks[1].ring_bank2/sram_dout0[6]' driven by pin 'gen_hidden_resi_blocks[5].hidden_layer/gen_ring_banks[1].ring_bank2/gen_sram_32x256.u_ring_sram/dout0[6]' has no loads. (LINT-2)
Warning: In design 'tcn_block', net 'gen_hidden_resi_blocks[5].hidden_layer/gen_ring_banks[1].ring_bank2/sram_dout0[7]' driven by pin 'gen_hidden_resi_blocks[5].hidden_layer/gen_ring_banks[1].ring_bank2/gen_sram_32x256.u_ring_sram/dout0[7]' has no loads. (LINT-2)
Warning: In design 'tcn_block', net 'gen_hidden_resi_blocks[5].hidden_layer/gen_ring_banks[1].ring_bank2/sram_dout0[8]' driven by pin 'gen_hidden_resi_blocks[5].hidden_layer/gen_ring_banks[1].ring_bank2/gen_sram_32x256.u_ring_sram/dout0[8]' has no loads. (LINT-2)
Warning: In design 'tcn_block', net 'gen_hidden_resi_blocks[5].hidden_layer/gen_ring_banks[1].ring_bank2/sram_dout0[9]' driven by pin 'gen_hidden_resi_blocks[5].hidden_layer/gen_ring_banks[1].ring_bank2/gen_sram_32x256.u_ring_sram/dout0[9]' has no loads. (LINT-2)
Warning: In design 'tcn_block', net 'gen_hidden_resi_blocks[5].hidden_layer/gen_ring_banks[1].ring_bank2/sram_dout0[10]' driven by pin 'gen_hidden_resi_blocks[5].hidden_layer/gen_ring_banks[1].ring_bank2/gen_sram_32x256.u_ring_sram/dout0[10]' has no loads. (LINT-2)
Warning: In design 'tcn_block', net 'gen_hidden_resi_blocks[5].hidden_layer/gen_ring_banks[1].ring_bank2/sram_dout0[11]' driven by pin 'gen_hidden_resi_blocks[5].hidden_layer/gen_ring_banks[1].ring_bank2/gen_sram_32x256.u_ring_sram/dout0[11]' has no loads. (LINT-2)
Warning: In design 'tcn_block', net 'gen_hidden_resi_blocks[5].hidden_layer/gen_ring_banks[1].ring_bank2/sram_dout0[12]' driven by pin 'gen_hidden_resi_blocks[5].hidden_layer/gen_ring_banks[1].ring_bank2/gen_sram_32x256.u_ring_sram/dout0[12]' has no loads. (LINT-2)
Warning: In design 'tcn_block', net 'gen_hidden_resi_blocks[5].hidden_layer/gen_ring_banks[1].ring_bank2/sram_dout0[13]' driven by pin 'gen_hidden_resi_blocks[5].hidden_layer/gen_ring_banks[1].ring_bank2/gen_sram_32x256.u_ring_sram/dout0[13]' has no loads. (LINT-2)
Warning: In design 'tcn_block', net 'gen_hidden_resi_blocks[5].hidden_layer/gen_ring_banks[1].ring_bank2/sram_dout0[14]' driven by pin 'gen_hidden_resi_blocks[5].hidden_layer/gen_ring_banks[1].ring_bank2/gen_sram_32x256.u_ring_sram/dout0[14]' has no loads. (LINT-2)
Warning: In design 'tcn_block', net 'gen_hidden_resi_blocks[5].hidden_layer/gen_ring_banks[1].ring_bank2/sram_dout0[15]' driven by pin 'gen_hidden_resi_blocks[5].hidden_layer/gen_ring_banks[1].ring_bank2/gen_sram_32x256.u_ring_sram/dout0[15]' has no loads. (LINT-2)
Warning: In design 'tcn_block', net 'gen_hidden_resi_blocks[5].hidden_layer/gen_ring_banks[1].ring_bank2/sram_dout0[16]' driven by pin 'gen_hidden_resi_blocks[5].hidden_layer/gen_ring_banks[1].ring_bank2/gen_sram_32x256.u_ring_sram/dout0[16]' has no loads. (LINT-2)
Warning: In design 'tcn_block', net 'gen_hidden_resi_blocks[5].hidden_layer/gen_ring_banks[1].ring_bank2/sram_dout0[17]' driven by pin 'gen_hidden_resi_blocks[5].hidden_layer/gen_ring_banks[1].ring_bank2/gen_sram_32x256.u_ring_sram/dout0[17]' has no loads. (LINT-2)
Warning: In design 'tcn_block', net 'gen_hidden_resi_blocks[5].hidden_layer/gen_ring_banks[1].ring_bank2/sram_dout0[18]' driven by pin 'gen_hidden_resi_blocks[5].hidden_layer/gen_ring_banks[1].ring_bank2/gen_sram_32x256.u_ring_sram/dout0[18]' has no loads. (LINT-2)
Warning: In design 'tcn_block', net 'gen_hidden_resi_blocks[5].hidden_layer/gen_ring_banks[1].ring_bank2/sram_dout0[19]' driven by pin 'gen_hidden_resi_blocks[5].hidden_layer/gen_ring_banks[1].ring_bank2/gen_sram_32x256.u_ring_sram/dout0[19]' has no loads. (LINT-2)
Warning: In design 'tcn_block', net 'gen_hidden_resi_blocks[5].hidden_layer/gen_ring_banks[1].ring_bank2/sram_dout0[20]' driven by pin 'gen_hidden_resi_blocks[5].hidden_layer/gen_ring_banks[1].ring_bank2/gen_sram_32x256.u_ring_sram/dout0[20]' has no loads. (LINT-2)
Warning: In design 'tcn_block', net 'gen_hidden_resi_blocks[5].hidden_layer/gen_ring_banks[1].ring_bank2/sram_dout0[21]' driven by pin 'gen_hidden_resi_blocks[5].hidden_layer/gen_ring_banks[1].ring_bank2/gen_sram_32x256.u_ring_sram/dout0[21]' has no loads. (LINT-2)
Warning: In design 'tcn_block', net 'gen_hidden_resi_blocks[5].hidden_layer/gen_ring_banks[1].ring_bank2/sram_dout0[22]' driven by pin 'gen_hidden_resi_blocks[5].hidden_layer/gen_ring_banks[1].ring_bank2/gen_sram_32x256.u_ring_sram/dout0[22]' has no loads. (LINT-2)
Warning: In design 'tcn_block', net 'gen_hidden_resi_blocks[5].hidden_layer/gen_ring_banks[1].ring_bank2/sram_dout0[23]' driven by pin 'gen_hidden_resi_blocks[5].hidden_layer/gen_ring_banks[1].ring_bank2/gen_sram_32x256.u_ring_sram/dout0[23]' has no loads. (LINT-2)
Warning: In design 'tcn_block', net 'gen_hidden_resi_blocks[5].hidden_layer/gen_ring_banks[1].ring_bank2/sram_dout0[24]' driven by pin 'gen_hidden_resi_blocks[5].hidden_layer/gen_ring_banks[1].ring_bank2/gen_sram_32x256.u_ring_sram/dout0[24]' has no loads. (LINT-2)
Warning: In design 'tcn_block', net 'gen_hidden_resi_blocks[5].hidden_layer/gen_ring_banks[1].ring_bank2/sram_dout0[25]' driven by pin 'gen_hidden_resi_blocks[5].hidden_layer/gen_ring_banks[1].ring_bank2/gen_sram_32x256.u_ring_sram/dout0[25]' has no loads. (LINT-2)
Warning: In design 'tcn_block', net 'gen_hidden_resi_blocks[5].hidden_layer/gen_ring_banks[1].ring_bank2/sram_dout0[26]' driven by pin 'gen_hidden_resi_blocks[5].hidden_layer/gen_ring_banks[1].ring_bank2/gen_sram_32x256.u_ring_sram/dout0[26]' has no loads. (LINT-2)
Warning: In design 'tcn_block', net 'gen_hidden_resi_blocks[5].hidden_layer/gen_ring_banks[1].ring_bank2/sram_dout0[27]' driven by pin 'gen_hidden_resi_blocks[5].hidden_layer/gen_ring_banks[1].ring_bank2/gen_sram_32x256.u_ring_sram/dout0[27]' has no loads. (LINT-2)
Warning: In design 'tcn_block', net 'gen_hidden_resi_blocks[5].hidden_layer/gen_ring_banks[1].ring_bank2/sram_dout0[28]' driven by pin 'gen_hidden_resi_blocks[5].hidden_layer/gen_ring_banks[1].ring_bank2/gen_sram_32x256.u_ring_sram/dout0[28]' has no loads. (LINT-2)
Warning: In design 'tcn_block', net 'gen_hidden_resi_blocks[5].hidden_layer/gen_ring_banks[1].ring_bank2/sram_dout0[29]' driven by pin 'gen_hidden_resi_blocks[5].hidden_layer/gen_ring_banks[1].ring_bank2/gen_sram_32x256.u_ring_sram/dout0[29]' has no loads. (LINT-2)
Warning: In design 'tcn_block', net 'gen_hidden_resi_blocks[5].hidden_layer/gen_ring_banks[1].ring_bank2/sram_dout0[30]' driven by pin 'gen_hidden_resi_blocks[5].hidden_layer/gen_ring_banks[1].ring_bank2/gen_sram_32x256.u_ring_sram/dout0[30]' has no loads. (LINT-2)
Warning: In design 'tcn_block', net 'gen_hidden_resi_blocks[5].hidden_layer/gen_ring_banks[1].ring_bank2/sram_dout0[31]' driven by pin 'gen_hidden_resi_blocks[5].hidden_layer/gen_ring_banks[1].ring_bank2/gen_sram_32x256.u_ring_sram/dout0[31]' has no loads. (LINT-2)
Warning: In design 'tcn_block', net 'gen_hidden_resi_blocks[5].hidden_layer/gen_ring_banks[2].ring_bank1/sram_dout0[0]' driven by pin 'gen_hidden_resi_blocks[5].hidden_layer/gen_ring_banks[2].ring_bank1/gen_sram_32x256.u_ring_sram/dout0[0]' has no loads. (LINT-2)
Warning: In design 'tcn_block', net 'gen_hidden_resi_blocks[5].hidden_layer/gen_ring_banks[2].ring_bank1/sram_dout0[1]' driven by pin 'gen_hidden_resi_blocks[5].hidden_layer/gen_ring_banks[2].ring_bank1/gen_sram_32x256.u_ring_sram/dout0[1]' has no loads. (LINT-2)
Warning: In design 'tcn_block', net 'gen_hidden_resi_blocks[5].hidden_layer/gen_ring_banks[2].ring_bank1/sram_dout0[2]' driven by pin 'gen_hidden_resi_blocks[5].hidden_layer/gen_ring_banks[2].ring_bank1/gen_sram_32x256.u_ring_sram/dout0[2]' has no loads. (LINT-2)
Warning: In design 'tcn_block', net 'gen_hidden_resi_blocks[5].hidden_layer/gen_ring_banks[2].ring_bank1/sram_dout0[3]' driven by pin 'gen_hidden_resi_blocks[5].hidden_layer/gen_ring_banks[2].ring_bank1/gen_sram_32x256.u_ring_sram/dout0[3]' has no loads. (LINT-2)
Warning: In design 'tcn_block', net 'gen_hidden_resi_blocks[5].hidden_layer/gen_ring_banks[2].ring_bank1/sram_dout0[4]' driven by pin 'gen_hidden_resi_blocks[5].hidden_layer/gen_ring_banks[2].ring_bank1/gen_sram_32x256.u_ring_sram/dout0[4]' has no loads. (LINT-2)
Warning: In design 'tcn_block', net 'gen_hidden_resi_blocks[5].hidden_layer/gen_ring_banks[2].ring_bank1/sram_dout0[5]' driven by pin 'gen_hidden_resi_blocks[5].hidden_layer/gen_ring_banks[2].ring_bank1/gen_sram_32x256.u_ring_sram/dout0[5]' has no loads. (LINT-2)
Warning: In design 'tcn_block', net 'gen_hidden_resi_blocks[5].hidden_layer/gen_ring_banks[2].ring_bank1/sram_dout0[6]' driven by pin 'gen_hidden_resi_blocks[5].hidden_layer/gen_ring_banks[2].ring_bank1/gen_sram_32x256.u_ring_sram/dout0[6]' has no loads. (LINT-2)
Warning: In design 'tcn_block', net 'gen_hidden_resi_blocks[5].hidden_layer/gen_ring_banks[2].ring_bank1/sram_dout0[7]' driven by pin 'gen_hidden_resi_blocks[5].hidden_layer/gen_ring_banks[2].ring_bank1/gen_sram_32x256.u_ring_sram/dout0[7]' has no loads. (LINT-2)
Warning: In design 'tcn_block', net 'gen_hidden_resi_blocks[5].hidden_layer/gen_ring_banks[2].ring_bank1/sram_dout0[8]' driven by pin 'gen_hidden_resi_blocks[5].hidden_layer/gen_ring_banks[2].ring_bank1/gen_sram_32x256.u_ring_sram/dout0[8]' has no loads. (LINT-2)
Warning: In design 'tcn_block', net 'gen_hidden_resi_blocks[5].hidden_layer/gen_ring_banks[2].ring_bank1/sram_dout0[9]' driven by pin 'gen_hidden_resi_blocks[5].hidden_layer/gen_ring_banks[2].ring_bank1/gen_sram_32x256.u_ring_sram/dout0[9]' has no loads. (LINT-2)
Warning: In design 'tcn_block', net 'gen_hidden_resi_blocks[5].hidden_layer/gen_ring_banks[2].ring_bank1/sram_dout0[10]' driven by pin 'gen_hidden_resi_blocks[5].hidden_layer/gen_ring_banks[2].ring_bank1/gen_sram_32x256.u_ring_sram/dout0[10]' has no loads. (LINT-2)
Warning: In design 'tcn_block', net 'gen_hidden_resi_blocks[5].hidden_layer/gen_ring_banks[2].ring_bank1/sram_dout0[11]' driven by pin 'gen_hidden_resi_blocks[5].hidden_layer/gen_ring_banks[2].ring_bank1/gen_sram_32x256.u_ring_sram/dout0[11]' has no loads. (LINT-2)
Warning: In design 'tcn_block', net 'gen_hidden_resi_blocks[5].hidden_layer/gen_ring_banks[2].ring_bank1/sram_dout0[12]' driven by pin 'gen_hidden_resi_blocks[5].hidden_layer/gen_ring_banks[2].ring_bank1/gen_sram_32x256.u_ring_sram/dout0[12]' has no loads. (LINT-2)
Warning: In design 'tcn_block', net 'gen_hidden_resi_blocks[5].hidden_layer/gen_ring_banks[2].ring_bank1/sram_dout0[13]' driven by pin 'gen_hidden_resi_blocks[5].hidden_layer/gen_ring_banks[2].ring_bank1/gen_sram_32x256.u_ring_sram/dout0[13]' has no loads. (LINT-2)
Warning: In design 'tcn_block', net 'gen_hidden_resi_blocks[5].hidden_layer/gen_ring_banks[2].ring_bank1/sram_dout0[14]' driven by pin 'gen_hidden_resi_blocks[5].hidden_layer/gen_ring_banks[2].ring_bank1/gen_sram_32x256.u_ring_sram/dout0[14]' has no loads. (LINT-2)
Warning: In design 'tcn_block', net 'gen_hidden_resi_blocks[5].hidden_layer/gen_ring_banks[2].ring_bank1/sram_dout0[15]' driven by pin 'gen_hidden_resi_blocks[5].hidden_layer/gen_ring_banks[2].ring_bank1/gen_sram_32x256.u_ring_sram/dout0[15]' has no loads. (LINT-2)
Warning: In design 'tcn_block', net 'gen_hidden_resi_blocks[5].hidden_layer/gen_ring_banks[2].ring_bank1/sram_dout0[16]' driven by pin 'gen_hidden_resi_blocks[5].hidden_layer/gen_ring_banks[2].ring_bank1/gen_sram_32x256.u_ring_sram/dout0[16]' has no loads. (LINT-2)
Warning: In design 'tcn_block', net 'gen_hidden_resi_blocks[5].hidden_layer/gen_ring_banks[2].ring_bank1/sram_dout0[17]' driven by pin 'gen_hidden_resi_blocks[5].hidden_layer/gen_ring_banks[2].ring_bank1/gen_sram_32x256.u_ring_sram/dout0[17]' has no loads. (LINT-2)
Warning: In design 'tcn_block', net 'gen_hidden_resi_blocks[5].hidden_layer/gen_ring_banks[2].ring_bank1/sram_dout0[18]' driven by pin 'gen_hidden_resi_blocks[5].hidden_layer/gen_ring_banks[2].ring_bank1/gen_sram_32x256.u_ring_sram/dout0[18]' has no loads. (LINT-2)
Warning: In design 'tcn_block', net 'gen_hidden_resi_blocks[5].hidden_layer/gen_ring_banks[2].ring_bank1/sram_dout0[19]' driven by pin 'gen_hidden_resi_blocks[5].hidden_layer/gen_ring_banks[2].ring_bank1/gen_sram_32x256.u_ring_sram/dout0[19]' has no loads. (LINT-2)
Warning: In design 'tcn_block', net 'gen_hidden_resi_blocks[5].hidden_layer/gen_ring_banks[2].ring_bank1/sram_dout0[20]' driven by pin 'gen_hidden_resi_blocks[5].hidden_layer/gen_ring_banks[2].ring_bank1/gen_sram_32x256.u_ring_sram/dout0[20]' has no loads. (LINT-2)
Warning: In design 'tcn_block', net 'gen_hidden_resi_blocks[5].hidden_layer/gen_ring_banks[2].ring_bank1/sram_dout0[21]' driven by pin 'gen_hidden_resi_blocks[5].hidden_layer/gen_ring_banks[2].ring_bank1/gen_sram_32x256.u_ring_sram/dout0[21]' has no loads. (LINT-2)
Warning: In design 'tcn_block', net 'gen_hidden_resi_blocks[5].hidden_layer/gen_ring_banks[2].ring_bank1/sram_dout0[22]' driven by pin 'gen_hidden_resi_blocks[5].hidden_layer/gen_ring_banks[2].ring_bank1/gen_sram_32x256.u_ring_sram/dout0[22]' has no loads. (LINT-2)
Warning: In design 'tcn_block', net 'gen_hidden_resi_blocks[5].hidden_layer/gen_ring_banks[2].ring_bank1/sram_dout0[23]' driven by pin 'gen_hidden_resi_blocks[5].hidden_layer/gen_ring_banks[2].ring_bank1/gen_sram_32x256.u_ring_sram/dout0[23]' has no loads. (LINT-2)
Warning: In design 'tcn_block', net 'gen_hidden_resi_blocks[5].hidden_layer/gen_ring_banks[2].ring_bank1/sram_dout0[24]' driven by pin 'gen_hidden_resi_blocks[5].hidden_layer/gen_ring_banks[2].ring_bank1/gen_sram_32x256.u_ring_sram/dout0[24]' has no loads. (LINT-2)
Warning: In design 'tcn_block', net 'gen_hidden_resi_blocks[5].hidden_layer/gen_ring_banks[2].ring_bank1/sram_dout0[25]' driven by pin 'gen_hidden_resi_blocks[5].hidden_layer/gen_ring_banks[2].ring_bank1/gen_sram_32x256.u_ring_sram/dout0[25]' has no loads. (LINT-2)
Warning: In design 'tcn_block', net 'gen_hidden_resi_blocks[5].hidden_layer/gen_ring_banks[2].ring_bank1/sram_dout0[26]' driven by pin 'gen_hidden_resi_blocks[5].hidden_layer/gen_ring_banks[2].ring_bank1/gen_sram_32x256.u_ring_sram/dout0[26]' has no loads. (LINT-2)
Warning: In design 'tcn_block', net 'gen_hidden_resi_blocks[5].hidden_layer/gen_ring_banks[2].ring_bank1/sram_dout0[27]' driven by pin 'gen_hidden_resi_blocks[5].hidden_layer/gen_ring_banks[2].ring_bank1/gen_sram_32x256.u_ring_sram/dout0[27]' has no loads. (LINT-2)
Warning: In design 'tcn_block', net 'gen_hidden_resi_blocks[5].hidden_layer/gen_ring_banks[2].ring_bank1/sram_dout0[28]' driven by pin 'gen_hidden_resi_blocks[5].hidden_layer/gen_ring_banks[2].ring_bank1/gen_sram_32x256.u_ring_sram/dout0[28]' has no loads. (LINT-2)
Warning: In design 'tcn_block', net 'gen_hidden_resi_blocks[5].hidden_layer/gen_ring_banks[2].ring_bank1/sram_dout0[29]' driven by pin 'gen_hidden_resi_blocks[5].hidden_layer/gen_ring_banks[2].ring_bank1/gen_sram_32x256.u_ring_sram/dout0[29]' has no loads. (LINT-2)
Warning: In design 'tcn_block', net 'gen_hidden_resi_blocks[5].hidden_layer/gen_ring_banks[2].ring_bank1/sram_dout0[30]' driven by pin 'gen_hidden_resi_blocks[5].hidden_layer/gen_ring_banks[2].ring_bank1/gen_sram_32x256.u_ring_sram/dout0[30]' has no loads. (LINT-2)
Warning: In design 'tcn_block', net 'gen_hidden_resi_blocks[5].hidden_layer/gen_ring_banks[2].ring_bank1/sram_dout0[31]' driven by pin 'gen_hidden_resi_blocks[5].hidden_layer/gen_ring_banks[2].ring_bank1/gen_sram_32x256.u_ring_sram/dout0[31]' has no loads. (LINT-2)
Warning: In design 'tcn_block', net 'gen_hidden_resi_blocks[5].hidden_layer/gen_ring_banks[2].ring_bank2/sram_dout0[0]' driven by pin 'gen_hidden_resi_blocks[5].hidden_layer/gen_ring_banks[2].ring_bank2/gen_sram_32x256.u_ring_sram/dout0[0]' has no loads. (LINT-2)
Warning: In design 'tcn_block', net 'gen_hidden_resi_blocks[5].hidden_layer/gen_ring_banks[2].ring_bank2/sram_dout0[1]' driven by pin 'gen_hidden_resi_blocks[5].hidden_layer/gen_ring_banks[2].ring_bank2/gen_sram_32x256.u_ring_sram/dout0[1]' has no loads. (LINT-2)
Warning: In design 'tcn_block', net 'gen_hidden_resi_blocks[5].hidden_layer/gen_ring_banks[2].ring_bank2/sram_dout0[2]' driven by pin 'gen_hidden_resi_blocks[5].hidden_layer/gen_ring_banks[2].ring_bank2/gen_sram_32x256.u_ring_sram/dout0[2]' has no loads. (LINT-2)
Warning: In design 'tcn_block', net 'gen_hidden_resi_blocks[5].hidden_layer/gen_ring_banks[2].ring_bank2/sram_dout0[3]' driven by pin 'gen_hidden_resi_blocks[5].hidden_layer/gen_ring_banks[2].ring_bank2/gen_sram_32x256.u_ring_sram/dout0[3]' has no loads. (LINT-2)
Warning: In design 'tcn_block', net 'gen_hidden_resi_blocks[5].hidden_layer/gen_ring_banks[2].ring_bank2/sram_dout0[4]' driven by pin 'gen_hidden_resi_blocks[5].hidden_layer/gen_ring_banks[2].ring_bank2/gen_sram_32x256.u_ring_sram/dout0[4]' has no loads. (LINT-2)
Warning: In design 'tcn_block', net 'gen_hidden_resi_blocks[5].hidden_layer/gen_ring_banks[2].ring_bank2/sram_dout0[5]' driven by pin 'gen_hidden_resi_blocks[5].hidden_layer/gen_ring_banks[2].ring_bank2/gen_sram_32x256.u_ring_sram/dout0[5]' has no loads. (LINT-2)
Warning: In design 'tcn_block', net 'gen_hidden_resi_blocks[5].hidden_layer/gen_ring_banks[2].ring_bank2/sram_dout0[6]' driven by pin 'gen_hidden_resi_blocks[5].hidden_layer/gen_ring_banks[2].ring_bank2/gen_sram_32x256.u_ring_sram/dout0[6]' has no loads. (LINT-2)
Warning: In design 'tcn_block', net 'gen_hidden_resi_blocks[5].hidden_layer/gen_ring_banks[2].ring_bank2/sram_dout0[7]' driven by pin 'gen_hidden_resi_blocks[5].hidden_layer/gen_ring_banks[2].ring_bank2/gen_sram_32x256.u_ring_sram/dout0[7]' has no loads. (LINT-2)
Warning: In design 'tcn_block', net 'gen_hidden_resi_blocks[5].hidden_layer/gen_ring_banks[2].ring_bank2/sram_dout0[8]' driven by pin 'gen_hidden_resi_blocks[5].hidden_layer/gen_ring_banks[2].ring_bank2/gen_sram_32x256.u_ring_sram/dout0[8]' has no loads. (LINT-2)
Warning: In design 'tcn_block', net 'gen_hidden_resi_blocks[5].hidden_layer/gen_ring_banks[2].ring_bank2/sram_dout0[9]' driven by pin 'gen_hidden_resi_blocks[5].hidden_layer/gen_ring_banks[2].ring_bank2/gen_sram_32x256.u_ring_sram/dout0[9]' has no loads. (LINT-2)
Warning: In design 'tcn_block', net 'gen_hidden_resi_blocks[5].hidden_layer/gen_ring_banks[2].ring_bank2/sram_dout0[10]' driven by pin 'gen_hidden_resi_blocks[5].hidden_layer/gen_ring_banks[2].ring_bank2/gen_sram_32x256.u_ring_sram/dout0[10]' has no loads. (LINT-2)
Warning: In design 'tcn_block', net 'gen_hidden_resi_blocks[5].hidden_layer/gen_ring_banks[2].ring_bank2/sram_dout0[11]' driven by pin 'gen_hidden_resi_blocks[5].hidden_layer/gen_ring_banks[2].ring_bank2/gen_sram_32x256.u_ring_sram/dout0[11]' has no loads. (LINT-2)
Warning: In design 'tcn_block', net 'gen_hidden_resi_blocks[5].hidden_layer/gen_ring_banks[2].ring_bank2/sram_dout0[12]' driven by pin 'gen_hidden_resi_blocks[5].hidden_layer/gen_ring_banks[2].ring_bank2/gen_sram_32x256.u_ring_sram/dout0[12]' has no loads. (LINT-2)
Warning: In design 'tcn_block', net 'gen_hidden_resi_blocks[5].hidden_layer/gen_ring_banks[2].ring_bank2/sram_dout0[13]' driven by pin 'gen_hidden_resi_blocks[5].hidden_layer/gen_ring_banks[2].ring_bank2/gen_sram_32x256.u_ring_sram/dout0[13]' has no loads. (LINT-2)
Warning: In design 'tcn_block', net 'gen_hidden_resi_blocks[5].hidden_layer/gen_ring_banks[2].ring_bank2/sram_dout0[14]' driven by pin 'gen_hidden_resi_blocks[5].hidden_layer/gen_ring_banks[2].ring_bank2/gen_sram_32x256.u_ring_sram/dout0[14]' has no loads. (LINT-2)
Warning: In design 'tcn_block', net 'gen_hidden_resi_blocks[5].hidden_layer/gen_ring_banks[2].ring_bank2/sram_dout0[15]' driven by pin 'gen_hidden_resi_blocks[5].hidden_layer/gen_ring_banks[2].ring_bank2/gen_sram_32x256.u_ring_sram/dout0[15]' has no loads. (LINT-2)
Warning: In design 'tcn_block', net 'gen_hidden_resi_blocks[5].hidden_layer/gen_ring_banks[2].ring_bank2/sram_dout0[16]' driven by pin 'gen_hidden_resi_blocks[5].hidden_layer/gen_ring_banks[2].ring_bank2/gen_sram_32x256.u_ring_sram/dout0[16]' has no loads. (LINT-2)
Warning: In design 'tcn_block', net 'gen_hidden_resi_blocks[5].hidden_layer/gen_ring_banks[2].ring_bank2/sram_dout0[17]' driven by pin 'gen_hidden_resi_blocks[5].hidden_layer/gen_ring_banks[2].ring_bank2/gen_sram_32x256.u_ring_sram/dout0[17]' has no loads. (LINT-2)
Warning: In design 'tcn_block', net 'gen_hidden_resi_blocks[5].hidden_layer/gen_ring_banks[2].ring_bank2/sram_dout0[18]' driven by pin 'gen_hidden_resi_blocks[5].hidden_layer/gen_ring_banks[2].ring_bank2/gen_sram_32x256.u_ring_sram/dout0[18]' has no loads. (LINT-2)
Warning: In design 'tcn_block', net 'gen_hidden_resi_blocks[5].hidden_layer/gen_ring_banks[2].ring_bank2/sram_dout0[19]' driven by pin 'gen_hidden_resi_blocks[5].hidden_layer/gen_ring_banks[2].ring_bank2/gen_sram_32x256.u_ring_sram/dout0[19]' has no loads. (LINT-2)
Warning: In design 'tcn_block', net 'gen_hidden_resi_blocks[5].hidden_layer/gen_ring_banks[2].ring_bank2/sram_dout0[20]' driven by pin 'gen_hidden_resi_blocks[5].hidden_layer/gen_ring_banks[2].ring_bank2/gen_sram_32x256.u_ring_sram/dout0[20]' has no loads. (LINT-2)
Warning: In design 'tcn_block', net 'gen_hidden_resi_blocks[5].hidden_layer/gen_ring_banks[2].ring_bank2/sram_dout0[21]' driven by pin 'gen_hidden_resi_blocks[5].hidden_layer/gen_ring_banks[2].ring_bank2/gen_sram_32x256.u_ring_sram/dout0[21]' has no loads. (LINT-2)
Warning: In design 'tcn_block', net 'gen_hidden_resi_blocks[5].hidden_layer/gen_ring_banks[2].ring_bank2/sram_dout0[22]' driven by pin 'gen_hidden_resi_blocks[5].hidden_layer/gen_ring_banks[2].ring_bank2/gen_sram_32x256.u_ring_sram/dout0[22]' has no loads. (LINT-2)
Warning: In design 'tcn_block', net 'gen_hidden_resi_blocks[5].hidden_layer/gen_ring_banks[2].ring_bank2/sram_dout0[23]' driven by pin 'gen_hidden_resi_blocks[5].hidden_layer/gen_ring_banks[2].ring_bank2/gen_sram_32x256.u_ring_sram/dout0[23]' has no loads. (LINT-2)
Warning: In design 'tcn_block', net 'gen_hidden_resi_blocks[5].hidden_layer/gen_ring_banks[2].ring_bank2/sram_dout0[24]' driven by pin 'gen_hidden_resi_blocks[5].hidden_layer/gen_ring_banks[2].ring_bank2/gen_sram_32x256.u_ring_sram/dout0[24]' has no loads. (LINT-2)
Warning: In design 'tcn_block', net 'gen_hidden_resi_blocks[5].hidden_layer/gen_ring_banks[2].ring_bank2/sram_dout0[25]' driven by pin 'gen_hidden_resi_blocks[5].hidden_layer/gen_ring_banks[2].ring_bank2/gen_sram_32x256.u_ring_sram/dout0[25]' has no loads. (LINT-2)
Warning: In design 'tcn_block', net 'gen_hidden_resi_blocks[5].hidden_layer/gen_ring_banks[2].ring_bank2/sram_dout0[26]' driven by pin 'gen_hidden_resi_blocks[5].hidden_layer/gen_ring_banks[2].ring_bank2/gen_sram_32x256.u_ring_sram/dout0[26]' has no loads. (LINT-2)
Warning: In design 'tcn_block', net 'gen_hidden_resi_blocks[5].hidden_layer/gen_ring_banks[2].ring_bank2/sram_dout0[27]' driven by pin 'gen_hidden_resi_blocks[5].hidden_layer/gen_ring_banks[2].ring_bank2/gen_sram_32x256.u_ring_sram/dout0[27]' has no loads. (LINT-2)
Warning: In design 'tcn_block', net 'gen_hidden_resi_blocks[5].hidden_layer/gen_ring_banks[2].ring_bank2/sram_dout0[28]' driven by pin 'gen_hidden_resi_blocks[5].hidden_layer/gen_ring_banks[2].ring_bank2/gen_sram_32x256.u_ring_sram/dout0[28]' has no loads. (LINT-2)
Warning: In design 'tcn_block', net 'gen_hidden_resi_blocks[5].hidden_layer/gen_ring_banks[2].ring_bank2/sram_dout0[29]' driven by pin 'gen_hidden_resi_blocks[5].hidden_layer/gen_ring_banks[2].ring_bank2/gen_sram_32x256.u_ring_sram/dout0[29]' has no loads. (LINT-2)
Warning: In design 'tcn_block', net 'gen_hidden_resi_blocks[5].hidden_layer/gen_ring_banks[2].ring_bank2/sram_dout0[30]' driven by pin 'gen_hidden_resi_blocks[5].hidden_layer/gen_ring_banks[2].ring_bank2/gen_sram_32x256.u_ring_sram/dout0[30]' has no loads. (LINT-2)
Warning: In design 'tcn_block', net 'gen_hidden_resi_blocks[5].hidden_layer/gen_ring_banks[2].ring_bank2/sram_dout0[31]' driven by pin 'gen_hidden_resi_blocks[5].hidden_layer/gen_ring_banks[2].ring_bank2/gen_sram_32x256.u_ring_sram/dout0[31]' has no loads. (LINT-2)
Warning: In design 'tcn_block', net 'gen_hidden_resi_blocks[5].hidden_layer/gen_ring_banks[3].ring_bank1/sram_dout0[0]' driven by pin 'gen_hidden_resi_blocks[5].hidden_layer/gen_ring_banks[3].ring_bank1/gen_sram_32x256.u_ring_sram/dout0[0]' has no loads. (LINT-2)
Warning: In design 'tcn_block', net 'gen_hidden_resi_blocks[5].hidden_layer/gen_ring_banks[3].ring_bank1/sram_dout0[1]' driven by pin 'gen_hidden_resi_blocks[5].hidden_layer/gen_ring_banks[3].ring_bank1/gen_sram_32x256.u_ring_sram/dout0[1]' has no loads. (LINT-2)
Warning: In design 'tcn_block', net 'gen_hidden_resi_blocks[5].hidden_layer/gen_ring_banks[3].ring_bank1/sram_dout0[2]' driven by pin 'gen_hidden_resi_blocks[5].hidden_layer/gen_ring_banks[3].ring_bank1/gen_sram_32x256.u_ring_sram/dout0[2]' has no loads. (LINT-2)
Warning: In design 'tcn_block', net 'gen_hidden_resi_blocks[5].hidden_layer/gen_ring_banks[3].ring_bank1/sram_dout0[3]' driven by pin 'gen_hidden_resi_blocks[5].hidden_layer/gen_ring_banks[3].ring_bank1/gen_sram_32x256.u_ring_sram/dout0[3]' has no loads. (LINT-2)
Warning: In design 'tcn_block', net 'gen_hidden_resi_blocks[5].hidden_layer/gen_ring_banks[3].ring_bank1/sram_dout0[4]' driven by pin 'gen_hidden_resi_blocks[5].hidden_layer/gen_ring_banks[3].ring_bank1/gen_sram_32x256.u_ring_sram/dout0[4]' has no loads. (LINT-2)
Warning: In design 'tcn_block', net 'gen_hidden_resi_blocks[5].hidden_layer/gen_ring_banks[3].ring_bank1/sram_dout0[5]' driven by pin 'gen_hidden_resi_blocks[5].hidden_layer/gen_ring_banks[3].ring_bank1/gen_sram_32x256.u_ring_sram/dout0[5]' has no loads. (LINT-2)
Warning: In design 'tcn_block', net 'gen_hidden_resi_blocks[5].hidden_layer/gen_ring_banks[3].ring_bank1/sram_dout0[6]' driven by pin 'gen_hidden_resi_blocks[5].hidden_layer/gen_ring_banks[3].ring_bank1/gen_sram_32x256.u_ring_sram/dout0[6]' has no loads. (LINT-2)
Warning: In design 'tcn_block', net 'gen_hidden_resi_blocks[5].hidden_layer/gen_ring_banks[3].ring_bank1/sram_dout0[7]' driven by pin 'gen_hidden_resi_blocks[5].hidden_layer/gen_ring_banks[3].ring_bank1/gen_sram_32x256.u_ring_sram/dout0[7]' has no loads. (LINT-2)
Warning: In design 'tcn_block', net 'gen_hidden_resi_blocks[5].hidden_layer/gen_ring_banks[3].ring_bank1/sram_dout0[8]' driven by pin 'gen_hidden_resi_blocks[5].hidden_layer/gen_ring_banks[3].ring_bank1/gen_sram_32x256.u_ring_sram/dout0[8]' has no loads. (LINT-2)
Warning: In design 'tcn_block', net 'gen_hidden_resi_blocks[5].hidden_layer/gen_ring_banks[3].ring_bank1/sram_dout0[9]' driven by pin 'gen_hidden_resi_blocks[5].hidden_layer/gen_ring_banks[3].ring_bank1/gen_sram_32x256.u_ring_sram/dout0[9]' has no loads. (LINT-2)
Warning: In design 'tcn_block', net 'gen_hidden_resi_blocks[5].hidden_layer/gen_ring_banks[3].ring_bank1/sram_dout0[10]' driven by pin 'gen_hidden_resi_blocks[5].hidden_layer/gen_ring_banks[3].ring_bank1/gen_sram_32x256.u_ring_sram/dout0[10]' has no loads. (LINT-2)
Warning: In design 'tcn_block', net 'gen_hidden_resi_blocks[5].hidden_layer/gen_ring_banks[3].ring_bank1/sram_dout0[11]' driven by pin 'gen_hidden_resi_blocks[5].hidden_layer/gen_ring_banks[3].ring_bank1/gen_sram_32x256.u_ring_sram/dout0[11]' has no loads. (LINT-2)
Warning: In design 'tcn_block', net 'gen_hidden_resi_blocks[5].hidden_layer/gen_ring_banks[3].ring_bank1/sram_dout0[12]' driven by pin 'gen_hidden_resi_blocks[5].hidden_layer/gen_ring_banks[3].ring_bank1/gen_sram_32x256.u_ring_sram/dout0[12]' has no loads. (LINT-2)
Warning: In design 'tcn_block', net 'gen_hidden_resi_blocks[5].hidden_layer/gen_ring_banks[3].ring_bank1/sram_dout0[13]' driven by pin 'gen_hidden_resi_blocks[5].hidden_layer/gen_ring_banks[3].ring_bank1/gen_sram_32x256.u_ring_sram/dout0[13]' has no loads. (LINT-2)
Warning: In design 'tcn_block', net 'gen_hidden_resi_blocks[5].hidden_layer/gen_ring_banks[3].ring_bank1/sram_dout0[14]' driven by pin 'gen_hidden_resi_blocks[5].hidden_layer/gen_ring_banks[3].ring_bank1/gen_sram_32x256.u_ring_sram/dout0[14]' has no loads. (LINT-2)
Warning: In design 'tcn_block', net 'gen_hidden_resi_blocks[5].hidden_layer/gen_ring_banks[3].ring_bank1/sram_dout0[15]' driven by pin 'gen_hidden_resi_blocks[5].hidden_layer/gen_ring_banks[3].ring_bank1/gen_sram_32x256.u_ring_sram/dout0[15]' has no loads. (LINT-2)
Warning: In design 'tcn_block', net 'gen_hidden_resi_blocks[5].hidden_layer/gen_ring_banks[3].ring_bank1/sram_dout0[16]' driven by pin 'gen_hidden_resi_blocks[5].hidden_layer/gen_ring_banks[3].ring_bank1/gen_sram_32x256.u_ring_sram/dout0[16]' has no loads. (LINT-2)
Warning: In design 'tcn_block', net 'gen_hidden_resi_blocks[5].hidden_layer/gen_ring_banks[3].ring_bank1/sram_dout0[17]' driven by pin 'gen_hidden_resi_blocks[5].hidden_layer/gen_ring_banks[3].ring_bank1/gen_sram_32x256.u_ring_sram/dout0[17]' has no loads. (LINT-2)
Warning: In design 'tcn_block', net 'gen_hidden_resi_blocks[5].hidden_layer/gen_ring_banks[3].ring_bank1/sram_dout0[18]' driven by pin 'gen_hidden_resi_blocks[5].hidden_layer/gen_ring_banks[3].ring_bank1/gen_sram_32x256.u_ring_sram/dout0[18]' has no loads. (LINT-2)
Warning: In design 'tcn_block', net 'gen_hidden_resi_blocks[5].hidden_layer/gen_ring_banks[3].ring_bank1/sram_dout0[19]' driven by pin 'gen_hidden_resi_blocks[5].hidden_layer/gen_ring_banks[3].ring_bank1/gen_sram_32x256.u_ring_sram/dout0[19]' has no loads. (LINT-2)
Warning: In design 'tcn_block', net 'gen_hidden_resi_blocks[5].hidden_layer/gen_ring_banks[3].ring_bank1/sram_dout0[20]' driven by pin 'gen_hidden_resi_blocks[5].hidden_layer/gen_ring_banks[3].ring_bank1/gen_sram_32x256.u_ring_sram/dout0[20]' has no loads. (LINT-2)
Warning: In design 'tcn_block', net 'gen_hidden_resi_blocks[5].hidden_layer/gen_ring_banks[3].ring_bank1/sram_dout0[21]' driven by pin 'gen_hidden_resi_blocks[5].hidden_layer/gen_ring_banks[3].ring_bank1/gen_sram_32x256.u_ring_sram/dout0[21]' has no loads. (LINT-2)
Warning: In design 'tcn_block', net 'gen_hidden_resi_blocks[5].hidden_layer/gen_ring_banks[3].ring_bank1/sram_dout0[22]' driven by pin 'gen_hidden_resi_blocks[5].hidden_layer/gen_ring_banks[3].ring_bank1/gen_sram_32x256.u_ring_sram/dout0[22]' has no loads. (LINT-2)
Warning: In design 'tcn_block', net 'gen_hidden_resi_blocks[5].hidden_layer/gen_ring_banks[3].ring_bank1/sram_dout0[23]' driven by pin 'gen_hidden_resi_blocks[5].hidden_layer/gen_ring_banks[3].ring_bank1/gen_sram_32x256.u_ring_sram/dout0[23]' has no loads. (LINT-2)
Warning: In design 'tcn_block', net 'gen_hidden_resi_blocks[5].hidden_layer/gen_ring_banks[3].ring_bank1/sram_dout0[24]' driven by pin 'gen_hidden_resi_blocks[5].hidden_layer/gen_ring_banks[3].ring_bank1/gen_sram_32x256.u_ring_sram/dout0[24]' has no loads. (LINT-2)
Warning: In design 'tcn_block', net 'gen_hidden_resi_blocks[5].hidden_layer/gen_ring_banks[3].ring_bank1/sram_dout0[25]' driven by pin 'gen_hidden_resi_blocks[5].hidden_layer/gen_ring_banks[3].ring_bank1/gen_sram_32x256.u_ring_sram/dout0[25]' has no loads. (LINT-2)
Warning: In design 'tcn_block', net 'gen_hidden_resi_blocks[5].hidden_layer/gen_ring_banks[3].ring_bank1/sram_dout0[26]' driven by pin 'gen_hidden_resi_blocks[5].hidden_layer/gen_ring_banks[3].ring_bank1/gen_sram_32x256.u_ring_sram/dout0[26]' has no loads. (LINT-2)
Warning: In design 'tcn_block', net 'gen_hidden_resi_blocks[5].hidden_layer/gen_ring_banks[3].ring_bank1/sram_dout0[27]' driven by pin 'gen_hidden_resi_blocks[5].hidden_layer/gen_ring_banks[3].ring_bank1/gen_sram_32x256.u_ring_sram/dout0[27]' has no loads. (LINT-2)
Warning: In design 'tcn_block', net 'gen_hidden_resi_blocks[5].hidden_layer/gen_ring_banks[3].ring_bank1/sram_dout0[28]' driven by pin 'gen_hidden_resi_blocks[5].hidden_layer/gen_ring_banks[3].ring_bank1/gen_sram_32x256.u_ring_sram/dout0[28]' has no loads. (LINT-2)
Warning: In design 'tcn_block', net 'gen_hidden_resi_blocks[5].hidden_layer/gen_ring_banks[3].ring_bank1/sram_dout0[29]' driven by pin 'gen_hidden_resi_blocks[5].hidden_layer/gen_ring_banks[3].ring_bank1/gen_sram_32x256.u_ring_sram/dout0[29]' has no loads. (LINT-2)
Warning: In design 'tcn_block', net 'gen_hidden_resi_blocks[5].hidden_layer/gen_ring_banks[3].ring_bank1/sram_dout0[30]' driven by pin 'gen_hidden_resi_blocks[5].hidden_layer/gen_ring_banks[3].ring_bank1/gen_sram_32x256.u_ring_sram/dout0[30]' has no loads. (LINT-2)
Warning: In design 'tcn_block', net 'gen_hidden_resi_blocks[5].hidden_layer/gen_ring_banks[3].ring_bank1/sram_dout0[31]' driven by pin 'gen_hidden_resi_blocks[5].hidden_layer/gen_ring_banks[3].ring_bank1/gen_sram_32x256.u_ring_sram/dout0[31]' has no loads. (LINT-2)
Warning: In design 'tcn_block', net 'gen_hidden_resi_blocks[5].hidden_layer/gen_ring_banks[3].ring_bank2/sram_dout0[0]' driven by pin 'gen_hidden_resi_blocks[5].hidden_layer/gen_ring_banks[3].ring_bank2/gen_sram_32x256.u_ring_sram/dout0[0]' has no loads. (LINT-2)
Warning: In design 'tcn_block', net 'gen_hidden_resi_blocks[5].hidden_layer/gen_ring_banks[3].ring_bank2/sram_dout0[1]' driven by pin 'gen_hidden_resi_blocks[5].hidden_layer/gen_ring_banks[3].ring_bank2/gen_sram_32x256.u_ring_sram/dout0[1]' has no loads. (LINT-2)
Warning: In design 'tcn_block', net 'gen_hidden_resi_blocks[5].hidden_layer/gen_ring_banks[3].ring_bank2/sram_dout0[2]' driven by pin 'gen_hidden_resi_blocks[5].hidden_layer/gen_ring_banks[3].ring_bank2/gen_sram_32x256.u_ring_sram/dout0[2]' has no loads. (LINT-2)
Warning: In design 'tcn_block', net 'gen_hidden_resi_blocks[5].hidden_layer/gen_ring_banks[3].ring_bank2/sram_dout0[3]' driven by pin 'gen_hidden_resi_blocks[5].hidden_layer/gen_ring_banks[3].ring_bank2/gen_sram_32x256.u_ring_sram/dout0[3]' has no loads. (LINT-2)
Warning: In design 'tcn_block', net 'gen_hidden_resi_blocks[5].hidden_layer/gen_ring_banks[3].ring_bank2/sram_dout0[4]' driven by pin 'gen_hidden_resi_blocks[5].hidden_layer/gen_ring_banks[3].ring_bank2/gen_sram_32x256.u_ring_sram/dout0[4]' has no loads. (LINT-2)
Warning: In design 'tcn_block', net 'gen_hidden_resi_blocks[5].hidden_layer/gen_ring_banks[3].ring_bank2/sram_dout0[5]' driven by pin 'gen_hidden_resi_blocks[5].hidden_layer/gen_ring_banks[3].ring_bank2/gen_sram_32x256.u_ring_sram/dout0[5]' has no loads. (LINT-2)
Warning: In design 'tcn_block', net 'gen_hidden_resi_blocks[5].hidden_layer/gen_ring_banks[3].ring_bank2/sram_dout0[6]' driven by pin 'gen_hidden_resi_blocks[5].hidden_layer/gen_ring_banks[3].ring_bank2/gen_sram_32x256.u_ring_sram/dout0[6]' has no loads. (LINT-2)
Warning: In design 'tcn_block', net 'gen_hidden_resi_blocks[5].hidden_layer/gen_ring_banks[3].ring_bank2/sram_dout0[7]' driven by pin 'gen_hidden_resi_blocks[5].hidden_layer/gen_ring_banks[3].ring_bank2/gen_sram_32x256.u_ring_sram/dout0[7]' has no loads. (LINT-2)
Warning: In design 'tcn_block', net 'gen_hidden_resi_blocks[5].hidden_layer/gen_ring_banks[3].ring_bank2/sram_dout0[8]' driven by pin 'gen_hidden_resi_blocks[5].hidden_layer/gen_ring_banks[3].ring_bank2/gen_sram_32x256.u_ring_sram/dout0[8]' has no loads. (LINT-2)
Warning: In design 'tcn_block', net 'gen_hidden_resi_blocks[5].hidden_layer/gen_ring_banks[3].ring_bank2/sram_dout0[9]' driven by pin 'gen_hidden_resi_blocks[5].hidden_layer/gen_ring_banks[3].ring_bank2/gen_sram_32x256.u_ring_sram/dout0[9]' has no loads. (LINT-2)
Warning: In design 'tcn_block', net 'gen_hidden_resi_blocks[5].hidden_layer/gen_ring_banks[3].ring_bank2/sram_dout0[10]' driven by pin 'gen_hidden_resi_blocks[5].hidden_layer/gen_ring_banks[3].ring_bank2/gen_sram_32x256.u_ring_sram/dout0[10]' has no loads. (LINT-2)
Warning: In design 'tcn_block', net 'gen_hidden_resi_blocks[5].hidden_layer/gen_ring_banks[3].ring_bank2/sram_dout0[11]' driven by pin 'gen_hidden_resi_blocks[5].hidden_layer/gen_ring_banks[3].ring_bank2/gen_sram_32x256.u_ring_sram/dout0[11]' has no loads. (LINT-2)
Warning: In design 'tcn_block', net 'gen_hidden_resi_blocks[5].hidden_layer/gen_ring_banks[3].ring_bank2/sram_dout0[12]' driven by pin 'gen_hidden_resi_blocks[5].hidden_layer/gen_ring_banks[3].ring_bank2/gen_sram_32x256.u_ring_sram/dout0[12]' has no loads. (LINT-2)
Warning: In design 'tcn_block', net 'gen_hidden_resi_blocks[5].hidden_layer/gen_ring_banks[3].ring_bank2/sram_dout0[13]' driven by pin 'gen_hidden_resi_blocks[5].hidden_layer/gen_ring_banks[3].ring_bank2/gen_sram_32x256.u_ring_sram/dout0[13]' has no loads. (LINT-2)
Warning: In design 'tcn_block', net 'gen_hidden_resi_blocks[5].hidden_layer/gen_ring_banks[3].ring_bank2/sram_dout0[14]' driven by pin 'gen_hidden_resi_blocks[5].hidden_layer/gen_ring_banks[3].ring_bank2/gen_sram_32x256.u_ring_sram/dout0[14]' has no loads. (LINT-2)
Warning: In design 'tcn_block', net 'gen_hidden_resi_blocks[5].hidden_layer/gen_ring_banks[3].ring_bank2/sram_dout0[15]' driven by pin 'gen_hidden_resi_blocks[5].hidden_layer/gen_ring_banks[3].ring_bank2/gen_sram_32x256.u_ring_sram/dout0[15]' has no loads. (LINT-2)
Warning: In design 'tcn_block', net 'gen_hidden_resi_blocks[5].hidden_layer/gen_ring_banks[3].ring_bank2/sram_dout0[16]' driven by pin 'gen_hidden_resi_blocks[5].hidden_layer/gen_ring_banks[3].ring_bank2/gen_sram_32x256.u_ring_sram/dout0[16]' has no loads. (LINT-2)
Warning: In design 'tcn_block', net 'gen_hidden_resi_blocks[5].hidden_layer/gen_ring_banks[3].ring_bank2/sram_dout0[17]' driven by pin 'gen_hidden_resi_blocks[5].hidden_layer/gen_ring_banks[3].ring_bank2/gen_sram_32x256.u_ring_sram/dout0[17]' has no loads. (LINT-2)
Warning: In design 'tcn_block', net 'gen_hidden_resi_blocks[5].hidden_layer/gen_ring_banks[3].ring_bank2/sram_dout0[18]' driven by pin 'gen_hidden_resi_blocks[5].hidden_layer/gen_ring_banks[3].ring_bank2/gen_sram_32x256.u_ring_sram/dout0[18]' has no loads. (LINT-2)
Warning: In design 'tcn_block', net 'gen_hidden_resi_blocks[5].hidden_layer/gen_ring_banks[3].ring_bank2/sram_dout0[19]' driven by pin 'gen_hidden_resi_blocks[5].hidden_layer/gen_ring_banks[3].ring_bank2/gen_sram_32x256.u_ring_sram/dout0[19]' has no loads. (LINT-2)
Warning: In design 'tcn_block', net 'gen_hidden_resi_blocks[5].hidden_layer/gen_ring_banks[3].ring_bank2/sram_dout0[20]' driven by pin 'gen_hidden_resi_blocks[5].hidden_layer/gen_ring_banks[3].ring_bank2/gen_sram_32x256.u_ring_sram/dout0[20]' has no loads. (LINT-2)
Warning: In design 'tcn_block', net 'gen_hidden_resi_blocks[5].hidden_layer/gen_ring_banks[3].ring_bank2/sram_dout0[21]' driven by pin 'gen_hidden_resi_blocks[5].hidden_layer/gen_ring_banks[3].ring_bank2/gen_sram_32x256.u_ring_sram/dout0[21]' has no loads. (LINT-2)
Warning: In design 'tcn_block', net 'gen_hidden_resi_blocks[5].hidden_layer/gen_ring_banks[3].ring_bank2/sram_dout0[22]' driven by pin 'gen_hidden_resi_blocks[5].hidden_layer/gen_ring_banks[3].ring_bank2/gen_sram_32x256.u_ring_sram/dout0[22]' has no loads. (LINT-2)
Warning: In design 'tcn_block', net 'gen_hidden_resi_blocks[5].hidden_layer/gen_ring_banks[3].ring_bank2/sram_dout0[23]' driven by pin 'gen_hidden_resi_blocks[5].hidden_layer/gen_ring_banks[3].ring_bank2/gen_sram_32x256.u_ring_sram/dout0[23]' has no loads. (LINT-2)
Warning: In design 'tcn_block', net 'gen_hidden_resi_blocks[5].hidden_layer/gen_ring_banks[3].ring_bank2/sram_dout0[24]' driven by pin 'gen_hidden_resi_blocks[5].hidden_layer/gen_ring_banks[3].ring_bank2/gen_sram_32x256.u_ring_sram/dout0[24]' has no loads. (LINT-2)
Warning: In design 'tcn_block', net 'gen_hidden_resi_blocks[5].hidden_layer/gen_ring_banks[3].ring_bank2/sram_dout0[25]' driven by pin 'gen_hidden_resi_blocks[5].hidden_layer/gen_ring_banks[3].ring_bank2/gen_sram_32x256.u_ring_sram/dout0[25]' has no loads. (LINT-2)
Warning: In design 'tcn_block', net 'gen_hidden_resi_blocks[5].hidden_layer/gen_ring_banks[3].ring_bank2/sram_dout0[26]' driven by pin 'gen_hidden_resi_blocks[5].hidden_layer/gen_ring_banks[3].ring_bank2/gen_sram_32x256.u_ring_sram/dout0[26]' has no loads. (LINT-2)
Warning: In design 'tcn_block', net 'gen_hidden_resi_blocks[5].hidden_layer/gen_ring_banks[3].ring_bank2/sram_dout0[27]' driven by pin 'gen_hidden_resi_blocks[5].hidden_layer/gen_ring_banks[3].ring_bank2/gen_sram_32x256.u_ring_sram/dout0[27]' has no loads. (LINT-2)
Warning: In design 'tcn_block', net 'gen_hidden_resi_blocks[5].hidden_layer/gen_ring_banks[3].ring_bank2/sram_dout0[28]' driven by pin 'gen_hidden_resi_blocks[5].hidden_layer/gen_ring_banks[3].ring_bank2/gen_sram_32x256.u_ring_sram/dout0[28]' has no loads. (LINT-2)
Warning: In design 'tcn_block', net 'gen_hidden_resi_blocks[5].hidden_layer/gen_ring_banks[3].ring_bank2/sram_dout0[29]' driven by pin 'gen_hidden_resi_blocks[5].hidden_layer/gen_ring_banks[3].ring_bank2/gen_sram_32x256.u_ring_sram/dout0[29]' has no loads. (LINT-2)
Warning: In design 'tcn_block', net 'gen_hidden_resi_blocks[5].hidden_layer/gen_ring_banks[3].ring_bank2/sram_dout0[30]' driven by pin 'gen_hidden_resi_blocks[5].hidden_layer/gen_ring_banks[3].ring_bank2/gen_sram_32x256.u_ring_sram/dout0[30]' has no loads. (LINT-2)
Warning: In design 'tcn_block', net 'gen_hidden_resi_blocks[5].hidden_layer/gen_ring_banks[3].ring_bank2/sram_dout0[31]' driven by pin 'gen_hidden_resi_blocks[5].hidden_layer/gen_ring_banks[3].ring_bank2/gen_sram_32x256.u_ring_sram/dout0[31]' has no loads. (LINT-2)
Warning: In design 'tcn_block', net 'input_layer/gen_input_ring_banks[0].ring_bank1/sram_dout0[0]' driven by pin 'input_layer/gen_input_ring_banks[0].ring_bank1/gen_sram_32x16.u_ring_sram/dout0[0]' has no loads. (LINT-2)
Warning: In design 'tcn_block', net 'input_layer/gen_input_ring_banks[0].ring_bank1/sram_dout0[1]' driven by pin 'input_layer/gen_input_ring_banks[0].ring_bank1/gen_sram_32x16.u_ring_sram/dout0[1]' has no loads. (LINT-2)
Warning: In design 'tcn_block', net 'input_layer/gen_input_ring_banks[0].ring_bank1/sram_dout0[2]' driven by pin 'input_layer/gen_input_ring_banks[0].ring_bank1/gen_sram_32x16.u_ring_sram/dout0[2]' has no loads. (LINT-2)
Warning: In design 'tcn_block', net 'input_layer/gen_input_ring_banks[0].ring_bank1/sram_dout0[3]' driven by pin 'input_layer/gen_input_ring_banks[0].ring_bank1/gen_sram_32x16.u_ring_sram/dout0[3]' has no loads. (LINT-2)
Warning: In design 'tcn_block', net 'input_layer/gen_input_ring_banks[0].ring_bank1/sram_dout0[4]' driven by pin 'input_layer/gen_input_ring_banks[0].ring_bank1/gen_sram_32x16.u_ring_sram/dout0[4]' has no loads. (LINT-2)
Warning: In design 'tcn_block', net 'input_layer/gen_input_ring_banks[0].ring_bank1/sram_dout0[5]' driven by pin 'input_layer/gen_input_ring_banks[0].ring_bank1/gen_sram_32x16.u_ring_sram/dout0[5]' has no loads. (LINT-2)
Warning: In design 'tcn_block', net 'input_layer/gen_input_ring_banks[0].ring_bank1/sram_dout0[6]' driven by pin 'input_layer/gen_input_ring_banks[0].ring_bank1/gen_sram_32x16.u_ring_sram/dout0[6]' has no loads. (LINT-2)
Warning: In design 'tcn_block', net 'input_layer/gen_input_ring_banks[0].ring_bank1/sram_dout0[7]' driven by pin 'input_layer/gen_input_ring_banks[0].ring_bank1/gen_sram_32x16.u_ring_sram/dout0[7]' has no loads. (LINT-2)
Warning: In design 'tcn_block', net 'input_layer/gen_input_ring_banks[0].ring_bank1/sram_dout0[8]' driven by pin 'input_layer/gen_input_ring_banks[0].ring_bank1/gen_sram_32x16.u_ring_sram/dout0[8]' has no loads. (LINT-2)
Warning: In design 'tcn_block', net 'input_layer/gen_input_ring_banks[0].ring_bank1/sram_dout0[9]' driven by pin 'input_layer/gen_input_ring_banks[0].ring_bank1/gen_sram_32x16.u_ring_sram/dout0[9]' has no loads. (LINT-2)
Warning: In design 'tcn_block', net 'input_layer/gen_input_ring_banks[0].ring_bank1/sram_dout0[10]' driven by pin 'input_layer/gen_input_ring_banks[0].ring_bank1/gen_sram_32x16.u_ring_sram/dout0[10]' has no loads. (LINT-2)
Warning: In design 'tcn_block', net 'input_layer/gen_input_ring_banks[0].ring_bank1/sram_dout0[11]' driven by pin 'input_layer/gen_input_ring_banks[0].ring_bank1/gen_sram_32x16.u_ring_sram/dout0[11]' has no loads. (LINT-2)
Warning: In design 'tcn_block', net 'input_layer/gen_input_ring_banks[0].ring_bank1/sram_dout0[12]' driven by pin 'input_layer/gen_input_ring_banks[0].ring_bank1/gen_sram_32x16.u_ring_sram/dout0[12]' has no loads. (LINT-2)
Warning: In design 'tcn_block', net 'input_layer/gen_input_ring_banks[0].ring_bank1/sram_dout0[13]' driven by pin 'input_layer/gen_input_ring_banks[0].ring_bank1/gen_sram_32x16.u_ring_sram/dout0[13]' has no loads. (LINT-2)
Warning: In design 'tcn_block', net 'input_layer/gen_input_ring_banks[0].ring_bank1/sram_dout0[14]' driven by pin 'input_layer/gen_input_ring_banks[0].ring_bank1/gen_sram_32x16.u_ring_sram/dout0[14]' has no loads. (LINT-2)
Warning: In design 'tcn_block', net 'input_layer/gen_input_ring_banks[0].ring_bank1/sram_dout0[15]' driven by pin 'input_layer/gen_input_ring_banks[0].ring_bank1/gen_sram_32x16.u_ring_sram/dout0[15]' has no loads. (LINT-2)
Warning: In design 'tcn_block', net 'input_layer/gen_input_ring_banks[0].ring_bank1/sram_dout0[16]' driven by pin 'input_layer/gen_input_ring_banks[0].ring_bank1/gen_sram_32x16.u_ring_sram/dout0[16]' has no loads. (LINT-2)
Warning: In design 'tcn_block', net 'input_layer/gen_input_ring_banks[0].ring_bank1/sram_dout0[17]' driven by pin 'input_layer/gen_input_ring_banks[0].ring_bank1/gen_sram_32x16.u_ring_sram/dout0[17]' has no loads. (LINT-2)
Warning: In design 'tcn_block', net 'input_layer/gen_input_ring_banks[0].ring_bank1/sram_dout0[18]' driven by pin 'input_layer/gen_input_ring_banks[0].ring_bank1/gen_sram_32x16.u_ring_sram/dout0[18]' has no loads. (LINT-2)
Warning: In design 'tcn_block', net 'input_layer/gen_input_ring_banks[0].ring_bank1/sram_dout0[19]' driven by pin 'input_layer/gen_input_ring_banks[0].ring_bank1/gen_sram_32x16.u_ring_sram/dout0[19]' has no loads. (LINT-2)
Warning: In design 'tcn_block', net 'input_layer/gen_input_ring_banks[0].ring_bank1/sram_dout0[20]' driven by pin 'input_layer/gen_input_ring_banks[0].ring_bank1/gen_sram_32x16.u_ring_sram/dout0[20]' has no loads. (LINT-2)
Warning: In design 'tcn_block', net 'input_layer/gen_input_ring_banks[0].ring_bank1/sram_dout0[21]' driven by pin 'input_layer/gen_input_ring_banks[0].ring_bank1/gen_sram_32x16.u_ring_sram/dout0[21]' has no loads. (LINT-2)
Warning: In design 'tcn_block', net 'input_layer/gen_input_ring_banks[0].ring_bank1/sram_dout0[22]' driven by pin 'input_layer/gen_input_ring_banks[0].ring_bank1/gen_sram_32x16.u_ring_sram/dout0[22]' has no loads. (LINT-2)
Warning: In design 'tcn_block', net 'input_layer/gen_input_ring_banks[0].ring_bank1/sram_dout0[23]' driven by pin 'input_layer/gen_input_ring_banks[0].ring_bank1/gen_sram_32x16.u_ring_sram/dout0[23]' has no loads. (LINT-2)
Warning: In design 'tcn_block', net 'input_layer/gen_input_ring_banks[0].ring_bank1/sram_dout0[24]' driven by pin 'input_layer/gen_input_ring_banks[0].ring_bank1/gen_sram_32x16.u_ring_sram/dout0[24]' has no loads. (LINT-2)
Warning: In design 'tcn_block', net 'input_layer/gen_input_ring_banks[0].ring_bank1/sram_dout0[25]' driven by pin 'input_layer/gen_input_ring_banks[0].ring_bank1/gen_sram_32x16.u_ring_sram/dout0[25]' has no loads. (LINT-2)
Warning: In design 'tcn_block', net 'input_layer/gen_input_ring_banks[0].ring_bank1/sram_dout0[26]' driven by pin 'input_layer/gen_input_ring_banks[0].ring_bank1/gen_sram_32x16.u_ring_sram/dout0[26]' has no loads. (LINT-2)
Warning: In design 'tcn_block', net 'input_layer/gen_input_ring_banks[0].ring_bank1/sram_dout0[27]' driven by pin 'input_layer/gen_input_ring_banks[0].ring_bank1/gen_sram_32x16.u_ring_sram/dout0[27]' has no loads. (LINT-2)
Warning: In design 'tcn_block', net 'input_layer/gen_input_ring_banks[0].ring_bank1/sram_dout0[28]' driven by pin 'input_layer/gen_input_ring_banks[0].ring_bank1/gen_sram_32x16.u_ring_sram/dout0[28]' has no loads. (LINT-2)
Warning: In design 'tcn_block', net 'input_layer/gen_input_ring_banks[0].ring_bank1/sram_dout0[29]' driven by pin 'input_layer/gen_input_ring_banks[0].ring_bank1/gen_sram_32x16.u_ring_sram/dout0[29]' has no loads. (LINT-2)
Warning: In design 'tcn_block', net 'input_layer/gen_input_ring_banks[0].ring_bank1/sram_dout0[30]' driven by pin 'input_layer/gen_input_ring_banks[0].ring_bank1/gen_sram_32x16.u_ring_sram/dout0[30]' has no loads. (LINT-2)
Warning: In design 'tcn_block', net 'input_layer/gen_input_ring_banks[0].ring_bank1/sram_dout0[31]' driven by pin 'input_layer/gen_input_ring_banks[0].ring_bank1/gen_sram_32x16.u_ring_sram/dout0[31]' has no loads. (LINT-2)
Warning: In design 'tcn_block', net 'gen_hidden_resi_blocks[0].hidden_layer/gen_ring_banks[0].ring_bank1/sram_dout0[0]' driven by pin 'gen_hidden_resi_blocks[0].hidden_layer/gen_ring_banks[0].ring_bank1/gen_sram_32x16.u_ring_sram/dout0[0]' has no loads. (LINT-2)
Warning: In design 'tcn_block', net 'gen_hidden_resi_blocks[0].hidden_layer/gen_ring_banks[0].ring_bank1/sram_dout0[1]' driven by pin 'gen_hidden_resi_blocks[0].hidden_layer/gen_ring_banks[0].ring_bank1/gen_sram_32x16.u_ring_sram/dout0[1]' has no loads. (LINT-2)
Warning: In design 'tcn_block', net 'gen_hidden_resi_blocks[0].hidden_layer/gen_ring_banks[0].ring_bank1/sram_dout0[2]' driven by pin 'gen_hidden_resi_blocks[0].hidden_layer/gen_ring_banks[0].ring_bank1/gen_sram_32x16.u_ring_sram/dout0[2]' has no loads. (LINT-2)
Warning: In design 'tcn_block', net 'gen_hidden_resi_blocks[0].hidden_layer/gen_ring_banks[0].ring_bank1/sram_dout0[3]' driven by pin 'gen_hidden_resi_blocks[0].hidden_layer/gen_ring_banks[0].ring_bank1/gen_sram_32x16.u_ring_sram/dout0[3]' has no loads. (LINT-2)
Warning: In design 'tcn_block', net 'gen_hidden_resi_blocks[0].hidden_layer/gen_ring_banks[0].ring_bank1/sram_dout0[4]' driven by pin 'gen_hidden_resi_blocks[0].hidden_layer/gen_ring_banks[0].ring_bank1/gen_sram_32x16.u_ring_sram/dout0[4]' has no loads. (LINT-2)
Warning: In design 'tcn_block', net 'gen_hidden_resi_blocks[0].hidden_layer/gen_ring_banks[0].ring_bank1/sram_dout0[5]' driven by pin 'gen_hidden_resi_blocks[0].hidden_layer/gen_ring_banks[0].ring_bank1/gen_sram_32x16.u_ring_sram/dout0[5]' has no loads. (LINT-2)
Warning: In design 'tcn_block', net 'gen_hidden_resi_blocks[0].hidden_layer/gen_ring_banks[0].ring_bank1/sram_dout0[6]' driven by pin 'gen_hidden_resi_blocks[0].hidden_layer/gen_ring_banks[0].ring_bank1/gen_sram_32x16.u_ring_sram/dout0[6]' has no loads. (LINT-2)
Warning: In design 'tcn_block', net 'gen_hidden_resi_blocks[0].hidden_layer/gen_ring_banks[0].ring_bank1/sram_dout0[7]' driven by pin 'gen_hidden_resi_blocks[0].hidden_layer/gen_ring_banks[0].ring_bank1/gen_sram_32x16.u_ring_sram/dout0[7]' has no loads. (LINT-2)
Warning: In design 'tcn_block', net 'gen_hidden_resi_blocks[0].hidden_layer/gen_ring_banks[0].ring_bank1/sram_dout0[8]' driven by pin 'gen_hidden_resi_blocks[0].hidden_layer/gen_ring_banks[0].ring_bank1/gen_sram_32x16.u_ring_sram/dout0[8]' has no loads. (LINT-2)
Warning: In design 'tcn_block', net 'gen_hidden_resi_blocks[0].hidden_layer/gen_ring_banks[0].ring_bank1/sram_dout0[9]' driven by pin 'gen_hidden_resi_blocks[0].hidden_layer/gen_ring_banks[0].ring_bank1/gen_sram_32x16.u_ring_sram/dout0[9]' has no loads. (LINT-2)
Warning: In design 'tcn_block', net 'gen_hidden_resi_blocks[0].hidden_layer/gen_ring_banks[0].ring_bank1/sram_dout0[10]' driven by pin 'gen_hidden_resi_blocks[0].hidden_layer/gen_ring_banks[0].ring_bank1/gen_sram_32x16.u_ring_sram/dout0[10]' has no loads. (LINT-2)
Warning: In design 'tcn_block', net 'gen_hidden_resi_blocks[0].hidden_layer/gen_ring_banks[0].ring_bank1/sram_dout0[11]' driven by pin 'gen_hidden_resi_blocks[0].hidden_layer/gen_ring_banks[0].ring_bank1/gen_sram_32x16.u_ring_sram/dout0[11]' has no loads. (LINT-2)
Warning: In design 'tcn_block', net 'gen_hidden_resi_blocks[0].hidden_layer/gen_ring_banks[0].ring_bank1/sram_dout0[12]' driven by pin 'gen_hidden_resi_blocks[0].hidden_layer/gen_ring_banks[0].ring_bank1/gen_sram_32x16.u_ring_sram/dout0[12]' has no loads. (LINT-2)
Warning: In design 'tcn_block', net 'gen_hidden_resi_blocks[0].hidden_layer/gen_ring_banks[0].ring_bank1/sram_dout0[13]' driven by pin 'gen_hidden_resi_blocks[0].hidden_layer/gen_ring_banks[0].ring_bank1/gen_sram_32x16.u_ring_sram/dout0[13]' has no loads. (LINT-2)
Warning: In design 'tcn_block', net 'gen_hidden_resi_blocks[0].hidden_layer/gen_ring_banks[0].ring_bank1/sram_dout0[14]' driven by pin 'gen_hidden_resi_blocks[0].hidden_layer/gen_ring_banks[0].ring_bank1/gen_sram_32x16.u_ring_sram/dout0[14]' has no loads. (LINT-2)
Warning: In design 'tcn_block', net 'gen_hidden_resi_blocks[0].hidden_layer/gen_ring_banks[0].ring_bank1/sram_dout0[15]' driven by pin 'gen_hidden_resi_blocks[0].hidden_layer/gen_ring_banks[0].ring_bank1/gen_sram_32x16.u_ring_sram/dout0[15]' has no loads. (LINT-2)
Warning: In design 'tcn_block', net 'gen_hidden_resi_blocks[0].hidden_layer/gen_ring_banks[0].ring_bank1/sram_dout0[16]' driven by pin 'gen_hidden_resi_blocks[0].hidden_layer/gen_ring_banks[0].ring_bank1/gen_sram_32x16.u_ring_sram/dout0[16]' has no loads. (LINT-2)
Warning: In design 'tcn_block', net 'gen_hidden_resi_blocks[0].hidden_layer/gen_ring_banks[0].ring_bank1/sram_dout0[17]' driven by pin 'gen_hidden_resi_blocks[0].hidden_layer/gen_ring_banks[0].ring_bank1/gen_sram_32x16.u_ring_sram/dout0[17]' has no loads. (LINT-2)
Warning: In design 'tcn_block', net 'gen_hidden_resi_blocks[0].hidden_layer/gen_ring_banks[0].ring_bank1/sram_dout0[18]' driven by pin 'gen_hidden_resi_blocks[0].hidden_layer/gen_ring_banks[0].ring_bank1/gen_sram_32x16.u_ring_sram/dout0[18]' has no loads. (LINT-2)
Warning: In design 'tcn_block', net 'gen_hidden_resi_blocks[0].hidden_layer/gen_ring_banks[0].ring_bank1/sram_dout0[19]' driven by pin 'gen_hidden_resi_blocks[0].hidden_layer/gen_ring_banks[0].ring_bank1/gen_sram_32x16.u_ring_sram/dout0[19]' has no loads. (LINT-2)
Warning: In design 'tcn_block', net 'gen_hidden_resi_blocks[0].hidden_layer/gen_ring_banks[0].ring_bank1/sram_dout0[20]' driven by pin 'gen_hidden_resi_blocks[0].hidden_layer/gen_ring_banks[0].ring_bank1/gen_sram_32x16.u_ring_sram/dout0[20]' has no loads. (LINT-2)
Warning: In design 'tcn_block', net 'gen_hidden_resi_blocks[0].hidden_layer/gen_ring_banks[0].ring_bank1/sram_dout0[21]' driven by pin 'gen_hidden_resi_blocks[0].hidden_layer/gen_ring_banks[0].ring_bank1/gen_sram_32x16.u_ring_sram/dout0[21]' has no loads. (LINT-2)
Warning: In design 'tcn_block', net 'gen_hidden_resi_blocks[0].hidden_layer/gen_ring_banks[0].ring_bank1/sram_dout0[22]' driven by pin 'gen_hidden_resi_blocks[0].hidden_layer/gen_ring_banks[0].ring_bank1/gen_sram_32x16.u_ring_sram/dout0[22]' has no loads. (LINT-2)
Warning: In design 'tcn_block', net 'gen_hidden_resi_blocks[0].hidden_layer/gen_ring_banks[0].ring_bank1/sram_dout0[23]' driven by pin 'gen_hidden_resi_blocks[0].hidden_layer/gen_ring_banks[0].ring_bank1/gen_sram_32x16.u_ring_sram/dout0[23]' has no loads. (LINT-2)
Warning: In design 'tcn_block', net 'gen_hidden_resi_blocks[0].hidden_layer/gen_ring_banks[0].ring_bank1/sram_dout0[24]' driven by pin 'gen_hidden_resi_blocks[0].hidden_layer/gen_ring_banks[0].ring_bank1/gen_sram_32x16.u_ring_sram/dout0[24]' has no loads. (LINT-2)
Warning: In design 'tcn_block', net 'gen_hidden_resi_blocks[0].hidden_layer/gen_ring_banks[0].ring_bank1/sram_dout0[25]' driven by pin 'gen_hidden_resi_blocks[0].hidden_layer/gen_ring_banks[0].ring_bank1/gen_sram_32x16.u_ring_sram/dout0[25]' has no loads. (LINT-2)
Warning: In design 'tcn_block', net 'gen_hidden_resi_blocks[0].hidden_layer/gen_ring_banks[0].ring_bank1/sram_dout0[26]' driven by pin 'gen_hidden_resi_blocks[0].hidden_layer/gen_ring_banks[0].ring_bank1/gen_sram_32x16.u_ring_sram/dout0[26]' has no loads. (LINT-2)
Warning: In design 'tcn_block', net 'gen_hidden_resi_blocks[0].hidden_layer/gen_ring_banks[0].ring_bank1/sram_dout0[27]' driven by pin 'gen_hidden_resi_blocks[0].hidden_layer/gen_ring_banks[0].ring_bank1/gen_sram_32x16.u_ring_sram/dout0[27]' has no loads. (LINT-2)
Warning: In design 'tcn_block', net 'gen_hidden_resi_blocks[0].hidden_layer/gen_ring_banks[0].ring_bank1/sram_dout0[28]' driven by pin 'gen_hidden_resi_blocks[0].hidden_layer/gen_ring_banks[0].ring_bank1/gen_sram_32x16.u_ring_sram/dout0[28]' has no loads. (LINT-2)
Warning: In design 'tcn_block', net 'gen_hidden_resi_blocks[0].hidden_layer/gen_ring_banks[0].ring_bank1/sram_dout0[29]' driven by pin 'gen_hidden_resi_blocks[0].hidden_layer/gen_ring_banks[0].ring_bank1/gen_sram_32x16.u_ring_sram/dout0[29]' has no loads. (LINT-2)
Warning: In design 'tcn_block', net 'gen_hidden_resi_blocks[0].hidden_layer/gen_ring_banks[0].ring_bank1/sram_dout0[30]' driven by pin 'gen_hidden_resi_blocks[0].hidden_layer/gen_ring_banks[0].ring_bank1/gen_sram_32x16.u_ring_sram/dout0[30]' has no loads. (LINT-2)
Warning: In design 'tcn_block', net 'gen_hidden_resi_blocks[0].hidden_layer/gen_ring_banks[0].ring_bank1/sram_dout0[31]' driven by pin 'gen_hidden_resi_blocks[0].hidden_layer/gen_ring_banks[0].ring_bank1/gen_sram_32x16.u_ring_sram/dout0[31]' has no loads. (LINT-2)
Warning: In design 'tcn_block', net 'gen_hidden_resi_blocks[1].hidden_layer/gen_ring_banks[0].ring_bank1/sram_dout0[0]' driven by pin 'gen_hidden_resi_blocks[1].hidden_layer/gen_ring_banks[0].ring_bank1/gen_sram_32x16.u_ring_sram/dout0[0]' has no loads. (LINT-2)
Warning: In design 'tcn_block', net 'gen_hidden_resi_blocks[1].hidden_layer/gen_ring_banks[0].ring_bank1/sram_dout0[1]' driven by pin 'gen_hidden_resi_blocks[1].hidden_layer/gen_ring_banks[0].ring_bank1/gen_sram_32x16.u_ring_sram/dout0[1]' has no loads. (LINT-2)
Warning: In design 'tcn_block', net 'gen_hidden_resi_blocks[1].hidden_layer/gen_ring_banks[0].ring_bank1/sram_dout0[2]' driven by pin 'gen_hidden_resi_blocks[1].hidden_layer/gen_ring_banks[0].ring_bank1/gen_sram_32x16.u_ring_sram/dout0[2]' has no loads. (LINT-2)
Warning: In design 'tcn_block', net 'gen_hidden_resi_blocks[1].hidden_layer/gen_ring_banks[0].ring_bank1/sram_dout0[3]' driven by pin 'gen_hidden_resi_blocks[1].hidden_layer/gen_ring_banks[0].ring_bank1/gen_sram_32x16.u_ring_sram/dout0[3]' has no loads. (LINT-2)
Warning: In design 'tcn_block', net 'gen_hidden_resi_blocks[1].hidden_layer/gen_ring_banks[0].ring_bank1/sram_dout0[4]' driven by pin 'gen_hidden_resi_blocks[1].hidden_layer/gen_ring_banks[0].ring_bank1/gen_sram_32x16.u_ring_sram/dout0[4]' has no loads. (LINT-2)
Warning: In design 'tcn_block', net 'gen_hidden_resi_blocks[1].hidden_layer/gen_ring_banks[0].ring_bank1/sram_dout0[5]' driven by pin 'gen_hidden_resi_blocks[1].hidden_layer/gen_ring_banks[0].ring_bank1/gen_sram_32x16.u_ring_sram/dout0[5]' has no loads. (LINT-2)
Warning: In design 'tcn_block', net 'gen_hidden_resi_blocks[1].hidden_layer/gen_ring_banks[0].ring_bank1/sram_dout0[6]' driven by pin 'gen_hidden_resi_blocks[1].hidden_layer/gen_ring_banks[0].ring_bank1/gen_sram_32x16.u_ring_sram/dout0[6]' has no loads. (LINT-2)
Warning: In design 'tcn_block', net 'gen_hidden_resi_blocks[1].hidden_layer/gen_ring_banks[0].ring_bank1/sram_dout0[7]' driven by pin 'gen_hidden_resi_blocks[1].hidden_layer/gen_ring_banks[0].ring_bank1/gen_sram_32x16.u_ring_sram/dout0[7]' has no loads. (LINT-2)
Warning: In design 'tcn_block', net 'gen_hidden_resi_blocks[1].hidden_layer/gen_ring_banks[0].ring_bank1/sram_dout0[8]' driven by pin 'gen_hidden_resi_blocks[1].hidden_layer/gen_ring_banks[0].ring_bank1/gen_sram_32x16.u_ring_sram/dout0[8]' has no loads. (LINT-2)
Warning: In design 'tcn_block', net 'gen_hidden_resi_blocks[1].hidden_layer/gen_ring_banks[0].ring_bank1/sram_dout0[9]' driven by pin 'gen_hidden_resi_blocks[1].hidden_layer/gen_ring_banks[0].ring_bank1/gen_sram_32x16.u_ring_sram/dout0[9]' has no loads. (LINT-2)
Warning: In design 'tcn_block', net 'gen_hidden_resi_blocks[1].hidden_layer/gen_ring_banks[0].ring_bank1/sram_dout0[10]' driven by pin 'gen_hidden_resi_blocks[1].hidden_layer/gen_ring_banks[0].ring_bank1/gen_sram_32x16.u_ring_sram/dout0[10]' has no loads. (LINT-2)
Warning: In design 'tcn_block', net 'gen_hidden_resi_blocks[1].hidden_layer/gen_ring_banks[0].ring_bank1/sram_dout0[11]' driven by pin 'gen_hidden_resi_blocks[1].hidden_layer/gen_ring_banks[0].ring_bank1/gen_sram_32x16.u_ring_sram/dout0[11]' has no loads. (LINT-2)
Warning: In design 'tcn_block', net 'gen_hidden_resi_blocks[1].hidden_layer/gen_ring_banks[0].ring_bank1/sram_dout0[12]' driven by pin 'gen_hidden_resi_blocks[1].hidden_layer/gen_ring_banks[0].ring_bank1/gen_sram_32x16.u_ring_sram/dout0[12]' has no loads. (LINT-2)
Warning: In design 'tcn_block', net 'gen_hidden_resi_blocks[1].hidden_layer/gen_ring_banks[0].ring_bank1/sram_dout0[13]' driven by pin 'gen_hidden_resi_blocks[1].hidden_layer/gen_ring_banks[0].ring_bank1/gen_sram_32x16.u_ring_sram/dout0[13]' has no loads. (LINT-2)
Warning: In design 'tcn_block', net 'gen_hidden_resi_blocks[1].hidden_layer/gen_ring_banks[0].ring_bank1/sram_dout0[14]' driven by pin 'gen_hidden_resi_blocks[1].hidden_layer/gen_ring_banks[0].ring_bank1/gen_sram_32x16.u_ring_sram/dout0[14]' has no loads. (LINT-2)
Warning: In design 'tcn_block', net 'gen_hidden_resi_blocks[1].hidden_layer/gen_ring_banks[0].ring_bank1/sram_dout0[15]' driven by pin 'gen_hidden_resi_blocks[1].hidden_layer/gen_ring_banks[0].ring_bank1/gen_sram_32x16.u_ring_sram/dout0[15]' has no loads. (LINT-2)
Warning: In design 'tcn_block', net 'gen_hidden_resi_blocks[1].hidden_layer/gen_ring_banks[0].ring_bank1/sram_dout0[16]' driven by pin 'gen_hidden_resi_blocks[1].hidden_layer/gen_ring_banks[0].ring_bank1/gen_sram_32x16.u_ring_sram/dout0[16]' has no loads. (LINT-2)
Warning: In design 'tcn_block', net 'gen_hidden_resi_blocks[1].hidden_layer/gen_ring_banks[0].ring_bank1/sram_dout0[17]' driven by pin 'gen_hidden_resi_blocks[1].hidden_layer/gen_ring_banks[0].ring_bank1/gen_sram_32x16.u_ring_sram/dout0[17]' has no loads. (LINT-2)
Warning: In design 'tcn_block', net 'gen_hidden_resi_blocks[1].hidden_layer/gen_ring_banks[0].ring_bank1/sram_dout0[18]' driven by pin 'gen_hidden_resi_blocks[1].hidden_layer/gen_ring_banks[0].ring_bank1/gen_sram_32x16.u_ring_sram/dout0[18]' has no loads. (LINT-2)
Warning: In design 'tcn_block', net 'gen_hidden_resi_blocks[1].hidden_layer/gen_ring_banks[0].ring_bank1/sram_dout0[19]' driven by pin 'gen_hidden_resi_blocks[1].hidden_layer/gen_ring_banks[0].ring_bank1/gen_sram_32x16.u_ring_sram/dout0[19]' has no loads. (LINT-2)
Warning: In design 'tcn_block', net 'gen_hidden_resi_blocks[1].hidden_layer/gen_ring_banks[0].ring_bank1/sram_dout0[20]' driven by pin 'gen_hidden_resi_blocks[1].hidden_layer/gen_ring_banks[0].ring_bank1/gen_sram_32x16.u_ring_sram/dout0[20]' has no loads. (LINT-2)
Warning: In design 'tcn_block', net 'gen_hidden_resi_blocks[1].hidden_layer/gen_ring_banks[0].ring_bank1/sram_dout0[21]' driven by pin 'gen_hidden_resi_blocks[1].hidden_layer/gen_ring_banks[0].ring_bank1/gen_sram_32x16.u_ring_sram/dout0[21]' has no loads. (LINT-2)
Warning: In design 'tcn_block', net 'gen_hidden_resi_blocks[1].hidden_layer/gen_ring_banks[0].ring_bank1/sram_dout0[22]' driven by pin 'gen_hidden_resi_blocks[1].hidden_layer/gen_ring_banks[0].ring_bank1/gen_sram_32x16.u_ring_sram/dout0[22]' has no loads. (LINT-2)
Warning: In design 'tcn_block', net 'gen_hidden_resi_blocks[1].hidden_layer/gen_ring_banks[0].ring_bank1/sram_dout0[23]' driven by pin 'gen_hidden_resi_blocks[1].hidden_layer/gen_ring_banks[0].ring_bank1/gen_sram_32x16.u_ring_sram/dout0[23]' has no loads. (LINT-2)
Warning: In design 'tcn_block', net 'gen_hidden_resi_blocks[1].hidden_layer/gen_ring_banks[0].ring_bank1/sram_dout0[24]' driven by pin 'gen_hidden_resi_blocks[1].hidden_layer/gen_ring_banks[0].ring_bank1/gen_sram_32x16.u_ring_sram/dout0[24]' has no loads. (LINT-2)
Warning: In design 'tcn_block', net 'gen_hidden_resi_blocks[1].hidden_layer/gen_ring_banks[0].ring_bank1/sram_dout0[25]' driven by pin 'gen_hidden_resi_blocks[1].hidden_layer/gen_ring_banks[0].ring_bank1/gen_sram_32x16.u_ring_sram/dout0[25]' has no loads. (LINT-2)
Warning: In design 'tcn_block', net 'gen_hidden_resi_blocks[1].hidden_layer/gen_ring_banks[0].ring_bank1/sram_dout0[26]' driven by pin 'gen_hidden_resi_blocks[1].hidden_layer/gen_ring_banks[0].ring_bank1/gen_sram_32x16.u_ring_sram/dout0[26]' has no loads. (LINT-2)
Warning: In design 'tcn_block', net 'gen_hidden_resi_blocks[1].hidden_layer/gen_ring_banks[0].ring_bank1/sram_dout0[27]' driven by pin 'gen_hidden_resi_blocks[1].hidden_layer/gen_ring_banks[0].ring_bank1/gen_sram_32x16.u_ring_sram/dout0[27]' has no loads. (LINT-2)
Warning: In design 'tcn_block', net 'gen_hidden_resi_blocks[1].hidden_layer/gen_ring_banks[0].ring_bank1/sram_dout0[28]' driven by pin 'gen_hidden_resi_blocks[1].hidden_layer/gen_ring_banks[0].ring_bank1/gen_sram_32x16.u_ring_sram/dout0[28]' has no loads. (LINT-2)
Warning: In design 'tcn_block', net 'gen_hidden_resi_blocks[1].hidden_layer/gen_ring_banks[0].ring_bank1/sram_dout0[29]' driven by pin 'gen_hidden_resi_blocks[1].hidden_layer/gen_ring_banks[0].ring_bank1/gen_sram_32x16.u_ring_sram/dout0[29]' has no loads. (LINT-2)
Warning: In design 'tcn_block', net 'gen_hidden_resi_blocks[1].hidden_layer/gen_ring_banks[0].ring_bank1/sram_dout0[30]' driven by pin 'gen_hidden_resi_blocks[1].hidden_layer/gen_ring_banks[0].ring_bank1/gen_sram_32x16.u_ring_sram/dout0[30]' has no loads. (LINT-2)
Warning: In design 'tcn_block', net 'gen_hidden_resi_blocks[1].hidden_layer/gen_ring_banks[0].ring_bank1/sram_dout0[31]' driven by pin 'gen_hidden_resi_blocks[1].hidden_layer/gen_ring_banks[0].ring_bank1/gen_sram_32x16.u_ring_sram/dout0[31]' has no loads. (LINT-2)
Warning: In design 'tcn_block', net 'gen_hidden_resi_blocks[2].hidden_layer/gen_ring_banks[0].ring_bank1/sram_dout0[0]' driven by pin 'gen_hidden_resi_blocks[2].hidden_layer/gen_ring_banks[0].ring_bank1/gen_sram_32x32.u_ring_sram/dout0[0]' has no loads. (LINT-2)
Warning: In design 'tcn_block', net 'gen_hidden_resi_blocks[2].hidden_layer/gen_ring_banks[0].ring_bank1/sram_dout0[1]' driven by pin 'gen_hidden_resi_blocks[2].hidden_layer/gen_ring_banks[0].ring_bank1/gen_sram_32x32.u_ring_sram/dout0[1]' has no loads. (LINT-2)
Warning: In design 'tcn_block', net 'gen_hidden_resi_blocks[2].hidden_layer/gen_ring_banks[0].ring_bank1/sram_dout0[2]' driven by pin 'gen_hidden_resi_blocks[2].hidden_layer/gen_ring_banks[0].ring_bank1/gen_sram_32x32.u_ring_sram/dout0[2]' has no loads. (LINT-2)
Warning: In design 'tcn_block', net 'gen_hidden_resi_blocks[2].hidden_layer/gen_ring_banks[0].ring_bank1/sram_dout0[3]' driven by pin 'gen_hidden_resi_blocks[2].hidden_layer/gen_ring_banks[0].ring_bank1/gen_sram_32x32.u_ring_sram/dout0[3]' has no loads. (LINT-2)
Warning: In design 'tcn_block', net 'gen_hidden_resi_blocks[2].hidden_layer/gen_ring_banks[0].ring_bank1/sram_dout0[4]' driven by pin 'gen_hidden_resi_blocks[2].hidden_layer/gen_ring_banks[0].ring_bank1/gen_sram_32x32.u_ring_sram/dout0[4]' has no loads. (LINT-2)
Warning: In design 'tcn_block', net 'gen_hidden_resi_blocks[2].hidden_layer/gen_ring_banks[0].ring_bank1/sram_dout0[5]' driven by pin 'gen_hidden_resi_blocks[2].hidden_layer/gen_ring_banks[0].ring_bank1/gen_sram_32x32.u_ring_sram/dout0[5]' has no loads. (LINT-2)
Warning: In design 'tcn_block', net 'gen_hidden_resi_blocks[2].hidden_layer/gen_ring_banks[0].ring_bank1/sram_dout0[6]' driven by pin 'gen_hidden_resi_blocks[2].hidden_layer/gen_ring_banks[0].ring_bank1/gen_sram_32x32.u_ring_sram/dout0[6]' has no loads. (LINT-2)
Warning: In design 'tcn_block', net 'gen_hidden_resi_blocks[2].hidden_layer/gen_ring_banks[0].ring_bank1/sram_dout0[7]' driven by pin 'gen_hidden_resi_blocks[2].hidden_layer/gen_ring_banks[0].ring_bank1/gen_sram_32x32.u_ring_sram/dout0[7]' has no loads. (LINT-2)
Warning: In design 'tcn_block', net 'gen_hidden_resi_blocks[2].hidden_layer/gen_ring_banks[0].ring_bank1/sram_dout0[8]' driven by pin 'gen_hidden_resi_blocks[2].hidden_layer/gen_ring_banks[0].ring_bank1/gen_sram_32x32.u_ring_sram/dout0[8]' has no loads. (LINT-2)
Warning: In design 'tcn_block', net 'gen_hidden_resi_blocks[2].hidden_layer/gen_ring_banks[0].ring_bank1/sram_dout0[9]' driven by pin 'gen_hidden_resi_blocks[2].hidden_layer/gen_ring_banks[0].ring_bank1/gen_sram_32x32.u_ring_sram/dout0[9]' has no loads. (LINT-2)
Warning: In design 'tcn_block', net 'gen_hidden_resi_blocks[2].hidden_layer/gen_ring_banks[0].ring_bank1/sram_dout0[10]' driven by pin 'gen_hidden_resi_blocks[2].hidden_layer/gen_ring_banks[0].ring_bank1/gen_sram_32x32.u_ring_sram/dout0[10]' has no loads. (LINT-2)
Warning: In design 'tcn_block', net 'gen_hidden_resi_blocks[2].hidden_layer/gen_ring_banks[0].ring_bank1/sram_dout0[11]' driven by pin 'gen_hidden_resi_blocks[2].hidden_layer/gen_ring_banks[0].ring_bank1/gen_sram_32x32.u_ring_sram/dout0[11]' has no loads. (LINT-2)
Warning: In design 'tcn_block', net 'gen_hidden_resi_blocks[2].hidden_layer/gen_ring_banks[0].ring_bank1/sram_dout0[12]' driven by pin 'gen_hidden_resi_blocks[2].hidden_layer/gen_ring_banks[0].ring_bank1/gen_sram_32x32.u_ring_sram/dout0[12]' has no loads. (LINT-2)
Warning: In design 'tcn_block', net 'gen_hidden_resi_blocks[2].hidden_layer/gen_ring_banks[0].ring_bank1/sram_dout0[13]' driven by pin 'gen_hidden_resi_blocks[2].hidden_layer/gen_ring_banks[0].ring_bank1/gen_sram_32x32.u_ring_sram/dout0[13]' has no loads. (LINT-2)
Warning: In design 'tcn_block', net 'gen_hidden_resi_blocks[2].hidden_layer/gen_ring_banks[0].ring_bank1/sram_dout0[14]' driven by pin 'gen_hidden_resi_blocks[2].hidden_layer/gen_ring_banks[0].ring_bank1/gen_sram_32x32.u_ring_sram/dout0[14]' has no loads. (LINT-2)
Warning: In design 'tcn_block', net 'gen_hidden_resi_blocks[2].hidden_layer/gen_ring_banks[0].ring_bank1/sram_dout0[15]' driven by pin 'gen_hidden_resi_blocks[2].hidden_layer/gen_ring_banks[0].ring_bank1/gen_sram_32x32.u_ring_sram/dout0[15]' has no loads. (LINT-2)
Warning: In design 'tcn_block', net 'gen_hidden_resi_blocks[2].hidden_layer/gen_ring_banks[0].ring_bank1/sram_dout0[16]' driven by pin 'gen_hidden_resi_blocks[2].hidden_layer/gen_ring_banks[0].ring_bank1/gen_sram_32x32.u_ring_sram/dout0[16]' has no loads. (LINT-2)
Warning: In design 'tcn_block', net 'gen_hidden_resi_blocks[2].hidden_layer/gen_ring_banks[0].ring_bank1/sram_dout0[17]' driven by pin 'gen_hidden_resi_blocks[2].hidden_layer/gen_ring_banks[0].ring_bank1/gen_sram_32x32.u_ring_sram/dout0[17]' has no loads. (LINT-2)
Warning: In design 'tcn_block', net 'gen_hidden_resi_blocks[2].hidden_layer/gen_ring_banks[0].ring_bank1/sram_dout0[18]' driven by pin 'gen_hidden_resi_blocks[2].hidden_layer/gen_ring_banks[0].ring_bank1/gen_sram_32x32.u_ring_sram/dout0[18]' has no loads. (LINT-2)
Warning: In design 'tcn_block', net 'gen_hidden_resi_blocks[2].hidden_layer/gen_ring_banks[0].ring_bank1/sram_dout0[19]' driven by pin 'gen_hidden_resi_blocks[2].hidden_layer/gen_ring_banks[0].ring_bank1/gen_sram_32x32.u_ring_sram/dout0[19]' has no loads. (LINT-2)
Warning: In design 'tcn_block', net 'gen_hidden_resi_blocks[2].hidden_layer/gen_ring_banks[0].ring_bank1/sram_dout0[20]' driven by pin 'gen_hidden_resi_blocks[2].hidden_layer/gen_ring_banks[0].ring_bank1/gen_sram_32x32.u_ring_sram/dout0[20]' has no loads. (LINT-2)
Warning: In design 'tcn_block', net 'gen_hidden_resi_blocks[2].hidden_layer/gen_ring_banks[0].ring_bank1/sram_dout0[21]' driven by pin 'gen_hidden_resi_blocks[2].hidden_layer/gen_ring_banks[0].ring_bank1/gen_sram_32x32.u_ring_sram/dout0[21]' has no loads. (LINT-2)
Warning: In design 'tcn_block', net 'gen_hidden_resi_blocks[2].hidden_layer/gen_ring_banks[0].ring_bank1/sram_dout0[22]' driven by pin 'gen_hidden_resi_blocks[2].hidden_layer/gen_ring_banks[0].ring_bank1/gen_sram_32x32.u_ring_sram/dout0[22]' has no loads. (LINT-2)
Warning: In design 'tcn_block', net 'gen_hidden_resi_blocks[2].hidden_layer/gen_ring_banks[0].ring_bank1/sram_dout0[23]' driven by pin 'gen_hidden_resi_blocks[2].hidden_layer/gen_ring_banks[0].ring_bank1/gen_sram_32x32.u_ring_sram/dout0[23]' has no loads. (LINT-2)
Warning: In design 'tcn_block', net 'gen_hidden_resi_blocks[2].hidden_layer/gen_ring_banks[0].ring_bank1/sram_dout0[24]' driven by pin 'gen_hidden_resi_blocks[2].hidden_layer/gen_ring_banks[0].ring_bank1/gen_sram_32x32.u_ring_sram/dout0[24]' has no loads. (LINT-2)
Warning: In design 'tcn_block', net 'gen_hidden_resi_blocks[2].hidden_layer/gen_ring_banks[0].ring_bank1/sram_dout0[25]' driven by pin 'gen_hidden_resi_blocks[2].hidden_layer/gen_ring_banks[0].ring_bank1/gen_sram_32x32.u_ring_sram/dout0[25]' has no loads. (LINT-2)
Warning: In design 'tcn_block', net 'gen_hidden_resi_blocks[2].hidden_layer/gen_ring_banks[0].ring_bank1/sram_dout0[26]' driven by pin 'gen_hidden_resi_blocks[2].hidden_layer/gen_ring_banks[0].ring_bank1/gen_sram_32x32.u_ring_sram/dout0[26]' has no loads. (LINT-2)
Warning: In design 'tcn_block', net 'gen_hidden_resi_blocks[2].hidden_layer/gen_ring_banks[0].ring_bank1/sram_dout0[27]' driven by pin 'gen_hidden_resi_blocks[2].hidden_layer/gen_ring_banks[0].ring_bank1/gen_sram_32x32.u_ring_sram/dout0[27]' has no loads. (LINT-2)
Warning: In design 'tcn_block', net 'gen_hidden_resi_blocks[2].hidden_layer/gen_ring_banks[0].ring_bank1/sram_dout0[28]' driven by pin 'gen_hidden_resi_blocks[2].hidden_layer/gen_ring_banks[0].ring_bank1/gen_sram_32x32.u_ring_sram/dout0[28]' has no loads. (LINT-2)
Warning: In design 'tcn_block', net 'gen_hidden_resi_blocks[2].hidden_layer/gen_ring_banks[0].ring_bank1/sram_dout0[29]' driven by pin 'gen_hidden_resi_blocks[2].hidden_layer/gen_ring_banks[0].ring_bank1/gen_sram_32x32.u_ring_sram/dout0[29]' has no loads. (LINT-2)
Warning: In design 'tcn_block', net 'gen_hidden_resi_blocks[2].hidden_layer/gen_ring_banks[0].ring_bank1/sram_dout0[30]' driven by pin 'gen_hidden_resi_blocks[2].hidden_layer/gen_ring_banks[0].ring_bank1/gen_sram_32x32.u_ring_sram/dout0[30]' has no loads. (LINT-2)
Warning: In design 'tcn_block', net 'gen_hidden_resi_blocks[2].hidden_layer/gen_ring_banks[0].ring_bank1/sram_dout0[31]' driven by pin 'gen_hidden_resi_blocks[2].hidden_layer/gen_ring_banks[0].ring_bank1/gen_sram_32x32.u_ring_sram/dout0[31]' has no loads. (LINT-2)
Warning: In design 'tcn_block', net 'gen_hidden_resi_blocks[3].hidden_layer/gen_ring_banks[0].ring_bank1/sram_dout0[0]' driven by pin 'gen_hidden_resi_blocks[3].hidden_layer/gen_ring_banks[0].ring_bank1/gen_sram_32x64.u_ring_sram/dout0[0]' has no loads. (LINT-2)
Warning: In design 'tcn_block', net 'gen_hidden_resi_blocks[3].hidden_layer/gen_ring_banks[0].ring_bank1/sram_dout0[1]' driven by pin 'gen_hidden_resi_blocks[3].hidden_layer/gen_ring_banks[0].ring_bank1/gen_sram_32x64.u_ring_sram/dout0[1]' has no loads. (LINT-2)
Warning: In design 'tcn_block', net 'gen_hidden_resi_blocks[3].hidden_layer/gen_ring_banks[0].ring_bank1/sram_dout0[2]' driven by pin 'gen_hidden_resi_blocks[3].hidden_layer/gen_ring_banks[0].ring_bank1/gen_sram_32x64.u_ring_sram/dout0[2]' has no loads. (LINT-2)
Warning: In design 'tcn_block', net 'gen_hidden_resi_blocks[3].hidden_layer/gen_ring_banks[0].ring_bank1/sram_dout0[3]' driven by pin 'gen_hidden_resi_blocks[3].hidden_layer/gen_ring_banks[0].ring_bank1/gen_sram_32x64.u_ring_sram/dout0[3]' has no loads. (LINT-2)
Warning: In design 'tcn_block', net 'gen_hidden_resi_blocks[3].hidden_layer/gen_ring_banks[0].ring_bank1/sram_dout0[4]' driven by pin 'gen_hidden_resi_blocks[3].hidden_layer/gen_ring_banks[0].ring_bank1/gen_sram_32x64.u_ring_sram/dout0[4]' has no loads. (LINT-2)
Warning: In design 'tcn_block', net 'gen_hidden_resi_blocks[3].hidden_layer/gen_ring_banks[0].ring_bank1/sram_dout0[5]' driven by pin 'gen_hidden_resi_blocks[3].hidden_layer/gen_ring_banks[0].ring_bank1/gen_sram_32x64.u_ring_sram/dout0[5]' has no loads. (LINT-2)
Warning: In design 'tcn_block', net 'gen_hidden_resi_blocks[3].hidden_layer/gen_ring_banks[0].ring_bank1/sram_dout0[6]' driven by pin 'gen_hidden_resi_blocks[3].hidden_layer/gen_ring_banks[0].ring_bank1/gen_sram_32x64.u_ring_sram/dout0[6]' has no loads. (LINT-2)
Warning: In design 'tcn_block', net 'gen_hidden_resi_blocks[3].hidden_layer/gen_ring_banks[0].ring_bank1/sram_dout0[7]' driven by pin 'gen_hidden_resi_blocks[3].hidden_layer/gen_ring_banks[0].ring_bank1/gen_sram_32x64.u_ring_sram/dout0[7]' has no loads. (LINT-2)
Warning: In design 'tcn_block', net 'gen_hidden_resi_blocks[3].hidden_layer/gen_ring_banks[0].ring_bank1/sram_dout0[8]' driven by pin 'gen_hidden_resi_blocks[3].hidden_layer/gen_ring_banks[0].ring_bank1/gen_sram_32x64.u_ring_sram/dout0[8]' has no loads. (LINT-2)
Warning: In design 'tcn_block', net 'gen_hidden_resi_blocks[3].hidden_layer/gen_ring_banks[0].ring_bank1/sram_dout0[9]' driven by pin 'gen_hidden_resi_blocks[3].hidden_layer/gen_ring_banks[0].ring_bank1/gen_sram_32x64.u_ring_sram/dout0[9]' has no loads. (LINT-2)
Warning: In design 'tcn_block', net 'gen_hidden_resi_blocks[3].hidden_layer/gen_ring_banks[0].ring_bank1/sram_dout0[10]' driven by pin 'gen_hidden_resi_blocks[3].hidden_layer/gen_ring_banks[0].ring_bank1/gen_sram_32x64.u_ring_sram/dout0[10]' has no loads. (LINT-2)
Warning: In design 'tcn_block', net 'gen_hidden_resi_blocks[3].hidden_layer/gen_ring_banks[0].ring_bank1/sram_dout0[11]' driven by pin 'gen_hidden_resi_blocks[3].hidden_layer/gen_ring_banks[0].ring_bank1/gen_sram_32x64.u_ring_sram/dout0[11]' has no loads. (LINT-2)
Warning: In design 'tcn_block', net 'gen_hidden_resi_blocks[3].hidden_layer/gen_ring_banks[0].ring_bank1/sram_dout0[12]' driven by pin 'gen_hidden_resi_blocks[3].hidden_layer/gen_ring_banks[0].ring_bank1/gen_sram_32x64.u_ring_sram/dout0[12]' has no loads. (LINT-2)
Warning: In design 'tcn_block', net 'gen_hidden_resi_blocks[3].hidden_layer/gen_ring_banks[0].ring_bank1/sram_dout0[13]' driven by pin 'gen_hidden_resi_blocks[3].hidden_layer/gen_ring_banks[0].ring_bank1/gen_sram_32x64.u_ring_sram/dout0[13]' has no loads. (LINT-2)
Warning: In design 'tcn_block', net 'gen_hidden_resi_blocks[3].hidden_layer/gen_ring_banks[0].ring_bank1/sram_dout0[14]' driven by pin 'gen_hidden_resi_blocks[3].hidden_layer/gen_ring_banks[0].ring_bank1/gen_sram_32x64.u_ring_sram/dout0[14]' has no loads. (LINT-2)
Warning: In design 'tcn_block', net 'gen_hidden_resi_blocks[3].hidden_layer/gen_ring_banks[0].ring_bank1/sram_dout0[15]' driven by pin 'gen_hidden_resi_blocks[3].hidden_layer/gen_ring_banks[0].ring_bank1/gen_sram_32x64.u_ring_sram/dout0[15]' has no loads. (LINT-2)
Warning: In design 'tcn_block', net 'gen_hidden_resi_blocks[3].hidden_layer/gen_ring_banks[0].ring_bank1/sram_dout0[16]' driven by pin 'gen_hidden_resi_blocks[3].hidden_layer/gen_ring_banks[0].ring_bank1/gen_sram_32x64.u_ring_sram/dout0[16]' has no loads. (LINT-2)
Warning: In design 'tcn_block', net 'gen_hidden_resi_blocks[3].hidden_layer/gen_ring_banks[0].ring_bank1/sram_dout0[17]' driven by pin 'gen_hidden_resi_blocks[3].hidden_layer/gen_ring_banks[0].ring_bank1/gen_sram_32x64.u_ring_sram/dout0[17]' has no loads. (LINT-2)
Warning: In design 'tcn_block', net 'gen_hidden_resi_blocks[3].hidden_layer/gen_ring_banks[0].ring_bank1/sram_dout0[18]' driven by pin 'gen_hidden_resi_blocks[3].hidden_layer/gen_ring_banks[0].ring_bank1/gen_sram_32x64.u_ring_sram/dout0[18]' has no loads. (LINT-2)
Warning: In design 'tcn_block', net 'gen_hidden_resi_blocks[3].hidden_layer/gen_ring_banks[0].ring_bank1/sram_dout0[19]' driven by pin 'gen_hidden_resi_blocks[3].hidden_layer/gen_ring_banks[0].ring_bank1/gen_sram_32x64.u_ring_sram/dout0[19]' has no loads. (LINT-2)
Warning: In design 'tcn_block', net 'gen_hidden_resi_blocks[3].hidden_layer/gen_ring_banks[0].ring_bank1/sram_dout0[20]' driven by pin 'gen_hidden_resi_blocks[3].hidden_layer/gen_ring_banks[0].ring_bank1/gen_sram_32x64.u_ring_sram/dout0[20]' has no loads. (LINT-2)
Warning: In design 'tcn_block', net 'gen_hidden_resi_blocks[3].hidden_layer/gen_ring_banks[0].ring_bank1/sram_dout0[21]' driven by pin 'gen_hidden_resi_blocks[3].hidden_layer/gen_ring_banks[0].ring_bank1/gen_sram_32x64.u_ring_sram/dout0[21]' has no loads. (LINT-2)
Warning: In design 'tcn_block', net 'gen_hidden_resi_blocks[3].hidden_layer/gen_ring_banks[0].ring_bank1/sram_dout0[22]' driven by pin 'gen_hidden_resi_blocks[3].hidden_layer/gen_ring_banks[0].ring_bank1/gen_sram_32x64.u_ring_sram/dout0[22]' has no loads. (LINT-2)
Warning: In design 'tcn_block', net 'gen_hidden_resi_blocks[3].hidden_layer/gen_ring_banks[0].ring_bank1/sram_dout0[23]' driven by pin 'gen_hidden_resi_blocks[3].hidden_layer/gen_ring_banks[0].ring_bank1/gen_sram_32x64.u_ring_sram/dout0[23]' has no loads. (LINT-2)
Warning: In design 'tcn_block', net 'gen_hidden_resi_blocks[3].hidden_layer/gen_ring_banks[0].ring_bank1/sram_dout0[24]' driven by pin 'gen_hidden_resi_blocks[3].hidden_layer/gen_ring_banks[0].ring_bank1/gen_sram_32x64.u_ring_sram/dout0[24]' has no loads. (LINT-2)
Warning: In design 'tcn_block', net 'gen_hidden_resi_blocks[3].hidden_layer/gen_ring_banks[0].ring_bank1/sram_dout0[25]' driven by pin 'gen_hidden_resi_blocks[3].hidden_layer/gen_ring_banks[0].ring_bank1/gen_sram_32x64.u_ring_sram/dout0[25]' has no loads. (LINT-2)
Warning: In design 'tcn_block', net 'gen_hidden_resi_blocks[3].hidden_layer/gen_ring_banks[0].ring_bank1/sram_dout0[26]' driven by pin 'gen_hidden_resi_blocks[3].hidden_layer/gen_ring_banks[0].ring_bank1/gen_sram_32x64.u_ring_sram/dout0[26]' has no loads. (LINT-2)
Warning: In design 'tcn_block', net 'gen_hidden_resi_blocks[3].hidden_layer/gen_ring_banks[0].ring_bank1/sram_dout0[27]' driven by pin 'gen_hidden_resi_blocks[3].hidden_layer/gen_ring_banks[0].ring_bank1/gen_sram_32x64.u_ring_sram/dout0[27]' has no loads. (LINT-2)
Warning: In design 'tcn_block', net 'gen_hidden_resi_blocks[3].hidden_layer/gen_ring_banks[0].ring_bank1/sram_dout0[28]' driven by pin 'gen_hidden_resi_blocks[3].hidden_layer/gen_ring_banks[0].ring_bank1/gen_sram_32x64.u_ring_sram/dout0[28]' has no loads. (LINT-2)
Warning: In design 'tcn_block', net 'gen_hidden_resi_blocks[3].hidden_layer/gen_ring_banks[0].ring_bank1/sram_dout0[29]' driven by pin 'gen_hidden_resi_blocks[3].hidden_layer/gen_ring_banks[0].ring_bank1/gen_sram_32x64.u_ring_sram/dout0[29]' has no loads. (LINT-2)
Warning: In design 'tcn_block', net 'gen_hidden_resi_blocks[3].hidden_layer/gen_ring_banks[0].ring_bank1/sram_dout0[30]' driven by pin 'gen_hidden_resi_blocks[3].hidden_layer/gen_ring_banks[0].ring_bank1/gen_sram_32x64.u_ring_sram/dout0[30]' has no loads. (LINT-2)
Warning: In design 'tcn_block', net 'gen_hidden_resi_blocks[3].hidden_layer/gen_ring_banks[0].ring_bank1/sram_dout0[31]' driven by pin 'gen_hidden_resi_blocks[3].hidden_layer/gen_ring_banks[0].ring_bank1/gen_sram_32x64.u_ring_sram/dout0[31]' has no loads. (LINT-2)
Warning: In design 'tcn_block', net 'gen_hidden_resi_blocks[4].hidden_layer/gen_ring_banks[0].ring_bank1/sram_dout0[0]' driven by pin 'gen_hidden_resi_blocks[4].hidden_layer/gen_ring_banks[0].ring_bank1/gen_sram_32x128.u_ring_sram/dout0[0]' has no loads. (LINT-2)
Warning: In design 'tcn_block', net 'gen_hidden_resi_blocks[4].hidden_layer/gen_ring_banks[0].ring_bank1/sram_dout0[1]' driven by pin 'gen_hidden_resi_blocks[4].hidden_layer/gen_ring_banks[0].ring_bank1/gen_sram_32x128.u_ring_sram/dout0[1]' has no loads. (LINT-2)
Warning: In design 'tcn_block', net 'gen_hidden_resi_blocks[4].hidden_layer/gen_ring_banks[0].ring_bank1/sram_dout0[2]' driven by pin 'gen_hidden_resi_blocks[4].hidden_layer/gen_ring_banks[0].ring_bank1/gen_sram_32x128.u_ring_sram/dout0[2]' has no loads. (LINT-2)
Warning: In design 'tcn_block', net 'gen_hidden_resi_blocks[4].hidden_layer/gen_ring_banks[0].ring_bank1/sram_dout0[3]' driven by pin 'gen_hidden_resi_blocks[4].hidden_layer/gen_ring_banks[0].ring_bank1/gen_sram_32x128.u_ring_sram/dout0[3]' has no loads. (LINT-2)
Warning: In design 'tcn_block', net 'gen_hidden_resi_blocks[4].hidden_layer/gen_ring_banks[0].ring_bank1/sram_dout0[4]' driven by pin 'gen_hidden_resi_blocks[4].hidden_layer/gen_ring_banks[0].ring_bank1/gen_sram_32x128.u_ring_sram/dout0[4]' has no loads. (LINT-2)
Warning: In design 'tcn_block', net 'gen_hidden_resi_blocks[4].hidden_layer/gen_ring_banks[0].ring_bank1/sram_dout0[5]' driven by pin 'gen_hidden_resi_blocks[4].hidden_layer/gen_ring_banks[0].ring_bank1/gen_sram_32x128.u_ring_sram/dout0[5]' has no loads. (LINT-2)
Warning: In design 'tcn_block', net 'gen_hidden_resi_blocks[4].hidden_layer/gen_ring_banks[0].ring_bank1/sram_dout0[6]' driven by pin 'gen_hidden_resi_blocks[4].hidden_layer/gen_ring_banks[0].ring_bank1/gen_sram_32x128.u_ring_sram/dout0[6]' has no loads. (LINT-2)
Warning: In design 'tcn_block', net 'gen_hidden_resi_blocks[4].hidden_layer/gen_ring_banks[0].ring_bank1/sram_dout0[7]' driven by pin 'gen_hidden_resi_blocks[4].hidden_layer/gen_ring_banks[0].ring_bank1/gen_sram_32x128.u_ring_sram/dout0[7]' has no loads. (LINT-2)
Warning: In design 'tcn_block', net 'gen_hidden_resi_blocks[4].hidden_layer/gen_ring_banks[0].ring_bank1/sram_dout0[8]' driven by pin 'gen_hidden_resi_blocks[4].hidden_layer/gen_ring_banks[0].ring_bank1/gen_sram_32x128.u_ring_sram/dout0[8]' has no loads. (LINT-2)
Warning: In design 'tcn_block', net 'gen_hidden_resi_blocks[4].hidden_layer/gen_ring_banks[0].ring_bank1/sram_dout0[9]' driven by pin 'gen_hidden_resi_blocks[4].hidden_layer/gen_ring_banks[0].ring_bank1/gen_sram_32x128.u_ring_sram/dout0[9]' has no loads. (LINT-2)
Warning: In design 'tcn_block', net 'gen_hidden_resi_blocks[4].hidden_layer/gen_ring_banks[0].ring_bank1/sram_dout0[10]' driven by pin 'gen_hidden_resi_blocks[4].hidden_layer/gen_ring_banks[0].ring_bank1/gen_sram_32x128.u_ring_sram/dout0[10]' has no loads. (LINT-2)
Warning: In design 'tcn_block', net 'gen_hidden_resi_blocks[4].hidden_layer/gen_ring_banks[0].ring_bank1/sram_dout0[11]' driven by pin 'gen_hidden_resi_blocks[4].hidden_layer/gen_ring_banks[0].ring_bank1/gen_sram_32x128.u_ring_sram/dout0[11]' has no loads. (LINT-2)
Warning: In design 'tcn_block', net 'gen_hidden_resi_blocks[4].hidden_layer/gen_ring_banks[0].ring_bank1/sram_dout0[12]' driven by pin 'gen_hidden_resi_blocks[4].hidden_layer/gen_ring_banks[0].ring_bank1/gen_sram_32x128.u_ring_sram/dout0[12]' has no loads. (LINT-2)
Warning: In design 'tcn_block', net 'gen_hidden_resi_blocks[4].hidden_layer/gen_ring_banks[0].ring_bank1/sram_dout0[13]' driven by pin 'gen_hidden_resi_blocks[4].hidden_layer/gen_ring_banks[0].ring_bank1/gen_sram_32x128.u_ring_sram/dout0[13]' has no loads. (LINT-2)
Warning: In design 'tcn_block', net 'gen_hidden_resi_blocks[4].hidden_layer/gen_ring_banks[0].ring_bank1/sram_dout0[14]' driven by pin 'gen_hidden_resi_blocks[4].hidden_layer/gen_ring_banks[0].ring_bank1/gen_sram_32x128.u_ring_sram/dout0[14]' has no loads. (LINT-2)
Warning: In design 'tcn_block', net 'gen_hidden_resi_blocks[4].hidden_layer/gen_ring_banks[0].ring_bank1/sram_dout0[15]' driven by pin 'gen_hidden_resi_blocks[4].hidden_layer/gen_ring_banks[0].ring_bank1/gen_sram_32x128.u_ring_sram/dout0[15]' has no loads. (LINT-2)
Warning: In design 'tcn_block', net 'gen_hidden_resi_blocks[4].hidden_layer/gen_ring_banks[0].ring_bank1/sram_dout0[16]' driven by pin 'gen_hidden_resi_blocks[4].hidden_layer/gen_ring_banks[0].ring_bank1/gen_sram_32x128.u_ring_sram/dout0[16]' has no loads. (LINT-2)
Warning: In design 'tcn_block', net 'gen_hidden_resi_blocks[4].hidden_layer/gen_ring_banks[0].ring_bank1/sram_dout0[17]' driven by pin 'gen_hidden_resi_blocks[4].hidden_layer/gen_ring_banks[0].ring_bank1/gen_sram_32x128.u_ring_sram/dout0[17]' has no loads. (LINT-2)
Warning: In design 'tcn_block', net 'gen_hidden_resi_blocks[4].hidden_layer/gen_ring_banks[0].ring_bank1/sram_dout0[18]' driven by pin 'gen_hidden_resi_blocks[4].hidden_layer/gen_ring_banks[0].ring_bank1/gen_sram_32x128.u_ring_sram/dout0[18]' has no loads. (LINT-2)
Warning: In design 'tcn_block', net 'gen_hidden_resi_blocks[4].hidden_layer/gen_ring_banks[0].ring_bank1/sram_dout0[19]' driven by pin 'gen_hidden_resi_blocks[4].hidden_layer/gen_ring_banks[0].ring_bank1/gen_sram_32x128.u_ring_sram/dout0[19]' has no loads. (LINT-2)
Warning: In design 'tcn_block', net 'gen_hidden_resi_blocks[4].hidden_layer/gen_ring_banks[0].ring_bank1/sram_dout0[20]' driven by pin 'gen_hidden_resi_blocks[4].hidden_layer/gen_ring_banks[0].ring_bank1/gen_sram_32x128.u_ring_sram/dout0[20]' has no loads. (LINT-2)
Warning: In design 'tcn_block', net 'gen_hidden_resi_blocks[4].hidden_layer/gen_ring_banks[0].ring_bank1/sram_dout0[21]' driven by pin 'gen_hidden_resi_blocks[4].hidden_layer/gen_ring_banks[0].ring_bank1/gen_sram_32x128.u_ring_sram/dout0[21]' has no loads. (LINT-2)
Warning: In design 'tcn_block', net 'gen_hidden_resi_blocks[4].hidden_layer/gen_ring_banks[0].ring_bank1/sram_dout0[22]' driven by pin 'gen_hidden_resi_blocks[4].hidden_layer/gen_ring_banks[0].ring_bank1/gen_sram_32x128.u_ring_sram/dout0[22]' has no loads. (LINT-2)
Warning: In design 'tcn_block', net 'gen_hidden_resi_blocks[4].hidden_layer/gen_ring_banks[0].ring_bank1/sram_dout0[23]' driven by pin 'gen_hidden_resi_blocks[4].hidden_layer/gen_ring_banks[0].ring_bank1/gen_sram_32x128.u_ring_sram/dout0[23]' has no loads. (LINT-2)
Warning: In design 'tcn_block', net 'gen_hidden_resi_blocks[4].hidden_layer/gen_ring_banks[0].ring_bank1/sram_dout0[24]' driven by pin 'gen_hidden_resi_blocks[4].hidden_layer/gen_ring_banks[0].ring_bank1/gen_sram_32x128.u_ring_sram/dout0[24]' has no loads. (LINT-2)
Warning: In design 'tcn_block', net 'gen_hidden_resi_blocks[4].hidden_layer/gen_ring_banks[0].ring_bank1/sram_dout0[25]' driven by pin 'gen_hidden_resi_blocks[4].hidden_layer/gen_ring_banks[0].ring_bank1/gen_sram_32x128.u_ring_sram/dout0[25]' has no loads. (LINT-2)
Warning: In design 'tcn_block', net 'gen_hidden_resi_blocks[4].hidden_layer/gen_ring_banks[0].ring_bank1/sram_dout0[26]' driven by pin 'gen_hidden_resi_blocks[4].hidden_layer/gen_ring_banks[0].ring_bank1/gen_sram_32x128.u_ring_sram/dout0[26]' has no loads. (LINT-2)
Warning: In design 'tcn_block', net 'gen_hidden_resi_blocks[4].hidden_layer/gen_ring_banks[0].ring_bank1/sram_dout0[27]' driven by pin 'gen_hidden_resi_blocks[4].hidden_layer/gen_ring_banks[0].ring_bank1/gen_sram_32x128.u_ring_sram/dout0[27]' has no loads. (LINT-2)
Warning: In design 'tcn_block', net 'gen_hidden_resi_blocks[4].hidden_layer/gen_ring_banks[0].ring_bank1/sram_dout0[28]' driven by pin 'gen_hidden_resi_blocks[4].hidden_layer/gen_ring_banks[0].ring_bank1/gen_sram_32x128.u_ring_sram/dout0[28]' has no loads. (LINT-2)
Warning: In design 'tcn_block', net 'gen_hidden_resi_blocks[4].hidden_layer/gen_ring_banks[0].ring_bank1/sram_dout0[29]' driven by pin 'gen_hidden_resi_blocks[4].hidden_layer/gen_ring_banks[0].ring_bank1/gen_sram_32x128.u_ring_sram/dout0[29]' has no loads. (LINT-2)
Warning: In design 'tcn_block', net 'gen_hidden_resi_blocks[4].hidden_layer/gen_ring_banks[0].ring_bank1/sram_dout0[30]' driven by pin 'gen_hidden_resi_blocks[4].hidden_layer/gen_ring_banks[0].ring_bank1/gen_sram_32x128.u_ring_sram/dout0[30]' has no loads. (LINT-2)
Warning: In design 'tcn_block', net 'gen_hidden_resi_blocks[4].hidden_layer/gen_ring_banks[0].ring_bank1/sram_dout0[31]' driven by pin 'gen_hidden_resi_blocks[4].hidden_layer/gen_ring_banks[0].ring_bank1/gen_sram_32x128.u_ring_sram/dout0[31]' has no loads. (LINT-2)
Warning: In design 'tcn_block', net 'gen_hidden_resi_blocks[5].hidden_layer/gen_ring_banks[0].ring_bank1/sram_dout0[0]' driven by pin 'gen_hidden_resi_blocks[5].hidden_layer/gen_ring_banks[0].ring_bank1/gen_sram_32x256.u_ring_sram/dout0[0]' has no loads. (LINT-2)
Warning: In design 'tcn_block', net 'gen_hidden_resi_blocks[5].hidden_layer/gen_ring_banks[0].ring_bank1/sram_dout0[1]' driven by pin 'gen_hidden_resi_blocks[5].hidden_layer/gen_ring_banks[0].ring_bank1/gen_sram_32x256.u_ring_sram/dout0[1]' has no loads. (LINT-2)
Warning: In design 'tcn_block', net 'gen_hidden_resi_blocks[5].hidden_layer/gen_ring_banks[0].ring_bank1/sram_dout0[2]' driven by pin 'gen_hidden_resi_blocks[5].hidden_layer/gen_ring_banks[0].ring_bank1/gen_sram_32x256.u_ring_sram/dout0[2]' has no loads. (LINT-2)
Warning: In design 'tcn_block', net 'gen_hidden_resi_blocks[5].hidden_layer/gen_ring_banks[0].ring_bank1/sram_dout0[3]' driven by pin 'gen_hidden_resi_blocks[5].hidden_layer/gen_ring_banks[0].ring_bank1/gen_sram_32x256.u_ring_sram/dout0[3]' has no loads. (LINT-2)
Warning: In design 'tcn_block', net 'gen_hidden_resi_blocks[5].hidden_layer/gen_ring_banks[0].ring_bank1/sram_dout0[4]' driven by pin 'gen_hidden_resi_blocks[5].hidden_layer/gen_ring_banks[0].ring_bank1/gen_sram_32x256.u_ring_sram/dout0[4]' has no loads. (LINT-2)
Warning: In design 'tcn_block', net 'gen_hidden_resi_blocks[5].hidden_layer/gen_ring_banks[0].ring_bank1/sram_dout0[5]' driven by pin 'gen_hidden_resi_blocks[5].hidden_layer/gen_ring_banks[0].ring_bank1/gen_sram_32x256.u_ring_sram/dout0[5]' has no loads. (LINT-2)
Warning: In design 'tcn_block', net 'gen_hidden_resi_blocks[5].hidden_layer/gen_ring_banks[0].ring_bank1/sram_dout0[6]' driven by pin 'gen_hidden_resi_blocks[5].hidden_layer/gen_ring_banks[0].ring_bank1/gen_sram_32x256.u_ring_sram/dout0[6]' has no loads. (LINT-2)
Warning: In design 'tcn_block', net 'gen_hidden_resi_blocks[5].hidden_layer/gen_ring_banks[0].ring_bank1/sram_dout0[7]' driven by pin 'gen_hidden_resi_blocks[5].hidden_layer/gen_ring_banks[0].ring_bank1/gen_sram_32x256.u_ring_sram/dout0[7]' has no loads. (LINT-2)
Warning: In design 'tcn_block', net 'gen_hidden_resi_blocks[5].hidden_layer/gen_ring_banks[0].ring_bank1/sram_dout0[8]' driven by pin 'gen_hidden_resi_blocks[5].hidden_layer/gen_ring_banks[0].ring_bank1/gen_sram_32x256.u_ring_sram/dout0[8]' has no loads. (LINT-2)
Warning: In design 'tcn_block', net 'gen_hidden_resi_blocks[5].hidden_layer/gen_ring_banks[0].ring_bank1/sram_dout0[9]' driven by pin 'gen_hidden_resi_blocks[5].hidden_layer/gen_ring_banks[0].ring_bank1/gen_sram_32x256.u_ring_sram/dout0[9]' has no loads. (LINT-2)
Warning: In design 'tcn_block', net 'gen_hidden_resi_blocks[5].hidden_layer/gen_ring_banks[0].ring_bank1/sram_dout0[10]' driven by pin 'gen_hidden_resi_blocks[5].hidden_layer/gen_ring_banks[0].ring_bank1/gen_sram_32x256.u_ring_sram/dout0[10]' has no loads. (LINT-2)
Warning: In design 'tcn_block', net 'gen_hidden_resi_blocks[5].hidden_layer/gen_ring_banks[0].ring_bank1/sram_dout0[11]' driven by pin 'gen_hidden_resi_blocks[5].hidden_layer/gen_ring_banks[0].ring_bank1/gen_sram_32x256.u_ring_sram/dout0[11]' has no loads. (LINT-2)
Warning: In design 'tcn_block', net 'gen_hidden_resi_blocks[5].hidden_layer/gen_ring_banks[0].ring_bank1/sram_dout0[12]' driven by pin 'gen_hidden_resi_blocks[5].hidden_layer/gen_ring_banks[0].ring_bank1/gen_sram_32x256.u_ring_sram/dout0[12]' has no loads. (LINT-2)
Warning: In design 'tcn_block', net 'gen_hidden_resi_blocks[5].hidden_layer/gen_ring_banks[0].ring_bank1/sram_dout0[13]' driven by pin 'gen_hidden_resi_blocks[5].hidden_layer/gen_ring_banks[0].ring_bank1/gen_sram_32x256.u_ring_sram/dout0[13]' has no loads. (LINT-2)
Warning: In design 'tcn_block', net 'gen_hidden_resi_blocks[5].hidden_layer/gen_ring_banks[0].ring_bank1/sram_dout0[14]' driven by pin 'gen_hidden_resi_blocks[5].hidden_layer/gen_ring_banks[0].ring_bank1/gen_sram_32x256.u_ring_sram/dout0[14]' has no loads. (LINT-2)
Warning: In design 'tcn_block', net 'gen_hidden_resi_blocks[5].hidden_layer/gen_ring_banks[0].ring_bank1/sram_dout0[15]' driven by pin 'gen_hidden_resi_blocks[5].hidden_layer/gen_ring_banks[0].ring_bank1/gen_sram_32x256.u_ring_sram/dout0[15]' has no loads. (LINT-2)
Warning: In design 'tcn_block', net 'gen_hidden_resi_blocks[5].hidden_layer/gen_ring_banks[0].ring_bank1/sram_dout0[16]' driven by pin 'gen_hidden_resi_blocks[5].hidden_layer/gen_ring_banks[0].ring_bank1/gen_sram_32x256.u_ring_sram/dout0[16]' has no loads. (LINT-2)
Warning: In design 'tcn_block', net 'gen_hidden_resi_blocks[5].hidden_layer/gen_ring_banks[0].ring_bank1/sram_dout0[17]' driven by pin 'gen_hidden_resi_blocks[5].hidden_layer/gen_ring_banks[0].ring_bank1/gen_sram_32x256.u_ring_sram/dout0[17]' has no loads. (LINT-2)
Warning: In design 'tcn_block', net 'gen_hidden_resi_blocks[5].hidden_layer/gen_ring_banks[0].ring_bank1/sram_dout0[18]' driven by pin 'gen_hidden_resi_blocks[5].hidden_layer/gen_ring_banks[0].ring_bank1/gen_sram_32x256.u_ring_sram/dout0[18]' has no loads. (LINT-2)
Warning: In design 'tcn_block', net 'gen_hidden_resi_blocks[5].hidden_layer/gen_ring_banks[0].ring_bank1/sram_dout0[19]' driven by pin 'gen_hidden_resi_blocks[5].hidden_layer/gen_ring_banks[0].ring_bank1/gen_sram_32x256.u_ring_sram/dout0[19]' has no loads. (LINT-2)
Warning: In design 'tcn_block', net 'gen_hidden_resi_blocks[5].hidden_layer/gen_ring_banks[0].ring_bank1/sram_dout0[20]' driven by pin 'gen_hidden_resi_blocks[5].hidden_layer/gen_ring_banks[0].ring_bank1/gen_sram_32x256.u_ring_sram/dout0[20]' has no loads. (LINT-2)
Warning: In design 'tcn_block', net 'gen_hidden_resi_blocks[5].hidden_layer/gen_ring_banks[0].ring_bank1/sram_dout0[21]' driven by pin 'gen_hidden_resi_blocks[5].hidden_layer/gen_ring_banks[0].ring_bank1/gen_sram_32x256.u_ring_sram/dout0[21]' has no loads. (LINT-2)
Warning: In design 'tcn_block', net 'gen_hidden_resi_blocks[5].hidden_layer/gen_ring_banks[0].ring_bank1/sram_dout0[22]' driven by pin 'gen_hidden_resi_blocks[5].hidden_layer/gen_ring_banks[0].ring_bank1/gen_sram_32x256.u_ring_sram/dout0[22]' has no loads. (LINT-2)
Warning: In design 'tcn_block', net 'gen_hidden_resi_blocks[5].hidden_layer/gen_ring_banks[0].ring_bank1/sram_dout0[23]' driven by pin 'gen_hidden_resi_blocks[5].hidden_layer/gen_ring_banks[0].ring_bank1/gen_sram_32x256.u_ring_sram/dout0[23]' has no loads. (LINT-2)
Warning: In design 'tcn_block', net 'gen_hidden_resi_blocks[5].hidden_layer/gen_ring_banks[0].ring_bank1/sram_dout0[24]' driven by pin 'gen_hidden_resi_blocks[5].hidden_layer/gen_ring_banks[0].ring_bank1/gen_sram_32x256.u_ring_sram/dout0[24]' has no loads. (LINT-2)
Warning: In design 'tcn_block', net 'gen_hidden_resi_blocks[5].hidden_layer/gen_ring_banks[0].ring_bank1/sram_dout0[25]' driven by pin 'gen_hidden_resi_blocks[5].hidden_layer/gen_ring_banks[0].ring_bank1/gen_sram_32x256.u_ring_sram/dout0[25]' has no loads. (LINT-2)
Warning: In design 'tcn_block', net 'gen_hidden_resi_blocks[5].hidden_layer/gen_ring_banks[0].ring_bank1/sram_dout0[26]' driven by pin 'gen_hidden_resi_blocks[5].hidden_layer/gen_ring_banks[0].ring_bank1/gen_sram_32x256.u_ring_sram/dout0[26]' has no loads. (LINT-2)
Warning: In design 'tcn_block', net 'gen_hidden_resi_blocks[5].hidden_layer/gen_ring_banks[0].ring_bank1/sram_dout0[27]' driven by pin 'gen_hidden_resi_blocks[5].hidden_layer/gen_ring_banks[0].ring_bank1/gen_sram_32x256.u_ring_sram/dout0[27]' has no loads. (LINT-2)
Warning: In design 'tcn_block', net 'gen_hidden_resi_blocks[5].hidden_layer/gen_ring_banks[0].ring_bank1/sram_dout0[28]' driven by pin 'gen_hidden_resi_blocks[5].hidden_layer/gen_ring_banks[0].ring_bank1/gen_sram_32x256.u_ring_sram/dout0[28]' has no loads. (LINT-2)
Warning: In design 'tcn_block', net 'gen_hidden_resi_blocks[5].hidden_layer/gen_ring_banks[0].ring_bank1/sram_dout0[29]' driven by pin 'gen_hidden_resi_blocks[5].hidden_layer/gen_ring_banks[0].ring_bank1/gen_sram_32x256.u_ring_sram/dout0[29]' has no loads. (LINT-2)
Warning: In design 'tcn_block', net 'gen_hidden_resi_blocks[5].hidden_layer/gen_ring_banks[0].ring_bank1/sram_dout0[30]' driven by pin 'gen_hidden_resi_blocks[5].hidden_layer/gen_ring_banks[0].ring_bank1/gen_sram_32x256.u_ring_sram/dout0[30]' has no loads. (LINT-2)
Warning: In design 'tcn_block', net 'gen_hidden_resi_blocks[5].hidden_layer/gen_ring_banks[0].ring_bank1/sram_dout0[31]' driven by pin 'gen_hidden_resi_blocks[5].hidden_layer/gen_ring_banks[0].ring_bank1/gen_sram_32x256.u_ring_sram/dout0[31]' has no loads. (LINT-2)
Warning: In design 'input_block_IN_CHANNELS6_OUT_CHANNELS16_W_BIT_WIDTH8_B_BIT_WIDTH32_KERNEL_LEN3', a pin on submodule 'gen_input_ring_banks[1].ring_bank1' is connected to logic 1 or logic 0. (LINT-32)
   Pin 'data_in[31]' is connected to logic 0. 
Warning: In design 'input_block_IN_CHANNELS6_OUT_CHANNELS16_W_BIT_WIDTH8_B_BIT_WIDTH32_KERNEL_LEN3', a pin on submodule 'gen_input_ring_banks[1].ring_bank1' is connected to logic 1 or logic 0. (LINT-32)
   Pin 'data_in[30]' is connected to logic 0. 
Warning: In design 'input_block_IN_CHANNELS6_OUT_CHANNELS16_W_BIT_WIDTH8_B_BIT_WIDTH32_KERNEL_LEN3', a pin on submodule 'gen_input_ring_banks[1].ring_bank1' is connected to logic 1 or logic 0. (LINT-32)
   Pin 'data_in[29]' is connected to logic 0. 
Warning: In design 'input_block_IN_CHANNELS6_OUT_CHANNELS16_W_BIT_WIDTH8_B_BIT_WIDTH32_KERNEL_LEN3', a pin on submodule 'gen_input_ring_banks[1].ring_bank1' is connected to logic 1 or logic 0. (LINT-32)
   Pin 'data_in[28]' is connected to logic 0. 
Warning: In design 'input_block_IN_CHANNELS6_OUT_CHANNELS16_W_BIT_WIDTH8_B_BIT_WIDTH32_KERNEL_LEN3', a pin on submodule 'gen_input_ring_banks[1].ring_bank1' is connected to logic 1 or logic 0. (LINT-32)
   Pin 'data_in[27]' is connected to logic 0. 
Warning: In design 'input_block_IN_CHANNELS6_OUT_CHANNELS16_W_BIT_WIDTH8_B_BIT_WIDTH32_KERNEL_LEN3', a pin on submodule 'gen_input_ring_banks[1].ring_bank1' is connected to logic 1 or logic 0. (LINT-32)
   Pin 'data_in[26]' is connected to logic 0. 
Warning: In design 'input_block_IN_CHANNELS6_OUT_CHANNELS16_W_BIT_WIDTH8_B_BIT_WIDTH32_KERNEL_LEN3', a pin on submodule 'gen_input_ring_banks[1].ring_bank1' is connected to logic 1 or logic 0. (LINT-32)
   Pin 'data_in[25]' is connected to logic 0. 
Warning: In design 'input_block_IN_CHANNELS6_OUT_CHANNELS16_W_BIT_WIDTH8_B_BIT_WIDTH32_KERNEL_LEN3', a pin on submodule 'gen_input_ring_banks[1].ring_bank1' is connected to logic 1 or logic 0. (LINT-32)
   Pin 'data_in[24]' is connected to logic 0. 
Warning: In design 'input_block_IN_CHANNELS6_OUT_CHANNELS16_W_BIT_WIDTH8_B_BIT_WIDTH32_KERNEL_LEN3', a pin on submodule 'gen_input_ring_banks[1].ring_bank1' is connected to logic 1 or logic 0. (LINT-32)
   Pin 'data_in[23]' is connected to logic 0. 
Warning: In design 'input_block_IN_CHANNELS6_OUT_CHANNELS16_W_BIT_WIDTH8_B_BIT_WIDTH32_KERNEL_LEN3', a pin on submodule 'gen_input_ring_banks[1].ring_bank1' is connected to logic 1 or logic 0. (LINT-32)
   Pin 'data_in[22]' is connected to logic 0. 
Warning: In design 'input_block_IN_CHANNELS6_OUT_CHANNELS16_W_BIT_WIDTH8_B_BIT_WIDTH32_KERNEL_LEN3', a pin on submodule 'gen_input_ring_banks[1].ring_bank1' is connected to logic 1 or logic 0. (LINT-32)
   Pin 'data_in[21]' is connected to logic 0. 
Warning: In design 'input_block_IN_CHANNELS6_OUT_CHANNELS16_W_BIT_WIDTH8_B_BIT_WIDTH32_KERNEL_LEN3', a pin on submodule 'gen_input_ring_banks[1].ring_bank1' is connected to logic 1 or logic 0. (LINT-32)
   Pin 'data_in[20]' is connected to logic 0. 
Warning: In design 'input_block_IN_CHANNELS6_OUT_CHANNELS16_W_BIT_WIDTH8_B_BIT_WIDTH32_KERNEL_LEN3', a pin on submodule 'gen_input_ring_banks[1].ring_bank1' is connected to logic 1 or logic 0. (LINT-32)
   Pin 'data_in[19]' is connected to logic 0. 
Warning: In design 'input_block_IN_CHANNELS6_OUT_CHANNELS16_W_BIT_WIDTH8_B_BIT_WIDTH32_KERNEL_LEN3', a pin on submodule 'gen_input_ring_banks[1].ring_bank1' is connected to logic 1 or logic 0. (LINT-32)
   Pin 'data_in[18]' is connected to logic 0. 
Warning: In design 'input_block_IN_CHANNELS6_OUT_CHANNELS16_W_BIT_WIDTH8_B_BIT_WIDTH32_KERNEL_LEN3', a pin on submodule 'gen_input_ring_banks[1].ring_bank1' is connected to logic 1 or logic 0. (LINT-32)
   Pin 'data_in[17]' is connected to logic 0. 
Warning: In design 'input_block_IN_CHANNELS6_OUT_CHANNELS16_W_BIT_WIDTH8_B_BIT_WIDTH32_KERNEL_LEN3', a pin on submodule 'gen_input_ring_banks[1].ring_bank1' is connected to logic 1 or logic 0. (LINT-32)
   Pin 'data_in[16]' is connected to logic 0. 
Warning: In design 'resi_block_NUM_CHANNELS16_W_BIT_WIDTH8_B_BIT_WIDTH32_KERNEL_LEN3_DILATION2', a pin on submodule 'gen_ring_banks[0].ring_bank1' is connected to logic 1 or logic 0. (LINT-32)
   Pin 'read_offset[1]' is connected to logic 0. 
Warning: In design 'resi_block_NUM_CHANNELS16_W_BIT_WIDTH8_B_BIT_WIDTH32_KERNEL_LEN3_DILATION2', a pin on submodule 'gen_ring_banks[0].ring_bank2' is connected to logic 1 or logic 0. (LINT-32)
   Pin 'read_offset[1]' is connected to logic 0. 
Warning: In design 'resi_block_NUM_CHANNELS16_W_BIT_WIDTH8_B_BIT_WIDTH32_KERNEL_LEN3_DILATION2', a pin on submodule 'gen_ring_banks[1].ring_bank1' is connected to logic 1 or logic 0. (LINT-32)
   Pin 'read_offset[1]' is connected to logic 0. 
Warning: In design 'resi_block_NUM_CHANNELS16_W_BIT_WIDTH8_B_BIT_WIDTH32_KERNEL_LEN3_DILATION2', a pin on submodule 'gen_ring_banks[1].ring_bank2' is connected to logic 1 or logic 0. (LINT-32)
   Pin 'read_offset[1]' is connected to logic 0. 
Warning: In design 'resi_block_NUM_CHANNELS16_W_BIT_WIDTH8_B_BIT_WIDTH32_KERNEL_LEN3_DILATION2', a pin on submodule 'gen_ring_banks[2].ring_bank1' is connected to logic 1 or logic 0. (LINT-32)
   Pin 'read_offset[1]' is connected to logic 0. 
Warning: In design 'resi_block_NUM_CHANNELS16_W_BIT_WIDTH8_B_BIT_WIDTH32_KERNEL_LEN3_DILATION2', a pin on submodule 'gen_ring_banks[2].ring_bank2' is connected to logic 1 or logic 0. (LINT-32)
   Pin 'read_offset[1]' is connected to logic 0. 
Warning: In design 'resi_block_NUM_CHANNELS16_W_BIT_WIDTH8_B_BIT_WIDTH32_KERNEL_LEN3_DILATION2', a pin on submodule 'gen_ring_banks[3].ring_bank1' is connected to logic 1 or logic 0. (LINT-32)
   Pin 'read_offset[1]' is connected to logic 0. 
Warning: In design 'resi_block_NUM_CHANNELS16_W_BIT_WIDTH8_B_BIT_WIDTH32_KERNEL_LEN3_DILATION2', a pin on submodule 'gen_ring_banks[3].ring_bank2' is connected to logic 1 or logic 0. (LINT-32)
   Pin 'read_offset[1]' is connected to logic 0. 
Warning: In design 'resi_block_NUM_CHANNELS16_W_BIT_WIDTH8_B_BIT_WIDTH32_KERNEL_LEN3_DILATION4', a pin on submodule 'gen_ring_banks[0].ring_bank1' is connected to logic 1 or logic 0. (LINT-32)
   Pin 'read_offset[2]' is connected to logic 0. 
Warning: In design 'resi_block_NUM_CHANNELS16_W_BIT_WIDTH8_B_BIT_WIDTH32_KERNEL_LEN3_DILATION4', a pin on submodule 'gen_ring_banks[0].ring_bank2' is connected to logic 1 or logic 0. (LINT-32)
   Pin 'read_offset[2]' is connected to logic 0. 
Warning: In design 'resi_block_NUM_CHANNELS16_W_BIT_WIDTH8_B_BIT_WIDTH32_KERNEL_LEN3_DILATION4', a pin on submodule 'gen_ring_banks[1].ring_bank1' is connected to logic 1 or logic 0. (LINT-32)
   Pin 'read_offset[2]' is connected to logic 0. 
Warning: In design 'resi_block_NUM_CHANNELS16_W_BIT_WIDTH8_B_BIT_WIDTH32_KERNEL_LEN3_DILATION4', a pin on submodule 'gen_ring_banks[1].ring_bank2' is connected to logic 1 or logic 0. (LINT-32)
   Pin 'read_offset[2]' is connected to logic 0. 
Warning: In design 'resi_block_NUM_CHANNELS16_W_BIT_WIDTH8_B_BIT_WIDTH32_KERNEL_LEN3_DILATION4', a pin on submodule 'gen_ring_banks[2].ring_bank1' is connected to logic 1 or logic 0. (LINT-32)
   Pin 'read_offset[2]' is connected to logic 0. 
Warning: In design 'resi_block_NUM_CHANNELS16_W_BIT_WIDTH8_B_BIT_WIDTH32_KERNEL_LEN3_DILATION4', a pin on submodule 'gen_ring_banks[2].ring_bank2' is connected to logic 1 or logic 0. (LINT-32)
   Pin 'read_offset[2]' is connected to logic 0. 
Warning: In design 'resi_block_NUM_CHANNELS16_W_BIT_WIDTH8_B_BIT_WIDTH32_KERNEL_LEN3_DILATION4', a pin on submodule 'gen_ring_banks[3].ring_bank1' is connected to logic 1 or logic 0. (LINT-32)
   Pin 'read_offset[2]' is connected to logic 0. 
Warning: In design 'resi_block_NUM_CHANNELS16_W_BIT_WIDTH8_B_BIT_WIDTH32_KERNEL_LEN3_DILATION4', a pin on submodule 'gen_ring_banks[3].ring_bank2' is connected to logic 1 or logic 0. (LINT-32)
   Pin 'read_offset[2]' is connected to logic 0. 
Warning: In design 'resi_block_NUM_CHANNELS16_W_BIT_WIDTH8_B_BIT_WIDTH32_KERNEL_LEN3_DILATION8', a pin on submodule 'gen_ring_banks[0].ring_bank1' is connected to logic 1 or logic 0. (LINT-32)
   Pin 'read_offset[3]' is connected to logic 0. 
Warning: In design 'resi_block_NUM_CHANNELS16_W_BIT_WIDTH8_B_BIT_WIDTH32_KERNEL_LEN3_DILATION8', a pin on submodule 'gen_ring_banks[0].ring_bank2' is connected to logic 1 or logic 0. (LINT-32)
   Pin 'read_offset[3]' is connected to logic 0. 
Warning: In design 'resi_block_NUM_CHANNELS16_W_BIT_WIDTH8_B_BIT_WIDTH32_KERNEL_LEN3_DILATION8', a pin on submodule 'gen_ring_banks[1].ring_bank1' is connected to logic 1 or logic 0. (LINT-32)
   Pin 'read_offset[3]' is connected to logic 0. 
Warning: In design 'resi_block_NUM_CHANNELS16_W_BIT_WIDTH8_B_BIT_WIDTH32_KERNEL_LEN3_DILATION8', a pin on submodule 'gen_ring_banks[1].ring_bank2' is connected to logic 1 or logic 0. (LINT-32)
   Pin 'read_offset[3]' is connected to logic 0. 
Warning: In design 'resi_block_NUM_CHANNELS16_W_BIT_WIDTH8_B_BIT_WIDTH32_KERNEL_LEN3_DILATION8', a pin on submodule 'gen_ring_banks[2].ring_bank1' is connected to logic 1 or logic 0. (LINT-32)
   Pin 'read_offset[3]' is connected to logic 0. 
Warning: In design 'resi_block_NUM_CHANNELS16_W_BIT_WIDTH8_B_BIT_WIDTH32_KERNEL_LEN3_DILATION8', a pin on submodule 'gen_ring_banks[2].ring_bank2' is connected to logic 1 or logic 0. (LINT-32)
   Pin 'read_offset[3]' is connected to logic 0. 
Warning: In design 'resi_block_NUM_CHANNELS16_W_BIT_WIDTH8_B_BIT_WIDTH32_KERNEL_LEN3_DILATION8', a pin on submodule 'gen_ring_banks[3].ring_bank1' is connected to logic 1 or logic 0. (LINT-32)
   Pin 'read_offset[3]' is connected to logic 0. 
Warning: In design 'resi_block_NUM_CHANNELS16_W_BIT_WIDTH8_B_BIT_WIDTH32_KERNEL_LEN3_DILATION8', a pin on submodule 'gen_ring_banks[3].ring_bank2' is connected to logic 1 or logic 0. (LINT-32)
   Pin 'read_offset[3]' is connected to logic 0. 
Warning: In design 'resi_block_NUM_CHANNELS16_W_BIT_WIDTH8_B_BIT_WIDTH32_KERNEL_LEN3_DILATION16', a pin on submodule 'gen_ring_banks[0].ring_bank1' is connected to logic 1 or logic 0. (LINT-32)
   Pin 'read_offset[4]' is connected to logic 0. 
Warning: In design 'resi_block_NUM_CHANNELS16_W_BIT_WIDTH8_B_BIT_WIDTH32_KERNEL_LEN3_DILATION16', a pin on submodule 'gen_ring_banks[0].ring_bank2' is connected to logic 1 or logic 0. (LINT-32)
   Pin 'read_offset[4]' is connected to logic 0. 
Warning: In design 'resi_block_NUM_CHANNELS16_W_BIT_WIDTH8_B_BIT_WIDTH32_KERNEL_LEN3_DILATION16', a pin on submodule 'gen_ring_banks[1].ring_bank1' is connected to logic 1 or logic 0. (LINT-32)
   Pin 'read_offset[4]' is connected to logic 0. 
Warning: In design 'resi_block_NUM_CHANNELS16_W_BIT_WIDTH8_B_BIT_WIDTH32_KERNEL_LEN3_DILATION16', a pin on submodule 'gen_ring_banks[1].ring_bank2' is connected to logic 1 or logic 0. (LINT-32)
   Pin 'read_offset[4]' is connected to logic 0. 
Warning: In design 'resi_block_NUM_CHANNELS16_W_BIT_WIDTH8_B_BIT_WIDTH32_KERNEL_LEN3_DILATION16', a pin on submodule 'gen_ring_banks[2].ring_bank1' is connected to logic 1 or logic 0. (LINT-32)
   Pin 'read_offset[4]' is connected to logic 0. 
Warning: In design 'resi_block_NUM_CHANNELS16_W_BIT_WIDTH8_B_BIT_WIDTH32_KERNEL_LEN3_DILATION16', a pin on submodule 'gen_ring_banks[2].ring_bank2' is connected to logic 1 or logic 0. (LINT-32)
   Pin 'read_offset[4]' is connected to logic 0. 
Warning: In design 'resi_block_NUM_CHANNELS16_W_BIT_WIDTH8_B_BIT_WIDTH32_KERNEL_LEN3_DILATION16', a pin on submodule 'gen_ring_banks[3].ring_bank1' is connected to logic 1 or logic 0. (LINT-32)
   Pin 'read_offset[4]' is connected to logic 0. 
Warning: In design 'resi_block_NUM_CHANNELS16_W_BIT_WIDTH8_B_BIT_WIDTH32_KERNEL_LEN3_DILATION16', a pin on submodule 'gen_ring_banks[3].ring_bank2' is connected to logic 1 or logic 0. (LINT-32)
   Pin 'read_offset[4]' is connected to logic 0. 
Warning: In design 'resi_block_NUM_CHANNELS16_W_BIT_WIDTH8_B_BIT_WIDTH32_KERNEL_LEN3_DILATION32', a pin on submodule 'gen_ring_banks[0].ring_bank1' is connected to logic 1 or logic 0. (LINT-32)
   Pin 'read_offset[5]' is connected to logic 0. 
Warning: In design 'resi_block_NUM_CHANNELS16_W_BIT_WIDTH8_B_BIT_WIDTH32_KERNEL_LEN3_DILATION32', a pin on submodule 'gen_ring_banks[0].ring_bank2' is connected to logic 1 or logic 0. (LINT-32)
   Pin 'read_offset[5]' is connected to logic 0. 
Warning: In design 'resi_block_NUM_CHANNELS16_W_BIT_WIDTH8_B_BIT_WIDTH32_KERNEL_LEN3_DILATION32', a pin on submodule 'gen_ring_banks[1].ring_bank1' is connected to logic 1 or logic 0. (LINT-32)
   Pin 'read_offset[5]' is connected to logic 0. 
Warning: In design 'resi_block_NUM_CHANNELS16_W_BIT_WIDTH8_B_BIT_WIDTH32_KERNEL_LEN3_DILATION32', a pin on submodule 'gen_ring_banks[1].ring_bank2' is connected to logic 1 or logic 0. (LINT-32)
   Pin 'read_offset[5]' is connected to logic 0. 
Warning: In design 'resi_block_NUM_CHANNELS16_W_BIT_WIDTH8_B_BIT_WIDTH32_KERNEL_LEN3_DILATION32', a pin on submodule 'gen_ring_banks[2].ring_bank1' is connected to logic 1 or logic 0. (LINT-32)
   Pin 'read_offset[5]' is connected to logic 0. 
Warning: In design 'resi_block_NUM_CHANNELS16_W_BIT_WIDTH8_B_BIT_WIDTH32_KERNEL_LEN3_DILATION32', a pin on submodule 'gen_ring_banks[2].ring_bank2' is connected to logic 1 or logic 0. (LINT-32)
   Pin 'read_offset[5]' is connected to logic 0. 
Warning: In design 'resi_block_NUM_CHANNELS16_W_BIT_WIDTH8_B_BIT_WIDTH32_KERNEL_LEN3_DILATION32', a pin on submodule 'gen_ring_banks[3].ring_bank1' is connected to logic 1 or logic 0. (LINT-32)
   Pin 'read_offset[5]' is connected to logic 0. 
Warning: In design 'resi_block_NUM_CHANNELS16_W_BIT_WIDTH8_B_BIT_WIDTH32_KERNEL_LEN3_DILATION32', a pin on submodule 'gen_ring_banks[3].ring_bank2' is connected to logic 1 or logic 0. (LINT-32)
   Pin 'read_offset[5]' is connected to logic 0. 
Warning: In design 'resi_block_NUM_CHANNELS16_W_BIT_WIDTH8_B_BIT_WIDTH32_KERNEL_LEN3_DILATION64', a pin on submodule 'gen_ring_banks[0].ring_bank1' is connected to logic 1 or logic 0. (LINT-32)
   Pin 'read_offset[6]' is connected to logic 0. 
Warning: In design 'resi_block_NUM_CHANNELS16_W_BIT_WIDTH8_B_BIT_WIDTH32_KERNEL_LEN3_DILATION64', a pin on submodule 'gen_ring_banks[0].ring_bank2' is connected to logic 1 or logic 0. (LINT-32)
   Pin 'read_offset[6]' is connected to logic 0. 
Warning: In design 'resi_block_NUM_CHANNELS16_W_BIT_WIDTH8_B_BIT_WIDTH32_KERNEL_LEN3_DILATION64', a pin on submodule 'gen_ring_banks[1].ring_bank1' is connected to logic 1 or logic 0. (LINT-32)
   Pin 'read_offset[6]' is connected to logic 0. 
Warning: In design 'resi_block_NUM_CHANNELS16_W_BIT_WIDTH8_B_BIT_WIDTH32_KERNEL_LEN3_DILATION64', a pin on submodule 'gen_ring_banks[1].ring_bank2' is connected to logic 1 or logic 0. (LINT-32)
   Pin 'read_offset[6]' is connected to logic 0. 
Warning: In design 'resi_block_NUM_CHANNELS16_W_BIT_WIDTH8_B_BIT_WIDTH32_KERNEL_LEN3_DILATION64', a pin on submodule 'gen_ring_banks[2].ring_bank1' is connected to logic 1 or logic 0. (LINT-32)
   Pin 'read_offset[6]' is connected to logic 0. 
Warning: In design 'resi_block_NUM_CHANNELS16_W_BIT_WIDTH8_B_BIT_WIDTH32_KERNEL_LEN3_DILATION64', a pin on submodule 'gen_ring_banks[2].ring_bank2' is connected to logic 1 or logic 0. (LINT-32)
   Pin 'read_offset[6]' is connected to logic 0. 
Warning: In design 'resi_block_NUM_CHANNELS16_W_BIT_WIDTH8_B_BIT_WIDTH32_KERNEL_LEN3_DILATION64', a pin on submodule 'gen_ring_banks[3].ring_bank1' is connected to logic 1 or logic 0. (LINT-32)
   Pin 'read_offset[6]' is connected to logic 0. 
Warning: In design 'resi_block_NUM_CHANNELS16_W_BIT_WIDTH8_B_BIT_WIDTH32_KERNEL_LEN3_DILATION64', a pin on submodule 'gen_ring_banks[3].ring_bank2' is connected to logic 1 or logic 0. (LINT-32)
   Pin 'read_offset[6]' is connected to logic 0. 
Warning: In design 'input_block_IN_CHANNELS6_OUT_CHANNELS16_W_BIT_WIDTH8_B_BIT_WIDTH32_KERNEL_LEN3', the same net is connected to more than one pin on submodule 'init_mac1'. (LINT-33)
   Net 'selectedIn1[7]' is connected to pins 'x[0][7]', 'x[1][7]'', 'x[2][7]', 'x[3][7]', 'x[4][7]', 'x[5][7]', 'x[6][7]', 'x[7][7]', 'x[8][7]', 'x[9][7]', 'x[10][7]', 'x[11][7]', 'x[12][7]', 'x[13][7]', 'x[14][7]', 'x[15][7]'.
Warning: In design 'input_block_IN_CHANNELS6_OUT_CHANNELS16_W_BIT_WIDTH8_B_BIT_WIDTH32_KERNEL_LEN3', the same net is connected to more than one pin on submodule 'init_mac1'. (LINT-33)
   Net 'selectedIn1[6]' is connected to pins 'x[0][6]', 'x[1][6]'', 'x[2][6]', 'x[3][6]', 'x[4][6]', 'x[5][6]', 'x[6][6]', 'x[7][6]', 'x[8][6]', 'x[9][6]', 'x[10][6]', 'x[11][6]', 'x[12][6]', 'x[13][6]', 'x[14][6]', 'x[15][6]'.
Warning: In design 'input_block_IN_CHANNELS6_OUT_CHANNELS16_W_BIT_WIDTH8_B_BIT_WIDTH32_KERNEL_LEN3', the same net is connected to more than one pin on submodule 'init_mac1'. (LINT-33)
   Net 'selectedIn1[5]' is connected to pins 'x[0][5]', 'x[1][5]'', 'x[2][5]', 'x[3][5]', 'x[4][5]', 'x[5][5]', 'x[6][5]', 'x[7][5]', 'x[8][5]', 'x[9][5]', 'x[10][5]', 'x[11][5]', 'x[12][5]', 'x[13][5]', 'x[14][5]', 'x[15][5]'.
Warning: In design 'input_block_IN_CHANNELS6_OUT_CHANNELS16_W_BIT_WIDTH8_B_BIT_WIDTH32_KERNEL_LEN3', the same net is connected to more than one pin on submodule 'init_mac1'. (LINT-33)
   Net 'selectedIn1[4]' is connected to pins 'x[0][4]', 'x[1][4]'', 'x[2][4]', 'x[3][4]', 'x[4][4]', 'x[5][4]', 'x[6][4]', 'x[7][4]', 'x[8][4]', 'x[9][4]', 'x[10][4]', 'x[11][4]', 'x[12][4]', 'x[13][4]', 'x[14][4]', 'x[15][4]'.
Warning: In design 'input_block_IN_CHANNELS6_OUT_CHANNELS16_W_BIT_WIDTH8_B_BIT_WIDTH32_KERNEL_LEN3', the same net is connected to more than one pin on submodule 'init_mac1'. (LINT-33)
   Net 'selectedIn1[3]' is connected to pins 'x[0][3]', 'x[1][3]'', 'x[2][3]', 'x[3][3]', 'x[4][3]', 'x[5][3]', 'x[6][3]', 'x[7][3]', 'x[8][3]', 'x[9][3]', 'x[10][3]', 'x[11][3]', 'x[12][3]', 'x[13][3]', 'x[14][3]', 'x[15][3]'.
Warning: In design 'input_block_IN_CHANNELS6_OUT_CHANNELS16_W_BIT_WIDTH8_B_BIT_WIDTH32_KERNEL_LEN3', the same net is connected to more than one pin on submodule 'init_mac1'. (LINT-33)
   Net 'selectedIn1[2]' is connected to pins 'x[0][2]', 'x[1][2]'', 'x[2][2]', 'x[3][2]', 'x[4][2]', 'x[5][2]', 'x[6][2]', 'x[7][2]', 'x[8][2]', 'x[9][2]', 'x[10][2]', 'x[11][2]', 'x[12][2]', 'x[13][2]', 'x[14][2]', 'x[15][2]'.
Warning: In design 'input_block_IN_CHANNELS6_OUT_CHANNELS16_W_BIT_WIDTH8_B_BIT_WIDTH32_KERNEL_LEN3', the same net is connected to more than one pin on submodule 'init_mac1'. (LINT-33)
   Net 'selectedIn1[1]' is connected to pins 'x[0][1]', 'x[1][1]'', 'x[2][1]', 'x[3][1]', 'x[4][1]', 'x[5][1]', 'x[6][1]', 'x[7][1]', 'x[8][1]', 'x[9][1]', 'x[10][1]', 'x[11][1]', 'x[12][1]', 'x[13][1]', 'x[14][1]', 'x[15][1]'.
Warning: In design 'input_block_IN_CHANNELS6_OUT_CHANNELS16_W_BIT_WIDTH8_B_BIT_WIDTH32_KERNEL_LEN3', the same net is connected to more than one pin on submodule 'init_mac1'. (LINT-33)
   Net 'selectedIn1[0]' is connected to pins 'x[0][0]', 'x[1][0]'', 'x[2][0]', 'x[3][0]', 'x[4][0]', 'x[5][0]', 'x[6][0]', 'x[7][0]', 'x[8][0]', 'x[9][0]', 'x[10][0]', 'x[11][0]', 'x[12][0]', 'x[13][0]', 'x[14][0]', 'x[15][0]'.
Warning: In design 'input_block_IN_CHANNELS6_OUT_CHANNELS16_W_BIT_WIDTH8_B_BIT_WIDTH32_KERNEL_LEN3', the same net is connected to more than one pin on submodule 'init_mac2'. (LINT-33)
   Net 'selectedIn2[7]' is connected to pins 'x[0][7]', 'x[1][7]'', 'x[2][7]', 'x[3][7]', 'x[4][7]', 'x[5][7]', 'x[6][7]', 'x[7][7]', 'x[8][7]', 'x[9][7]', 'x[10][7]', 'x[11][7]', 'x[12][7]', 'x[13][7]', 'x[14][7]', 'x[15][7]'.
Warning: In design 'input_block_IN_CHANNELS6_OUT_CHANNELS16_W_BIT_WIDTH8_B_BIT_WIDTH32_KERNEL_LEN3', the same net is connected to more than one pin on submodule 'init_mac2'. (LINT-33)
   Net 'selectedIn2[6]' is connected to pins 'x[0][6]', 'x[1][6]'', 'x[2][6]', 'x[3][6]', 'x[4][6]', 'x[5][6]', 'x[6][6]', 'x[7][6]', 'x[8][6]', 'x[9][6]', 'x[10][6]', 'x[11][6]', 'x[12][6]', 'x[13][6]', 'x[14][6]', 'x[15][6]'.
Warning: In design 'input_block_IN_CHANNELS6_OUT_CHANNELS16_W_BIT_WIDTH8_B_BIT_WIDTH32_KERNEL_LEN3', the same net is connected to more than one pin on submodule 'init_mac2'. (LINT-33)
   Net 'selectedIn2[5]' is connected to pins 'x[0][5]', 'x[1][5]'', 'x[2][5]', 'x[3][5]', 'x[4][5]', 'x[5][5]', 'x[6][5]', 'x[7][5]', 'x[8][5]', 'x[9][5]', 'x[10][5]', 'x[11][5]', 'x[12][5]', 'x[13][5]', 'x[14][5]', 'x[15][5]'.
Warning: In design 'input_block_IN_CHANNELS6_OUT_CHANNELS16_W_BIT_WIDTH8_B_BIT_WIDTH32_KERNEL_LEN3', the same net is connected to more than one pin on submodule 'init_mac2'. (LINT-33)
   Net 'selectedIn2[4]' is connected to pins 'x[0][4]', 'x[1][4]'', 'x[2][4]', 'x[3][4]', 'x[4][4]', 'x[5][4]', 'x[6][4]', 'x[7][4]', 'x[8][4]', 'x[9][4]', 'x[10][4]', 'x[11][4]', 'x[12][4]', 'x[13][4]', 'x[14][4]', 'x[15][4]'.
Warning: In design 'input_block_IN_CHANNELS6_OUT_CHANNELS16_W_BIT_WIDTH8_B_BIT_WIDTH32_KERNEL_LEN3', the same net is connected to more than one pin on submodule 'init_mac2'. (LINT-33)
   Net 'selectedIn2[3]' is connected to pins 'x[0][3]', 'x[1][3]'', 'x[2][3]', 'x[3][3]', 'x[4][3]', 'x[5][3]', 'x[6][3]', 'x[7][3]', 'x[8][3]', 'x[9][3]', 'x[10][3]', 'x[11][3]', 'x[12][3]', 'x[13][3]', 'x[14][3]', 'x[15][3]'.
Warning: In design 'input_block_IN_CHANNELS6_OUT_CHANNELS16_W_BIT_WIDTH8_B_BIT_WIDTH32_KERNEL_LEN3', the same net is connected to more than one pin on submodule 'init_mac2'. (LINT-33)
   Net 'selectedIn2[2]' is connected to pins 'x[0][2]', 'x[1][2]'', 'x[2][2]', 'x[3][2]', 'x[4][2]', 'x[5][2]', 'x[6][2]', 'x[7][2]', 'x[8][2]', 'x[9][2]', 'x[10][2]', 'x[11][2]', 'x[12][2]', 'x[13][2]', 'x[14][2]', 'x[15][2]'.
Warning: In design 'input_block_IN_CHANNELS6_OUT_CHANNELS16_W_BIT_WIDTH8_B_BIT_WIDTH32_KERNEL_LEN3', the same net is connected to more than one pin on submodule 'init_mac2'. (LINT-33)
   Net 'selectedIn2[1]' is connected to pins 'x[0][1]', 'x[1][1]'', 'x[2][1]', 'x[3][1]', 'x[4][1]', 'x[5][1]', 'x[6][1]', 'x[7][1]', 'x[8][1]', 'x[9][1]', 'x[10][1]', 'x[11][1]', 'x[12][1]', 'x[13][1]', 'x[14][1]', 'x[15][1]'.
Warning: In design 'input_block_IN_CHANNELS6_OUT_CHANNELS16_W_BIT_WIDTH8_B_BIT_WIDTH32_KERNEL_LEN3', the same net is connected to more than one pin on submodule 'init_mac2'. (LINT-33)
   Net 'selectedIn2[0]' is connected to pins 'x[0][0]', 'x[1][0]'', 'x[2][0]', 'x[3][0]', 'x[4][0]', 'x[5][0]', 'x[6][0]', 'x[7][0]', 'x[8][0]', 'x[9][0]', 'x[10][0]', 'x[11][0]', 'x[12][0]', 'x[13][0]', 'x[14][0]', 'x[15][0]'.
Warning: In design 'input_block_IN_CHANNELS6_OUT_CHANNELS16_W_BIT_WIDTH8_B_BIT_WIDTH32_KERNEL_LEN3', the same net is connected to more than one pin on submodule 'init_residual_mac'. (LINT-33)
   Net 'selectedIn1[7]' is connected to pins 'x[0][7]', 'x[1][7]'', 'x[2][7]', 'x[3][7]', 'x[4][7]', 'x[5][7]', 'x[6][7]', 'x[7][7]', 'x[8][7]', 'x[9][7]', 'x[10][7]', 'x[11][7]', 'x[12][7]', 'x[13][7]', 'x[14][7]', 'x[15][7]'.
Warning: In design 'input_block_IN_CHANNELS6_OUT_CHANNELS16_W_BIT_WIDTH8_B_BIT_WIDTH32_KERNEL_LEN3', the same net is connected to more than one pin on submodule 'init_residual_mac'. (LINT-33)
   Net 'selectedIn1[6]' is connected to pins 'x[0][6]', 'x[1][6]'', 'x[2][6]', 'x[3][6]', 'x[4][6]', 'x[5][6]', 'x[6][6]', 'x[7][6]', 'x[8][6]', 'x[9][6]', 'x[10][6]', 'x[11][6]', 'x[12][6]', 'x[13][6]', 'x[14][6]', 'x[15][6]'.
Warning: In design 'input_block_IN_CHANNELS6_OUT_CHANNELS16_W_BIT_WIDTH8_B_BIT_WIDTH32_KERNEL_LEN3', the same net is connected to more than one pin on submodule 'init_residual_mac'. (LINT-33)
   Net 'selectedIn1[5]' is connected to pins 'x[0][5]', 'x[1][5]'', 'x[2][5]', 'x[3][5]', 'x[4][5]', 'x[5][5]', 'x[6][5]', 'x[7][5]', 'x[8][5]', 'x[9][5]', 'x[10][5]', 'x[11][5]', 'x[12][5]', 'x[13][5]', 'x[14][5]', 'x[15][5]'.
Warning: In design 'input_block_IN_CHANNELS6_OUT_CHANNELS16_W_BIT_WIDTH8_B_BIT_WIDTH32_KERNEL_LEN3', the same net is connected to more than one pin on submodule 'init_residual_mac'. (LINT-33)
   Net 'selectedIn1[4]' is connected to pins 'x[0][4]', 'x[1][4]'', 'x[2][4]', 'x[3][4]', 'x[4][4]', 'x[5][4]', 'x[6][4]', 'x[7][4]', 'x[8][4]', 'x[9][4]', 'x[10][4]', 'x[11][4]', 'x[12][4]', 'x[13][4]', 'x[14][4]', 'x[15][4]'.
Warning: In design 'input_block_IN_CHANNELS6_OUT_CHANNELS16_W_BIT_WIDTH8_B_BIT_WIDTH32_KERNEL_LEN3', the same net is connected to more than one pin on submodule 'init_residual_mac'. (LINT-33)
   Net 'selectedIn1[3]' is connected to pins 'x[0][3]', 'x[1][3]'', 'x[2][3]', 'x[3][3]', 'x[4][3]', 'x[5][3]', 'x[6][3]', 'x[7][3]', 'x[8][3]', 'x[9][3]', 'x[10][3]', 'x[11][3]', 'x[12][3]', 'x[13][3]', 'x[14][3]', 'x[15][3]'.
Warning: In design 'input_block_IN_CHANNELS6_OUT_CHANNELS16_W_BIT_WIDTH8_B_BIT_WIDTH32_KERNEL_LEN3', the same net is connected to more than one pin on submodule 'init_residual_mac'. (LINT-33)
   Net 'selectedIn1[2]' is connected to pins 'x[0][2]', 'x[1][2]'', 'x[2][2]', 'x[3][2]', 'x[4][2]', 'x[5][2]', 'x[6][2]', 'x[7][2]', 'x[8][2]', 'x[9][2]', 'x[10][2]', 'x[11][2]', 'x[12][2]', 'x[13][2]', 'x[14][2]', 'x[15][2]'.
Warning: In design 'input_block_IN_CHANNELS6_OUT_CHANNELS16_W_BIT_WIDTH8_B_BIT_WIDTH32_KERNEL_LEN3', the same net is connected to more than one pin on submodule 'init_residual_mac'. (LINT-33)
   Net 'selectedIn1[1]' is connected to pins 'x[0][1]', 'x[1][1]'', 'x[2][1]', 'x[3][1]', 'x[4][1]', 'x[5][1]', 'x[6][1]', 'x[7][1]', 'x[8][1]', 'x[9][1]', 'x[10][1]', 'x[11][1]', 'x[12][1]', 'x[13][1]', 'x[14][1]', 'x[15][1]'.
Warning: In design 'input_block_IN_CHANNELS6_OUT_CHANNELS16_W_BIT_WIDTH8_B_BIT_WIDTH32_KERNEL_LEN3', the same net is connected to more than one pin on submodule 'init_residual_mac'. (LINT-33)
   Net 'selectedIn1[0]' is connected to pins 'x[0][0]', 'x[1][0]'', 'x[2][0]', 'x[3][0]', 'x[4][0]', 'x[5][0]', 'x[6][0]', 'x[7][0]', 'x[8][0]', 'x[9][0]', 'x[10][0]', 'x[11][0]', 'x[12][0]', 'x[13][0]', 'x[14][0]', 'x[15][0]'.
Warning: In design 'input_block_IN_CHANNELS6_OUT_CHANNELS16_W_BIT_WIDTH8_B_BIT_WIDTH32_KERNEL_LEN3', the same net is connected to more than one pin on submodule 'gen_input_ring_banks[1].ring_bank1'. (LINT-33)
   Net '*Logic0*' is connected to pins 'data_in[31]', 'data_in[30]'', 'data_in[29]', 'data_in[28]', 'data_in[27]', 'data_in[26]', 'data_in[25]', 'data_in[24]', 'data_in[23]', 'data_in[22]', 'data_in[21]', 'data_in[20]', 'data_in[19]', 'data_in[18]', 'data_in[17]', 'data_in[16]'.
Warning: In design 'output_block_IN_CHANNELS16_OUT_CHANNELS6_W_BIT_WIDTH8_B_BIT_WIDTH32', the same net is connected to more than one pin on submodule 'init_output_mac'. (LINT-33)
   Net 'selected_input[7]' is connected to pins 'x[0][7]', 'x[1][7]'', 'x[2][7]', 'x[3][7]', 'x[4][7]', 'x[5][7]'.
Warning: In design 'output_block_IN_CHANNELS16_OUT_CHANNELS6_W_BIT_WIDTH8_B_BIT_WIDTH32', the same net is connected to more than one pin on submodule 'init_output_mac'. (LINT-33)
   Net 'selected_input[6]' is connected to pins 'x[0][6]', 'x[1][6]'', 'x[2][6]', 'x[3][6]', 'x[4][6]', 'x[5][6]'.
Warning: In design 'output_block_IN_CHANNELS16_OUT_CHANNELS6_W_BIT_WIDTH8_B_BIT_WIDTH32', the same net is connected to more than one pin on submodule 'init_output_mac'. (LINT-33)
   Net 'selected_input[5]' is connected to pins 'x[0][5]', 'x[1][5]'', 'x[2][5]', 'x[3][5]', 'x[4][5]', 'x[5][5]'.
Warning: In design 'output_block_IN_CHANNELS16_OUT_CHANNELS6_W_BIT_WIDTH8_B_BIT_WIDTH32', the same net is connected to more than one pin on submodule 'init_output_mac'. (LINT-33)
   Net 'selected_input[4]' is connected to pins 'x[0][4]', 'x[1][4]'', 'x[2][4]', 'x[3][4]', 'x[4][4]', 'x[5][4]'.
Warning: In design 'output_block_IN_CHANNELS16_OUT_CHANNELS6_W_BIT_WIDTH8_B_BIT_WIDTH32', the same net is connected to more than one pin on submodule 'init_output_mac'. (LINT-33)
   Net 'selected_input[3]' is connected to pins 'x[0][3]', 'x[1][3]'', 'x[2][3]', 'x[3][3]', 'x[4][3]', 'x[5][3]'.
Warning: In design 'output_block_IN_CHANNELS16_OUT_CHANNELS6_W_BIT_WIDTH8_B_BIT_WIDTH32', the same net is connected to more than one pin on submodule 'init_output_mac'. (LINT-33)
   Net 'selected_input[2]' is connected to pins 'x[0][2]', 'x[1][2]'', 'x[2][2]', 'x[3][2]', 'x[4][2]', 'x[5][2]'.
Warning: In design 'output_block_IN_CHANNELS16_OUT_CHANNELS6_W_BIT_WIDTH8_B_BIT_WIDTH32', the same net is connected to more than one pin on submodule 'init_output_mac'. (LINT-33)
   Net 'selected_input[1]' is connected to pins 'x[0][1]', 'x[1][1]'', 'x[2][1]', 'x[3][1]', 'x[4][1]', 'x[5][1]'.
Warning: In design 'output_block_IN_CHANNELS16_OUT_CHANNELS6_W_BIT_WIDTH8_B_BIT_WIDTH32', the same net is connected to more than one pin on submodule 'init_output_mac'. (LINT-33)
   Net 'selected_input[0]' is connected to pins 'x[0][0]', 'x[1][0]'', 'x[2][0]', 'x[3][0]', 'x[4][0]', 'x[5][0]'.
1
