 
****************************************
Report : constraint
        -all_violators
Design : tcn_block
Version: X-2025.06-SP4
Date   : Wed Aug 19 12:45:43 2026
****************************************


   max_transition

                             Required        Actual
   Net                      Transition     Transition        Slack
   -----------------------------------------------------------------
   n97936                       0.50           0.68          -0.18  (VIOLATED)
       PIN :   gen_hidden_resi_blocks[5].hidden_layer/gen_ring_banks[1].ring_bank1/gen_sram_32x256.u_ring_sram/csb0
                                0.50           0.68          -0.18  (VIOLATED)
       PIN :   gen_hidden_resi_blocks[5].hidden_layer/gen_ring_banks[1].ring_bank1/gen_sram_32x256.u_ring_sram/web0
                                0.50           0.68          -0.18  (VIOLATED)
       PIN :   gen_hidden_resi_blocks[5].hidden_layer/gen_ring_banks[2].ring_bank1/gen_sram_32x256.u_ring_sram/csb0
                                0.50           0.68          -0.18  (VIOLATED)
       PIN :   gen_hidden_resi_blocks[5].hidden_layer/gen_ring_banks[2].ring_bank1/gen_sram_32x256.u_ring_sram/web0
                                0.50           0.68          -0.18  (VIOLATED)
       PIN :   gen_hidden_resi_blocks[5].hidden_layer/gen_ring_banks[3].ring_bank1/gen_sram_32x256.u_ring_sram/csb0
                                0.50           0.68          -0.18  (VIOLATED)
       PIN :   gen_hidden_resi_blocks[5].hidden_layer/gen_ring_banks[3].ring_bank1/gen_sram_32x256.u_ring_sram/web0
                                0.50           0.68          -0.18  (VIOLATED)
       PIN :   gen_hidden_resi_blocks[5].hidden_layer/gen_ring_banks[0].ring_bank1/gen_sram_32x256.u_ring_sram/csb0
                                0.50           0.68          -0.18  (VIOLATED)
       PIN :   gen_hidden_resi_blocks[5].hidden_layer/gen_ring_banks[0].ring_bank1/gen_sram_32x256.u_ring_sram/web0
                                0.50           0.68          -0.18  (VIOLATED)
   n79699                       0.50           0.67          -0.17  (VIOLATED)
       PIN :   input_layer/gen_input_ring_banks[1].ring_bank1/gen_sram_32x16.u_ring_sram/csb0
                                0.50           0.67          -0.17  (VIOLATED)
       PIN :   input_layer/gen_input_ring_banks[0].ring_bank1/gen_sram_32x16.u_ring_sram/web0
                                0.50           0.67          -0.17  (VIOLATED)
       PIN :   input_layer/gen_input_ring_banks[0].ring_bank1/gen_sram_32x16.u_ring_sram/csb0
                                0.50           0.67          -0.17  (VIOLATED)
       PIN :   input_layer/gen_input_ring_banks[1].ring_bank1/gen_sram_32x16.u_ring_sram/web0
                                0.50           0.67          -0.17  (VIOLATED)
   n97940                       0.50           0.66          -0.16  (VIOLATED)
       PIN :   gen_hidden_resi_blocks[1].hidden_layer/gen_ring_banks[1].ring_bank1/gen_sram_32x16.u_ring_sram/web0
                                0.50           0.66          -0.16  (VIOLATED)
       PIN :   gen_hidden_resi_blocks[1].hidden_layer/gen_ring_banks[2].ring_bank1/gen_sram_32x16.u_ring_sram/csb0
                                0.50           0.66          -0.16  (VIOLATED)
       PIN :   gen_hidden_resi_blocks[1].hidden_layer/gen_ring_banks[2].ring_bank1/gen_sram_32x16.u_ring_sram/web0
                                0.50           0.66          -0.16  (VIOLATED)
       PIN :   gen_hidden_resi_blocks[1].hidden_layer/gen_ring_banks[3].ring_bank1/gen_sram_32x16.u_ring_sram/csb0
                                0.50           0.66          -0.16  (VIOLATED)
       PIN :   gen_hidden_resi_blocks[1].hidden_layer/gen_ring_banks[3].ring_bank1/gen_sram_32x16.u_ring_sram/web0
                                0.50           0.66          -0.16  (VIOLATED)
       PIN :   gen_hidden_resi_blocks[1].hidden_layer/gen_ring_banks[0].ring_bank1/gen_sram_32x16.u_ring_sram/csb0
                                0.50           0.66          -0.16  (VIOLATED)
       PIN :   gen_hidden_resi_blocks[1].hidden_layer/gen_ring_banks[0].ring_bank1/gen_sram_32x16.u_ring_sram/web0
                                0.50           0.66          -0.16  (VIOLATED)
       PIN :   gen_hidden_resi_blocks[1].hidden_layer/gen_ring_banks[1].ring_bank1/gen_sram_32x16.u_ring_sram/csb0
                                0.50           0.66          -0.16  (VIOLATED)
   n97943                       0.50           0.61          -0.11  (VIOLATED)
       PIN :   gen_hidden_resi_blocks[3].hidden_layer/gen_ring_banks[3].ring_bank2/gen_sram_32x64.u_ring_sram/web0
                                0.50           0.61          -0.11  (VIOLATED)
       PIN :   gen_hidden_resi_blocks[3].hidden_layer/gen_ring_banks[2].ring_bank2/gen_sram_32x64.u_ring_sram/web0
                                0.50           0.61          -0.11  (VIOLATED)
       PIN :   gen_hidden_resi_blocks[3].hidden_layer/gen_ring_banks[1].ring_bank2/gen_sram_32x64.u_ring_sram/web0
                                0.50           0.61          -0.11  (VIOLATED)
       PIN :   gen_hidden_resi_blocks[3].hidden_layer/gen_ring_banks[3].ring_bank2/gen_sram_32x64.u_ring_sram/csb0
                                0.50           0.61          -0.11  (VIOLATED)
       PIN :   gen_hidden_resi_blocks[3].hidden_layer/gen_ring_banks[0].ring_bank2/gen_sram_32x64.u_ring_sram/csb0
                                0.50           0.61          -0.11  (VIOLATED)
       PIN :   gen_hidden_resi_blocks[3].hidden_layer/gen_ring_banks[2].ring_bank2/gen_sram_32x64.u_ring_sram/csb0
                                0.50           0.61          -0.11  (VIOLATED)
       PIN :   gen_hidden_resi_blocks[3].hidden_layer/gen_ring_banks[1].ring_bank2/gen_sram_32x64.u_ring_sram/csb0
                                0.50           0.61          -0.11  (VIOLATED)
       PIN :   gen_hidden_resi_blocks[3].hidden_layer/gen_ring_banks[0].ring_bank2/gen_sram_32x64.u_ring_sram/web0
                                0.50           0.61          -0.11  (VIOLATED)
   n97942                       0.50           0.61          -0.11  (VIOLATED)
       PIN :   gen_hidden_resi_blocks[5].hidden_layer/gen_ring_banks[0].ring_bank2/gen_sram_32x256.u_ring_sram/csb0
                                0.50           0.61          -0.11  (VIOLATED)
       PIN :   gen_hidden_resi_blocks[5].hidden_layer/gen_ring_banks[3].ring_bank2/gen_sram_32x256.u_ring_sram/web0
                                0.50           0.61          -0.11  (VIOLATED)
       PIN :   gen_hidden_resi_blocks[5].hidden_layer/gen_ring_banks[3].ring_bank2/gen_sram_32x256.u_ring_sram/csb0
                                0.50           0.61          -0.11  (VIOLATED)
       PIN :   gen_hidden_resi_blocks[5].hidden_layer/gen_ring_banks[2].ring_bank2/gen_sram_32x256.u_ring_sram/web0
                                0.50           0.61          -0.11  (VIOLATED)
       PIN :   gen_hidden_resi_blocks[5].hidden_layer/gen_ring_banks[2].ring_bank2/gen_sram_32x256.u_ring_sram/csb0
                                0.50           0.61          -0.11  (VIOLATED)
       PIN :   gen_hidden_resi_blocks[5].hidden_layer/gen_ring_banks[1].ring_bank2/gen_sram_32x256.u_ring_sram/web0
                                0.50           0.61          -0.11  (VIOLATED)
       PIN :   gen_hidden_resi_blocks[5].hidden_layer/gen_ring_banks[1].ring_bank2/gen_sram_32x256.u_ring_sram/csb0
                                0.50           0.61          -0.11  (VIOLATED)
       PIN :   gen_hidden_resi_blocks[5].hidden_layer/gen_ring_banks[0].ring_bank2/gen_sram_32x256.u_ring_sram/web0
                                0.50           0.61          -0.11  (VIOLATED)
   n97941                       0.50           0.58          -0.08  (VIOLATED)
       PIN :   gen_hidden_resi_blocks[0].hidden_layer/gen_ring_banks[1].ring_bank1/gen_sram_32x16.u_ring_sram/csb0
                                0.50           0.58          -0.08  (VIOLATED)
       PIN :   gen_hidden_resi_blocks[0].hidden_layer/gen_ring_banks[1].ring_bank1/gen_sram_32x16.u_ring_sram/web0
                                0.50           0.58          -0.08  (VIOLATED)
       PIN :   gen_hidden_resi_blocks[0].hidden_layer/gen_ring_banks[2].ring_bank1/gen_sram_32x16.u_ring_sram/csb0
                                0.50           0.58          -0.08  (VIOLATED)
       PIN :   gen_hidden_resi_blocks[0].hidden_layer/gen_ring_banks[2].ring_bank1/gen_sram_32x16.u_ring_sram/web0
                                0.50           0.58          -0.08  (VIOLATED)
       PIN :   gen_hidden_resi_blocks[0].hidden_layer/gen_ring_banks[3].ring_bank1/gen_sram_32x16.u_ring_sram/csb0
                                0.50           0.58          -0.08  (VIOLATED)
       PIN :   gen_hidden_resi_blocks[0].hidden_layer/gen_ring_banks[3].ring_bank1/gen_sram_32x16.u_ring_sram/web0
                                0.50           0.58          -0.08  (VIOLATED)
       PIN :   gen_hidden_resi_blocks[0].hidden_layer/gen_ring_banks[0].ring_bank1/gen_sram_32x16.u_ring_sram/csb0
                                0.50           0.58          -0.08  (VIOLATED)
       PIN :   gen_hidden_resi_blocks[0].hidden_layer/gen_ring_banks[0].ring_bank1/gen_sram_32x16.u_ring_sram/web0
                                0.50           0.58          -0.08  (VIOLATED)
   n97939                       0.50           0.58          -0.08  (VIOLATED)
       PIN :   gen_hidden_resi_blocks[2].hidden_layer/gen_ring_banks[1].ring_bank1/gen_sram_32x32.u_ring_sram/csb0
                                0.50           0.58          -0.08  (VIOLATED)
       PIN :   gen_hidden_resi_blocks[2].hidden_layer/gen_ring_banks[1].ring_bank1/gen_sram_32x32.u_ring_sram/web0
                                0.50           0.58          -0.08  (VIOLATED)
       PIN :   gen_hidden_resi_blocks[2].hidden_layer/gen_ring_banks[2].ring_bank1/gen_sram_32x32.u_ring_sram/csb0
                                0.50           0.58          -0.08  (VIOLATED)
       PIN :   gen_hidden_resi_blocks[2].hidden_layer/gen_ring_banks[2].ring_bank1/gen_sram_32x32.u_ring_sram/web0
                                0.50           0.58          -0.08  (VIOLATED)
       PIN :   gen_hidden_resi_blocks[2].hidden_layer/gen_ring_banks[3].ring_bank1/gen_sram_32x32.u_ring_sram/csb0
                                0.50           0.58          -0.08  (VIOLATED)
       PIN :   gen_hidden_resi_blocks[2].hidden_layer/gen_ring_banks[3].ring_bank1/gen_sram_32x32.u_ring_sram/web0
                                0.50           0.58          -0.08  (VIOLATED)
       PIN :   gen_hidden_resi_blocks[2].hidden_layer/gen_ring_banks[0].ring_bank1/gen_sram_32x32.u_ring_sram/csb0
                                0.50           0.58          -0.08  (VIOLATED)
       PIN :   gen_hidden_resi_blocks[2].hidden_layer/gen_ring_banks[0].ring_bank1/gen_sram_32x32.u_ring_sram/web0
                                0.50           0.58          -0.08  (VIOLATED)
   n97937                       0.50           0.57          -0.07  (VIOLATED)
       PIN :   gen_hidden_resi_blocks[4].hidden_layer/gen_ring_banks[3].ring_bank1/gen_sram_32x128.u_ring_sram/csb0
                                0.50           0.57          -0.07  (VIOLATED)
       PIN :   gen_hidden_resi_blocks[4].hidden_layer/gen_ring_banks[0].ring_bank1/gen_sram_32x128.u_ring_sram/web0
                                0.50           0.57          -0.07  (VIOLATED)
       PIN :   gen_hidden_resi_blocks[4].hidden_layer/gen_ring_banks[3].ring_bank1/gen_sram_32x128.u_ring_sram/web0
                                0.50           0.57          -0.07  (VIOLATED)
       PIN :   gen_hidden_resi_blocks[4].hidden_layer/gen_ring_banks[1].ring_bank1/gen_sram_32x128.u_ring_sram/csb0
                                0.50           0.57          -0.07  (VIOLATED)
       PIN :   gen_hidden_resi_blocks[4].hidden_layer/gen_ring_banks[2].ring_bank1/gen_sram_32x128.u_ring_sram/web0
                                0.50           0.57          -0.07  (VIOLATED)
       PIN :   gen_hidden_resi_blocks[4].hidden_layer/gen_ring_banks[0].ring_bank1/gen_sram_32x128.u_ring_sram/csb0
                                0.50           0.57          -0.07  (VIOLATED)
       PIN :   gen_hidden_resi_blocks[4].hidden_layer/gen_ring_banks[1].ring_bank1/gen_sram_32x128.u_ring_sram/web0
                                0.50           0.57          -0.07  (VIOLATED)
       PIN :   gen_hidden_resi_blocks[4].hidden_layer/gen_ring_banks[2].ring_bank1/gen_sram_32x128.u_ring_sram/csb0
                                0.50           0.57          -0.07  (VIOLATED)
   n97938                       0.50           0.56          -0.06  (VIOLATED)
       PIN :   gen_hidden_resi_blocks[3].hidden_layer/gen_ring_banks[1].ring_bank1/gen_sram_32x64.u_ring_sram/csb0
                                0.50           0.56          -0.06  (VIOLATED)
       PIN :   gen_hidden_resi_blocks[3].hidden_layer/gen_ring_banks[1].ring_bank1/gen_sram_32x64.u_ring_sram/web0
                                0.50           0.56          -0.06  (VIOLATED)
       PIN :   gen_hidden_resi_blocks[3].hidden_layer/gen_ring_banks[2].ring_bank1/gen_sram_32x64.u_ring_sram/csb0
                                0.50           0.56          -0.06  (VIOLATED)
       PIN :   gen_hidden_resi_blocks[3].hidden_layer/gen_ring_banks[2].ring_bank1/gen_sram_32x64.u_ring_sram/web0
                                0.50           0.56          -0.06  (VIOLATED)
       PIN :   gen_hidden_resi_blocks[3].hidden_layer/gen_ring_banks[3].ring_bank1/gen_sram_32x64.u_ring_sram/csb0
                                0.50           0.56          -0.06  (VIOLATED)
       PIN :   gen_hidden_resi_blocks[3].hidden_layer/gen_ring_banks[3].ring_bank1/gen_sram_32x64.u_ring_sram/web0
                                0.50           0.56          -0.06  (VIOLATED)
       PIN :   gen_hidden_resi_blocks[3].hidden_layer/gen_ring_banks[0].ring_bank1/gen_sram_32x64.u_ring_sram/csb0
                                0.50           0.56          -0.06  (VIOLATED)
       PIN :   gen_hidden_resi_blocks[3].hidden_layer/gen_ring_banks[0].ring_bank1/gen_sram_32x64.u_ring_sram/web0
                                0.50           0.56          -0.06  (VIOLATED)
   gen_hidden_resi_blocks[0].hidden_layer/gen_ring_banks[0].ring_bank2/read_addr[1]
                                0.04           0.09          -0.05  (VIOLATED)
       PIN :   gen_hidden_resi_blocks[0].hidden_layer/gen_ring_banks[0].ring_bank2/gen_sram_32x16.u_ring_sram/addr1[1]
                                0.04           0.09          -0.05  (VIOLATED)
   gen_hidden_resi_blocks[0].hidden_layer/gen_ring_banks[1].ring_bank2/read_addr[1]
                                0.04           0.09          -0.05  (VIOLATED)
       PIN :   gen_hidden_resi_blocks[0].hidden_layer/gen_ring_banks[1].ring_bank2/gen_sram_32x16.u_ring_sram/addr1[1]
                                0.04           0.09          -0.05  (VIOLATED)
   gen_hidden_resi_blocks[0].hidden_layer/gen_ring_banks[2].ring_bank2/read_addr[1]
                                0.04           0.09          -0.05  (VIOLATED)
       PIN :   gen_hidden_resi_blocks[0].hidden_layer/gen_ring_banks[2].ring_bank2/gen_sram_32x16.u_ring_sram/addr1[1]
                                0.04           0.09          -0.05  (VIOLATED)
   gen_hidden_resi_blocks[0].hidden_layer/gen_ring_banks[0].ring_bank1/read_addr[1]
                                0.04           0.09          -0.05  (VIOLATED)
       PIN :   gen_hidden_resi_blocks[0].hidden_layer/gen_ring_banks[0].ring_bank1/gen_sram_32x16.u_ring_sram/addr1[1]
                                0.04           0.09          -0.05  (VIOLATED)
   gen_hidden_resi_blocks[0].hidden_layer/gen_ring_banks[1].ring_bank1/read_addr[1]
                                0.04           0.09          -0.05  (VIOLATED)
       PIN :   gen_hidden_resi_blocks[0].hidden_layer/gen_ring_banks[1].ring_bank1/gen_sram_32x16.u_ring_sram/addr1[1]
                                0.04           0.09          -0.05  (VIOLATED)
   gen_hidden_resi_blocks[0].hidden_layer/gen_ring_banks[2].ring_bank1/read_addr[1]
                                0.04           0.09          -0.05  (VIOLATED)
       PIN :   gen_hidden_resi_blocks[0].hidden_layer/gen_ring_banks[2].ring_bank1/gen_sram_32x16.u_ring_sram/addr1[1]
                                0.04           0.09          -0.05  (VIOLATED)
   gen_hidden_resi_blocks[0].hidden_layer/gen_ring_banks[3].ring_bank1/read_addr[1]
                                0.04           0.08          -0.04  (VIOLATED)
       PIN :   gen_hidden_resi_blocks[0].hidden_layer/gen_ring_banks[3].ring_bank1/gen_sram_32x16.u_ring_sram/addr1[1]
                                0.04           0.08          -0.04  (VIOLATED)
   gen_hidden_resi_blocks[0].hidden_layer/gen_ring_banks[3].ring_bank2/read_addr[1]
                                0.04           0.08          -0.04  (VIOLATED)
       PIN :   gen_hidden_resi_blocks[0].hidden_layer/gen_ring_banks[3].ring_bank2/gen_sram_32x16.u_ring_sram/addr1[1]
                                0.04           0.08          -0.04  (VIOLATED)
   gen_hidden_resi_blocks[1].hidden_layer/gen_ring_banks[0].ring_bank2/read_addr[1]
                                0.04           0.08          -0.04  (VIOLATED)
       PIN :   gen_hidden_resi_blocks[1].hidden_layer/gen_ring_banks[0].ring_bank2/gen_sram_32x16.u_ring_sram/addr1[1]
                                0.04           0.08          -0.04  (VIOLATED)
   gen_hidden_resi_blocks[1].hidden_layer/gen_ring_banks[1].ring_bank2/read_addr[1]
                                0.04           0.08          -0.04  (VIOLATED)
       PIN :   gen_hidden_resi_blocks[1].hidden_layer/gen_ring_banks[1].ring_bank2/gen_sram_32x16.u_ring_sram/addr1[1]
                                0.04           0.08          -0.04  (VIOLATED)
   gen_hidden_resi_blocks[1].hidden_layer/gen_ring_banks[2].ring_bank2/read_addr[1]
                                0.04           0.08          -0.04  (VIOLATED)
       PIN :   gen_hidden_resi_blocks[1].hidden_layer/gen_ring_banks[2].ring_bank2/gen_sram_32x16.u_ring_sram/addr1[1]
                                0.04           0.08          -0.04  (VIOLATED)
   gen_hidden_resi_blocks[1].hidden_layer/gen_ring_banks[3].ring_bank2/read_addr[1]
                                0.04           0.08          -0.04  (VIOLATED)
       PIN :   gen_hidden_resi_blocks[1].hidden_layer/gen_ring_banks[3].ring_bank2/gen_sram_32x16.u_ring_sram/addr1[1]
                                0.04           0.08          -0.04  (VIOLATED)
   gen_hidden_resi_blocks[3].hidden_layer/gen_ring_banks[3].ring_bank1/read_addr[1]
                                0.04           0.07          -0.03  (VIOLATED)
       PIN :   gen_hidden_resi_blocks[3].hidden_layer/gen_ring_banks[3].ring_bank1/gen_sram_32x64.u_ring_sram/addr1[1]
                                0.04           0.07          -0.03  (VIOLATED)
   gen_hidden_resi_blocks[3].hidden_layer/gen_ring_banks[0].ring_bank1/read_addr[1]
                                0.04           0.07          -0.03  (VIOLATED)
       PIN :   gen_hidden_resi_blocks[3].hidden_layer/gen_ring_banks[0].ring_bank1/gen_sram_32x64.u_ring_sram/addr1[1]
                                0.04           0.07          -0.03  (VIOLATED)
   gen_hidden_resi_blocks[3].hidden_layer/gen_ring_banks[1].ring_bank1/read_addr[1]
                                0.04           0.07          -0.03  (VIOLATED)
       PIN :   gen_hidden_resi_blocks[3].hidden_layer/gen_ring_banks[1].ring_bank1/gen_sram_32x64.u_ring_sram/addr1[1]
                                0.04           0.07          -0.03  (VIOLATED)
   gen_hidden_resi_blocks[3].hidden_layer/gen_ring_banks[2].ring_bank1/read_addr[1]
                                0.04           0.07          -0.03  (VIOLATED)
       PIN :   gen_hidden_resi_blocks[3].hidden_layer/gen_ring_banks[2].ring_bank1/gen_sram_32x64.u_ring_sram/addr1[1]
                                0.04           0.07          -0.03  (VIOLATED)
   gen_hidden_resi_blocks[1].hidden_layer/gen_ring_banks[0].ring_bank2/read_addr[2]
                                0.04           0.07          -0.03  (VIOLATED)
       PIN :   gen_hidden_resi_blocks[1].hidden_layer/gen_ring_banks[0].ring_bank2/gen_sram_32x16.u_ring_sram/addr1[2]
                                0.04           0.07          -0.03  (VIOLATED)
   gen_hidden_resi_blocks[1].hidden_layer/gen_ring_banks[1].ring_bank2/read_addr[2]
                                0.04           0.07          -0.03  (VIOLATED)
       PIN :   gen_hidden_resi_blocks[1].hidden_layer/gen_ring_banks[1].ring_bank2/gen_sram_32x16.u_ring_sram/addr1[2]
                                0.04           0.07          -0.03  (VIOLATED)
   gen_hidden_resi_blocks[1].hidden_layer/gen_ring_banks[2].ring_bank2/read_addr[2]
                                0.04           0.07          -0.03  (VIOLATED)
       PIN :   gen_hidden_resi_blocks[1].hidden_layer/gen_ring_banks[2].ring_bank2/gen_sram_32x16.u_ring_sram/addr1[2]
                                0.04           0.07          -0.03  (VIOLATED)
   gen_hidden_resi_blocks[1].hidden_layer/gen_ring_banks[3].ring_bank2/read_addr[2]
                                0.04           0.07          -0.03  (VIOLATED)
       PIN :   gen_hidden_resi_blocks[1].hidden_layer/gen_ring_banks[3].ring_bank2/gen_sram_32x16.u_ring_sram/addr1[2]
                                0.04           0.07          -0.03  (VIOLATED)
   gen_hidden_resi_blocks[3].hidden_layer/gen_ring_banks[0].ring_bank2/read_addr[1]
                                0.04           0.07          -0.03  (VIOLATED)
       PIN :   gen_hidden_resi_blocks[3].hidden_layer/gen_ring_banks[0].ring_bank2/gen_sram_32x64.u_ring_sram/addr1[1]
                                0.04           0.07          -0.03  (VIOLATED)
   gen_hidden_resi_blocks[3].hidden_layer/gen_ring_banks[1].ring_bank2/read_addr[1]
                                0.04           0.07          -0.03  (VIOLATED)
       PIN :   gen_hidden_resi_blocks[3].hidden_layer/gen_ring_banks[1].ring_bank2/gen_sram_32x64.u_ring_sram/addr1[1]
                                0.04           0.07          -0.03  (VIOLATED)
   gen_hidden_resi_blocks[3].hidden_layer/gen_ring_banks[2].ring_bank2/read_addr[1]
                                0.04           0.07          -0.03  (VIOLATED)
       PIN :   gen_hidden_resi_blocks[3].hidden_layer/gen_ring_banks[2].ring_bank2/gen_sram_32x64.u_ring_sram/addr1[1]
                                0.04           0.07          -0.03  (VIOLATED)
   gen_hidden_resi_blocks[3].hidden_layer/gen_ring_banks[3].ring_bank2/read_addr[1]
                                0.04           0.07          -0.03  (VIOLATED)
       PIN :   gen_hidden_resi_blocks[3].hidden_layer/gen_ring_banks[3].ring_bank2/gen_sram_32x64.u_ring_sram/addr1[1]
                                0.04           0.07          -0.03  (VIOLATED)
   gen_hidden_resi_blocks[3].hidden_layer/gen_ring_banks[1].ring_bank1/read_addr[4]
                                0.04           0.07          -0.03  (VIOLATED)
       PIN :   gen_hidden_resi_blocks[3].hidden_layer/gen_ring_banks[1].ring_bank1/gen_sram_32x64.u_ring_sram/addr1[4]
                                0.04           0.07          -0.03  (VIOLATED)
   gen_hidden_resi_blocks[3].hidden_layer/gen_ring_banks[2].ring_bank1/read_addr[4]
                                0.04           0.07          -0.03  (VIOLATED)
       PIN :   gen_hidden_resi_blocks[3].hidden_layer/gen_ring_banks[2].ring_bank1/gen_sram_32x64.u_ring_sram/addr1[4]
                                0.04           0.07          -0.03  (VIOLATED)
   gen_hidden_resi_blocks[3].hidden_layer/gen_ring_banks[3].ring_bank1/read_addr[4]
                                0.04           0.07          -0.03  (VIOLATED)
       PIN :   gen_hidden_resi_blocks[3].hidden_layer/gen_ring_banks[3].ring_bank1/gen_sram_32x64.u_ring_sram/addr1[4]
                                0.04           0.07          -0.03  (VIOLATED)
   gen_hidden_resi_blocks[3].hidden_layer/gen_ring_banks[0].ring_bank1/read_addr[4]
                                0.04           0.07          -0.03  (VIOLATED)
       PIN :   gen_hidden_resi_blocks[3].hidden_layer/gen_ring_banks[0].ring_bank1/gen_sram_32x64.u_ring_sram/addr1[4]
                                0.04           0.07          -0.03  (VIOLATED)
   gen_hidden_resi_blocks[1].hidden_layer/gen_ring_banks[0].ring_bank1/read_addr[2]
                                0.04           0.07          -0.03  (VIOLATED)
       PIN :   gen_hidden_resi_blocks[1].hidden_layer/gen_ring_banks[0].ring_bank1/gen_sram_32x16.u_ring_sram/addr1[2]
                                0.04           0.07          -0.03  (VIOLATED)
   gen_hidden_resi_blocks[1].hidden_layer/gen_ring_banks[1].ring_bank1/read_addr[2]
                                0.04           0.07          -0.03  (VIOLATED)
       PIN :   gen_hidden_resi_blocks[1].hidden_layer/gen_ring_banks[1].ring_bank1/gen_sram_32x16.u_ring_sram/addr1[2]
                                0.04           0.07          -0.03  (VIOLATED)
   gen_hidden_resi_blocks[1].hidden_layer/gen_ring_banks[2].ring_bank1/read_addr[2]
                                0.04           0.07          -0.03  (VIOLATED)
       PIN :   gen_hidden_resi_blocks[1].hidden_layer/gen_ring_banks[2].ring_bank1/gen_sram_32x16.u_ring_sram/addr1[2]
                                0.04           0.07          -0.03  (VIOLATED)
   gen_hidden_resi_blocks[1].hidden_layer/gen_ring_banks[3].ring_bank1/read_addr[2]
                                0.04           0.07          -0.03  (VIOLATED)
       PIN :   gen_hidden_resi_blocks[1].hidden_layer/gen_ring_banks[3].ring_bank1/gen_sram_32x16.u_ring_sram/addr1[2]
                                0.04           0.07          -0.03  (VIOLATED)
   gen_hidden_resi_blocks[2].hidden_layer/gen_ring_banks[0].ring_bank1/read_addr[3]
                                0.04           0.07          -0.03  (VIOLATED)
       PIN :   gen_hidden_resi_blocks[2].hidden_layer/gen_ring_banks[0].ring_bank1/gen_sram_32x32.u_ring_sram/addr1[3]
                                0.04           0.07          -0.03  (VIOLATED)
   gen_hidden_resi_blocks[2].hidden_layer/gen_ring_banks[1].ring_bank1/read_addr[3]
                                0.04           0.07          -0.03  (VIOLATED)
       PIN :   gen_hidden_resi_blocks[2].hidden_layer/gen_ring_banks[1].ring_bank1/gen_sram_32x32.u_ring_sram/addr1[3]
                                0.04           0.07          -0.03  (VIOLATED)
   gen_hidden_resi_blocks[2].hidden_layer/gen_ring_banks[2].ring_bank1/read_addr[3]
                                0.04           0.07          -0.03  (VIOLATED)
       PIN :   gen_hidden_resi_blocks[2].hidden_layer/gen_ring_banks[2].ring_bank1/gen_sram_32x32.u_ring_sram/addr1[3]
                                0.04           0.07          -0.03  (VIOLATED)
   gen_hidden_resi_blocks[2].hidden_layer/gen_ring_banks[3].ring_bank1/read_addr[3]
                                0.04           0.07          -0.03  (VIOLATED)
       PIN :   gen_hidden_resi_blocks[2].hidden_layer/gen_ring_banks[3].ring_bank1/gen_sram_32x32.u_ring_sram/addr1[3]
                                0.04           0.07          -0.03  (VIOLATED)
   gen_hidden_resi_blocks[2].hidden_layer/gen_ring_banks[0].ring_bank2/read_addr[3]
                                0.04           0.07          -0.03  (VIOLATED)
       PIN :   gen_hidden_resi_blocks[2].hidden_layer/gen_ring_banks[0].ring_bank2/gen_sram_32x32.u_ring_sram/addr1[3]
                                0.04           0.07          -0.03  (VIOLATED)
   gen_hidden_resi_blocks[2].hidden_layer/gen_ring_banks[1].ring_bank2/read_addr[3]
                                0.04           0.07          -0.03  (VIOLATED)
       PIN :   gen_hidden_resi_blocks[2].hidden_layer/gen_ring_banks[1].ring_bank2/gen_sram_32x32.u_ring_sram/addr1[3]
                                0.04           0.07          -0.03  (VIOLATED)
   gen_hidden_resi_blocks[2].hidden_layer/gen_ring_banks[2].ring_bank2/read_addr[3]
                                0.04           0.07          -0.03  (VIOLATED)
       PIN :   gen_hidden_resi_blocks[2].hidden_layer/gen_ring_banks[2].ring_bank2/gen_sram_32x32.u_ring_sram/addr1[3]
                                0.04           0.07          -0.03  (VIOLATED)
   gen_hidden_resi_blocks[2].hidden_layer/gen_ring_banks[3].ring_bank2/read_addr[3]
                                0.04           0.07          -0.03  (VIOLATED)
       PIN :   gen_hidden_resi_blocks[2].hidden_layer/gen_ring_banks[3].ring_bank2/gen_sram_32x32.u_ring_sram/addr1[3]
                                0.04           0.07          -0.03  (VIOLATED)
   gen_hidden_resi_blocks[4].hidden_layer/gen_ring_banks[0].ring_bank1/read_addr[5]
                                0.04           0.07          -0.03  (VIOLATED)
       PIN :   gen_hidden_resi_blocks[4].hidden_layer/gen_ring_banks[0].ring_bank1/gen_sram_32x128.u_ring_sram/addr1[5]
                                0.04           0.07          -0.03  (VIOLATED)
   gen_hidden_resi_blocks[4].hidden_layer/gen_ring_banks[2].ring_bank1/read_addr[5]
                                0.04           0.07          -0.03  (VIOLATED)
       PIN :   gen_hidden_resi_blocks[4].hidden_layer/gen_ring_banks[2].ring_bank1/gen_sram_32x128.u_ring_sram/addr1[5]
                                0.04           0.07          -0.03  (VIOLATED)
   gen_hidden_resi_blocks[4].hidden_layer/gen_ring_banks[1].ring_bank1/read_addr[5]
                                0.04           0.07          -0.03  (VIOLATED)
       PIN :   gen_hidden_resi_blocks[4].hidden_layer/gen_ring_banks[1].ring_bank1/gen_sram_32x128.u_ring_sram/addr1[5]
                                0.04           0.07          -0.03  (VIOLATED)
   gen_hidden_resi_blocks[4].hidden_layer/gen_ring_banks[3].ring_bank1/read_addr[5]
                                0.04           0.07          -0.03  (VIOLATED)
       PIN :   gen_hidden_resi_blocks[4].hidden_layer/gen_ring_banks[3].ring_bank1/gen_sram_32x128.u_ring_sram/addr1[5]
                                0.04           0.07          -0.03  (VIOLATED)
   gen_hidden_resi_blocks[5].hidden_layer/gen_ring_banks[0].ring_bank1/read_addr[6]
                                0.04           0.07          -0.03  (VIOLATED)
       PIN :   gen_hidden_resi_blocks[5].hidden_layer/gen_ring_banks[0].ring_bank1/gen_sram_32x256.u_ring_sram/addr1[6]
                                0.04           0.07          -0.03  (VIOLATED)
   gen_hidden_resi_blocks[5].hidden_layer/gen_ring_banks[1].ring_bank1/read_addr[6]
                                0.04           0.07          -0.03  (VIOLATED)
       PIN :   gen_hidden_resi_blocks[5].hidden_layer/gen_ring_banks[1].ring_bank1/gen_sram_32x256.u_ring_sram/addr1[6]
                                0.04           0.07          -0.03  (VIOLATED)
   gen_hidden_resi_blocks[5].hidden_layer/gen_ring_banks[2].ring_bank1/read_addr[6]
                                0.04           0.07          -0.03  (VIOLATED)
       PIN :   gen_hidden_resi_blocks[5].hidden_layer/gen_ring_banks[2].ring_bank1/gen_sram_32x256.u_ring_sram/addr1[6]
                                0.04           0.07          -0.03  (VIOLATED)
   gen_hidden_resi_blocks[5].hidden_layer/gen_ring_banks[3].ring_bank1/read_addr[6]
                                0.04           0.07          -0.03  (VIOLATED)
       PIN :   gen_hidden_resi_blocks[5].hidden_layer/gen_ring_banks[3].ring_bank1/gen_sram_32x256.u_ring_sram/addr1[6]
                                0.04           0.07          -0.03  (VIOLATED)
   gen_hidden_resi_blocks[4].hidden_layer/gen_ring_banks[1].ring_bank2/read_addr[1]
                                0.04           0.07          -0.03  (VIOLATED)
       PIN :   gen_hidden_resi_blocks[4].hidden_layer/gen_ring_banks[1].ring_bank2/gen_sram_32x128.u_ring_sram/addr1[1]
                                0.04           0.07          -0.03  (VIOLATED)
   gen_hidden_resi_blocks[4].hidden_layer/gen_ring_banks[3].ring_bank2/read_addr[1]
                                0.04           0.07          -0.03  (VIOLATED)
       PIN :   gen_hidden_resi_blocks[4].hidden_layer/gen_ring_banks[3].ring_bank2/gen_sram_32x128.u_ring_sram/addr1[1]
                                0.04           0.07          -0.03  (VIOLATED)
   gen_hidden_resi_blocks[3].hidden_layer/gen_ring_banks[0].ring_bank2/read_addr[4]
                                0.04           0.07          -0.03  (VIOLATED)
       PIN :   gen_hidden_resi_blocks[3].hidden_layer/gen_ring_banks[0].ring_bank2/gen_sram_32x64.u_ring_sram/addr1[4]
                                0.04           0.07          -0.03  (VIOLATED)
   gen_hidden_resi_blocks[3].hidden_layer/gen_ring_banks[1].ring_bank2/read_addr[4]
                                0.04           0.07          -0.03  (VIOLATED)
       PIN :   gen_hidden_resi_blocks[3].hidden_layer/gen_ring_banks[1].ring_bank2/gen_sram_32x64.u_ring_sram/addr1[4]
                                0.04           0.07          -0.03  (VIOLATED)
   gen_hidden_resi_blocks[3].hidden_layer/gen_ring_banks[2].ring_bank2/read_addr[4]
                                0.04           0.07          -0.03  (VIOLATED)
       PIN :   gen_hidden_resi_blocks[3].hidden_layer/gen_ring_banks[2].ring_bank2/gen_sram_32x64.u_ring_sram/addr1[4]
                                0.04           0.07          -0.03  (VIOLATED)
   gen_hidden_resi_blocks[3].hidden_layer/gen_ring_banks[3].ring_bank2/read_addr[4]
                                0.04           0.07          -0.03  (VIOLATED)
       PIN :   gen_hidden_resi_blocks[3].hidden_layer/gen_ring_banks[3].ring_bank2/gen_sram_32x64.u_ring_sram/addr1[4]
                                0.04           0.07          -0.03  (VIOLATED)
   gen_hidden_resi_blocks[4].hidden_layer/gen_ring_banks[0].ring_bank2/read_addr[5]
                                0.04           0.07          -0.03  (VIOLATED)
       PIN :   gen_hidden_resi_blocks[4].hidden_layer/gen_ring_banks[0].ring_bank2/gen_sram_32x128.u_ring_sram/addr1[5]
                                0.04           0.07          -0.03  (VIOLATED)
   gen_hidden_resi_blocks[4].hidden_layer/gen_ring_banks[1].ring_bank2/read_addr[5]
                                0.04           0.07          -0.03  (VIOLATED)
       PIN :   gen_hidden_resi_blocks[4].hidden_layer/gen_ring_banks[1].ring_bank2/gen_sram_32x128.u_ring_sram/addr1[5]
                                0.04           0.07          -0.03  (VIOLATED)
   gen_hidden_resi_blocks[4].hidden_layer/gen_ring_banks[2].ring_bank2/read_addr[5]
                                0.04           0.07          -0.03  (VIOLATED)
       PIN :   gen_hidden_resi_blocks[4].hidden_layer/gen_ring_banks[2].ring_bank2/gen_sram_32x128.u_ring_sram/addr1[5]
                                0.04           0.07          -0.03  (VIOLATED)
   gen_hidden_resi_blocks[4].hidden_layer/gen_ring_banks[3].ring_bank2/read_addr[5]
                                0.04           0.07          -0.03  (VIOLATED)
       PIN :   gen_hidden_resi_blocks[4].hidden_layer/gen_ring_banks[3].ring_bank2/gen_sram_32x128.u_ring_sram/addr1[5]
                                0.04           0.07          -0.03  (VIOLATED)
   gen_hidden_resi_blocks[5].hidden_layer/gen_ring_banks[0].ring_bank2/read_addr[6]
                                0.04           0.07          -0.03  (VIOLATED)
       PIN :   gen_hidden_resi_blocks[5].hidden_layer/gen_ring_banks[0].ring_bank2/gen_sram_32x256.u_ring_sram/addr1[6]
                                0.04           0.07          -0.03  (VIOLATED)
   gen_hidden_resi_blocks[5].hidden_layer/gen_ring_banks[1].ring_bank2/read_addr[6]
                                0.04           0.07          -0.03  (VIOLATED)
       PIN :   gen_hidden_resi_blocks[5].hidden_layer/gen_ring_banks[1].ring_bank2/gen_sram_32x256.u_ring_sram/addr1[6]
                                0.04           0.07          -0.03  (VIOLATED)
   gen_hidden_resi_blocks[5].hidden_layer/gen_ring_banks[2].ring_bank2/read_addr[6]
                                0.04           0.07          -0.03  (VIOLATED)
       PIN :   gen_hidden_resi_blocks[5].hidden_layer/gen_ring_banks[2].ring_bank2/gen_sram_32x256.u_ring_sram/addr1[6]
                                0.04           0.07          -0.03  (VIOLATED)
   gen_hidden_resi_blocks[5].hidden_layer/gen_ring_banks[3].ring_bank2/read_addr[6]
                                0.04           0.07          -0.03  (VIOLATED)
       PIN :   gen_hidden_resi_blocks[5].hidden_layer/gen_ring_banks[3].ring_bank2/gen_sram_32x256.u_ring_sram/addr1[6]
                                0.04           0.07          -0.03  (VIOLATED)
   n10259                       0.04           0.07          -0.03  (VIOLATED)
       PIN :   gen_hidden_resi_blocks[5].hidden_layer/gen_ring_banks[0].ring_bank1/gen_sram_32x256.u_ring_sram/addr0[0]
                                0.04           0.07          -0.03  (VIOLATED)
   n10260                       0.04           0.07          -0.03  (VIOLATED)
       PIN :   gen_hidden_resi_blocks[5].hidden_layer/gen_ring_banks[3].ring_bank1/gen_sram_32x256.u_ring_sram/addr0[0]
                                0.04           0.07          -0.03  (VIOLATED)
   n10261                       0.04           0.07          -0.03  (VIOLATED)
       PIN :   gen_hidden_resi_blocks[5].hidden_layer/gen_ring_banks[2].ring_bank1/gen_sram_32x256.u_ring_sram/addr0[0]
                                0.04           0.07          -0.03  (VIOLATED)
   gen_hidden_resi_blocks[5].hidden_layer/gen_ring_banks[0].ring_bank2/read_addr[2]
                                0.04           0.07          -0.03  (VIOLATED)
       PIN :   gen_hidden_resi_blocks[5].hidden_layer/gen_ring_banks[0].ring_bank2/gen_sram_32x256.u_ring_sram/addr1[2]
                                0.04           0.07          -0.03  (VIOLATED)
   gen_hidden_resi_blocks[5].hidden_layer/gen_ring_banks[1].ring_bank2/read_addr[2]
                                0.04           0.07          -0.03  (VIOLATED)
       PIN :   gen_hidden_resi_blocks[5].hidden_layer/gen_ring_banks[1].ring_bank2/gen_sram_32x256.u_ring_sram/addr1[2]
                                0.04           0.07          -0.03  (VIOLATED)
   gen_hidden_resi_blocks[5].hidden_layer/gen_ring_banks[2].ring_bank2/read_addr[2]
                                0.04           0.07          -0.03  (VIOLATED)
       PIN :   gen_hidden_resi_blocks[5].hidden_layer/gen_ring_banks[2].ring_bank2/gen_sram_32x256.u_ring_sram/addr1[2]
                                0.04           0.07          -0.03  (VIOLATED)
   gen_hidden_resi_blocks[4].hidden_layer/gen_ring_banks[0].ring_bank2/read_addr[1]
                                0.04           0.07          -0.03  (VIOLATED)
       PIN :   gen_hidden_resi_blocks[4].hidden_layer/gen_ring_banks[0].ring_bank2/gen_sram_32x128.u_ring_sram/addr1[1]
                                0.04           0.07          -0.03  (VIOLATED)
   gen_hidden_resi_blocks[5].hidden_layer/gen_ring_banks[2].ring_bank1/read_addr[2]
                                0.04           0.07          -0.03  (VIOLATED)
       PIN :   gen_hidden_resi_blocks[5].hidden_layer/gen_ring_banks[2].ring_bank1/gen_sram_32x256.u_ring_sram/addr1[2]
                                0.04           0.07          -0.03  (VIOLATED)
   gen_hidden_resi_blocks[5].hidden_layer/gen_ring_banks[0].ring_bank1/read_addr[2]
                                0.04           0.07          -0.03  (VIOLATED)
       PIN :   gen_hidden_resi_blocks[5].hidden_layer/gen_ring_banks[0].ring_bank1/gen_sram_32x256.u_ring_sram/addr1[2]
                                0.04           0.07          -0.03  (VIOLATED)
   gen_hidden_resi_blocks[5].hidden_layer/gen_ring_banks[1].ring_bank1/read_addr[2]
                                0.04           0.07          -0.03  (VIOLATED)
       PIN :   gen_hidden_resi_blocks[5].hidden_layer/gen_ring_banks[1].ring_bank1/gen_sram_32x256.u_ring_sram/addr1[2]
                                0.04           0.07          -0.03  (VIOLATED)
   gen_hidden_resi_blocks[5].hidden_layer/gen_ring_banks[3].ring_bank1/read_addr[2]
                                0.04           0.07          -0.03  (VIOLATED)
       PIN :   gen_hidden_resi_blocks[5].hidden_layer/gen_ring_banks[3].ring_bank1/gen_sram_32x256.u_ring_sram/addr1[2]
                                0.04           0.07          -0.03  (VIOLATED)
   gen_hidden_resi_blocks[5].hidden_layer/gen_ring_banks[3].ring_bank2/read_addr[2]
                                0.04           0.07          -0.03  (VIOLATED)
       PIN :   gen_hidden_resi_blocks[5].hidden_layer/gen_ring_banks[3].ring_bank2/gen_sram_32x256.u_ring_sram/addr1[2]
                                0.04           0.07          -0.03  (VIOLATED)
   gen_hidden_resi_blocks[4].hidden_layer/gen_ring_banks[0].ring_bank1/read_addr[1]
                                0.04           0.07          -0.03  (VIOLATED)
       PIN :   gen_hidden_resi_blocks[4].hidden_layer/gen_ring_banks[0].ring_bank1/gen_sram_32x128.u_ring_sram/addr1[1]
                                0.04           0.07          -0.03  (VIOLATED)
   gen_hidden_resi_blocks[4].hidden_layer/gen_ring_banks[1].ring_bank1/read_addr[1]
                                0.04           0.07          -0.03  (VIOLATED)
       PIN :   gen_hidden_resi_blocks[4].hidden_layer/gen_ring_banks[1].ring_bank1/gen_sram_32x128.u_ring_sram/addr1[1]
                                0.04           0.07          -0.03  (VIOLATED)
   gen_hidden_resi_blocks[4].hidden_layer/gen_ring_banks[2].ring_bank1/read_addr[1]
                                0.04           0.07          -0.03  (VIOLATED)
       PIN :   gen_hidden_resi_blocks[4].hidden_layer/gen_ring_banks[2].ring_bank1/gen_sram_32x128.u_ring_sram/addr1[1]
                                0.04           0.07          -0.03  (VIOLATED)
   gen_hidden_resi_blocks[4].hidden_layer/gen_ring_banks[3].ring_bank1/read_addr[1]
                                0.04           0.07          -0.03  (VIOLATED)
       PIN :   gen_hidden_resi_blocks[4].hidden_layer/gen_ring_banks[3].ring_bank1/gen_sram_32x128.u_ring_sram/addr1[1]
                                0.04           0.07          -0.03  (VIOLATED)
   gen_hidden_resi_blocks[4].hidden_layer/gen_ring_banks[2].ring_bank2/read_addr[1]
                                0.04           0.07          -0.03  (VIOLATED)
       PIN :   gen_hidden_resi_blocks[4].hidden_layer/gen_ring_banks[2].ring_bank2/gen_sram_32x128.u_ring_sram/addr1[1]
                                0.04           0.07          -0.03  (VIOLATED)
   gen_hidden_resi_blocks[3].hidden_layer/gen_ring_banks[0].ring_bank1/read_addr[3]
                                0.04           0.07          -0.03  (VIOLATED)
       PIN :   gen_hidden_resi_blocks[3].hidden_layer/gen_ring_banks[0].ring_bank1/gen_sram_32x64.u_ring_sram/addr1[3]
                                0.04           0.07          -0.03  (VIOLATED)
   gen_hidden_resi_blocks[3].hidden_layer/gen_ring_banks[1].ring_bank1/read_addr[3]
                                0.04           0.07          -0.03  (VIOLATED)
       PIN :   gen_hidden_resi_blocks[3].hidden_layer/gen_ring_banks[1].ring_bank1/gen_sram_32x64.u_ring_sram/addr1[3]
                                0.04           0.07          -0.03  (VIOLATED)
   gen_hidden_resi_blocks[3].hidden_layer/gen_ring_banks[1].ring_bank2/read_addr[3]
                                0.04           0.07          -0.03  (VIOLATED)
       PIN :   gen_hidden_resi_blocks[3].hidden_layer/gen_ring_banks[1].ring_bank2/gen_sram_32x64.u_ring_sram/addr1[3]
                                0.04           0.07          -0.03  (VIOLATED)
   gen_hidden_resi_blocks[3].hidden_layer/gen_ring_banks[2].ring_bank1/read_addr[3]
                                0.04           0.07          -0.03  (VIOLATED)
       PIN :   gen_hidden_resi_blocks[3].hidden_layer/gen_ring_banks[2].ring_bank1/gen_sram_32x64.u_ring_sram/addr1[3]
                                0.04           0.07          -0.03  (VIOLATED)
   gen_hidden_resi_blocks[3].hidden_layer/gen_ring_banks[2].ring_bank2/read_addr[3]
                                0.04           0.07          -0.03  (VIOLATED)
       PIN :   gen_hidden_resi_blocks[3].hidden_layer/gen_ring_banks[2].ring_bank2/gen_sram_32x64.u_ring_sram/addr1[3]
                                0.04           0.07          -0.03  (VIOLATED)
   gen_hidden_resi_blocks[3].hidden_layer/gen_ring_banks[3].ring_bank1/read_addr[3]
                                0.04           0.07          -0.03  (VIOLATED)
       PIN :   gen_hidden_resi_blocks[3].hidden_layer/gen_ring_banks[3].ring_bank1/gen_sram_32x64.u_ring_sram/addr1[3]
                                0.04           0.07          -0.03  (VIOLATED)
   gen_hidden_resi_blocks[3].hidden_layer/gen_ring_banks[3].ring_bank2/read_addr[3]
                                0.04           0.07          -0.03  (VIOLATED)
       PIN :   gen_hidden_resi_blocks[3].hidden_layer/gen_ring_banks[3].ring_bank2/gen_sram_32x64.u_ring_sram/addr1[3]
                                0.04           0.07          -0.03  (VIOLATED)
   gen_hidden_resi_blocks[4].hidden_layer/gen_ring_banks[0].ring_bank1/read_addr[4]
                                0.04           0.07          -0.03  (VIOLATED)
       PIN :   gen_hidden_resi_blocks[4].hidden_layer/gen_ring_banks[0].ring_bank1/gen_sram_32x128.u_ring_sram/addr1[4]
                                0.04           0.07          -0.03  (VIOLATED)
   gen_hidden_resi_blocks[4].hidden_layer/gen_ring_banks[0].ring_bank2/read_addr[4]
                                0.04           0.07          -0.03  (VIOLATED)
       PIN :   gen_hidden_resi_blocks[4].hidden_layer/gen_ring_banks[0].ring_bank2/gen_sram_32x128.u_ring_sram/addr1[4]
                                0.04           0.07          -0.03  (VIOLATED)
   gen_hidden_resi_blocks[4].hidden_layer/gen_ring_banks[1].ring_bank1/read_addr[4]
                                0.04           0.07          -0.03  (VIOLATED)
       PIN :   gen_hidden_resi_blocks[4].hidden_layer/gen_ring_banks[1].ring_bank1/gen_sram_32x128.u_ring_sram/addr1[4]
                                0.04           0.07          -0.03  (VIOLATED)
   gen_hidden_resi_blocks[4].hidden_layer/gen_ring_banks[1].ring_bank2/read_addr[4]
                                0.04           0.07          -0.03  (VIOLATED)
       PIN :   gen_hidden_resi_blocks[4].hidden_layer/gen_ring_banks[1].ring_bank2/gen_sram_32x128.u_ring_sram/addr1[4]
                                0.04           0.07          -0.03  (VIOLATED)
   gen_hidden_resi_blocks[4].hidden_layer/gen_ring_banks[2].ring_bank1/read_addr[4]
                                0.04           0.07          -0.03  (VIOLATED)
       PIN :   gen_hidden_resi_blocks[4].hidden_layer/gen_ring_banks[2].ring_bank1/gen_sram_32x128.u_ring_sram/addr1[4]
                                0.04           0.07          -0.03  (VIOLATED)
   gen_hidden_resi_blocks[4].hidden_layer/gen_ring_banks[2].ring_bank2/read_addr[4]
                                0.04           0.07          -0.03  (VIOLATED)
       PIN :   gen_hidden_resi_blocks[4].hidden_layer/gen_ring_banks[2].ring_bank2/gen_sram_32x128.u_ring_sram/addr1[4]
                                0.04           0.07          -0.03  (VIOLATED)
   gen_hidden_resi_blocks[4].hidden_layer/gen_ring_banks[3].ring_bank1/read_addr[4]
                                0.04           0.07          -0.03  (VIOLATED)
       PIN :   gen_hidden_resi_blocks[4].hidden_layer/gen_ring_banks[3].ring_bank1/gen_sram_32x128.u_ring_sram/addr1[4]
                                0.04           0.07          -0.03  (VIOLATED)
   gen_hidden_resi_blocks[4].hidden_layer/gen_ring_banks[3].ring_bank2/read_addr[4]
                                0.04           0.07          -0.03  (VIOLATED)
       PIN :   gen_hidden_resi_blocks[4].hidden_layer/gen_ring_banks[3].ring_bank2/gen_sram_32x128.u_ring_sram/addr1[4]
                                0.04           0.07          -0.03  (VIOLATED)
   gen_hidden_resi_blocks[5].hidden_layer/gen_ring_banks[0].ring_bank1/read_addr[5]
                                0.04           0.07          -0.03  (VIOLATED)
       PIN :   gen_hidden_resi_blocks[5].hidden_layer/gen_ring_banks[0].ring_bank1/gen_sram_32x256.u_ring_sram/addr1[5]
                                0.04           0.07          -0.03  (VIOLATED)
   gen_hidden_resi_blocks[5].hidden_layer/gen_ring_banks[0].ring_bank2/read_addr[5]
                                0.04           0.07          -0.03  (VIOLATED)
       PIN :   gen_hidden_resi_blocks[5].hidden_layer/gen_ring_banks[0].ring_bank2/gen_sram_32x256.u_ring_sram/addr1[5]
                                0.04           0.07          -0.03  (VIOLATED)
   gen_hidden_resi_blocks[5].hidden_layer/gen_ring_banks[1].ring_bank1/read_addr[5]
                                0.04           0.07          -0.03  (VIOLATED)
       PIN :   gen_hidden_resi_blocks[5].hidden_layer/gen_ring_banks[1].ring_bank1/gen_sram_32x256.u_ring_sram/addr1[5]
                                0.04           0.07          -0.03  (VIOLATED)
   gen_hidden_resi_blocks[5].hidden_layer/gen_ring_banks[1].ring_bank2/read_addr[5]
                                0.04           0.07          -0.03  (VIOLATED)
       PIN :   gen_hidden_resi_blocks[5].hidden_layer/gen_ring_banks[1].ring_bank2/gen_sram_32x256.u_ring_sram/addr1[5]
                                0.04           0.07          -0.03  (VIOLATED)
   gen_hidden_resi_blocks[5].hidden_layer/gen_ring_banks[2].ring_bank1/read_addr[5]
                                0.04           0.07          -0.03  (VIOLATED)
       PIN :   gen_hidden_resi_blocks[5].hidden_layer/gen_ring_banks[2].ring_bank1/gen_sram_32x256.u_ring_sram/addr1[5]
                                0.04           0.07          -0.03  (VIOLATED)
   gen_hidden_resi_blocks[5].hidden_layer/gen_ring_banks[2].ring_bank2/read_addr[5]
                                0.04           0.07          -0.03  (VIOLATED)
       PIN :   gen_hidden_resi_blocks[5].hidden_layer/gen_ring_banks[2].ring_bank2/gen_sram_32x256.u_ring_sram/addr1[5]
                                0.04           0.07          -0.03  (VIOLATED)
   gen_hidden_resi_blocks[5].hidden_layer/gen_ring_banks[3].ring_bank1/read_addr[5]
                                0.04           0.07          -0.03  (VIOLATED)
       PIN :   gen_hidden_resi_blocks[5].hidden_layer/gen_ring_banks[3].ring_bank1/gen_sram_32x256.u_ring_sram/addr1[5]
                                0.04           0.07          -0.03  (VIOLATED)
   gen_hidden_resi_blocks[5].hidden_layer/gen_ring_banks[3].ring_bank2/read_addr[5]
                                0.04           0.07          -0.03  (VIOLATED)
       PIN :   gen_hidden_resi_blocks[5].hidden_layer/gen_ring_banks[3].ring_bank2/gen_sram_32x256.u_ring_sram/addr1[5]
                                0.04           0.07          -0.03  (VIOLATED)
   gen_hidden_resi_blocks[3].hidden_layer/gen_ring_banks[0].ring_bank2/read_addr[3]
                                0.04           0.07          -0.03  (VIOLATED)
       PIN :   gen_hidden_resi_blocks[3].hidden_layer/gen_ring_banks[0].ring_bank2/gen_sram_32x64.u_ring_sram/addr1[3]
                                0.04           0.07          -0.03  (VIOLATED)
   n10269                       0.04           0.06          -0.02  (VIOLATED)
       PIN :   gen_hidden_resi_blocks[4].hidden_layer/gen_ring_banks[0].ring_bank1/gen_sram_32x128.u_ring_sram/addr0[0]
                                0.04           0.06          -0.02  (VIOLATED)
   n10271                       0.04           0.06          -0.02  (VIOLATED)
       PIN :   gen_hidden_resi_blocks[4].hidden_layer/gen_ring_banks[3].ring_bank1/gen_sram_32x128.u_ring_sram/addr0[0]
                                0.04           0.06          -0.02  (VIOLATED)
   n10273                       0.04           0.06          -0.02  (VIOLATED)
       PIN :   gen_hidden_resi_blocks[4].hidden_layer/gen_ring_banks[2].ring_bank1/gen_sram_32x128.u_ring_sram/addr0[0]
                                0.04           0.06          -0.02  (VIOLATED)
   n10275                       0.04           0.06          -0.02  (VIOLATED)
       PIN :   gen_hidden_resi_blocks[4].hidden_layer/gen_ring_banks[1].ring_bank1/gen_sram_32x128.u_ring_sram/addr0[0]
                                0.04           0.06          -0.02  (VIOLATED)
   n10279                       0.04           0.06          -0.02  (VIOLATED)
       PIN :   gen_hidden_resi_blocks[4].hidden_layer/gen_ring_banks[2].ring_bank2/gen_sram_32x128.u_ring_sram/addr0[0]
                                0.04           0.06          -0.02  (VIOLATED)
   n10283                       0.04           0.06          -0.02  (VIOLATED)
       PIN :   gen_hidden_resi_blocks[4].hidden_layer/gen_ring_banks[0].ring_bank2/gen_sram_32x128.u_ring_sram/addr0[0]
                                0.04           0.06          -0.02  (VIOLATED)
   gen_hidden_resi_blocks[5].hidden_layer/s2
                                1.50           1.52          -0.02  (VIOLATED)
       PIN :   gen_hidden_resi_blocks[5].hidden_layer/init_mac2/valid_out_reg/Q
                                1.50           1.52          -0.02  (VIOLATED)
       PIN :   gen_hidden_resi_blocks[5].hidden_layer/valid_out_reg/D
                                1.50           1.52          -0.02  (VIOLATED)
       PIN :   U106523/A        1.50           1.52          -0.02  (VIOLATED)
       PIN :   U106752/A        1.50           1.52          -0.02  (VIOLATED)
       PIN :   U77440/A         1.50           1.52          -0.02  (VIOLATED)
       PIN :   U94095/B         1.50           1.52          -0.02  (VIOLATED)
       PIN :   U94102/B         1.50           1.52          -0.02  (VIOLATED)
       PIN :   U106315/B        1.50           1.52          -0.02  (VIOLATED)
       PIN :   U106318/B2       1.50           1.52          -0.02  (VIOLATED)
       PIN :   U106329/B2       1.50           1.52          -0.02  (VIOLATED)
       PIN :   U106335/B2       1.50           1.52          -0.02  (VIOLATED)
       PIN :   U106354/B        1.50           1.52          -0.02  (VIOLATED)
       PIN :   U106387/B        1.50           1.52          -0.02  (VIOLATED)
       PIN :   U106395/B        1.50           1.52          -0.02  (VIOLATED)
       PIN :   U106401/B2       1.50           1.52          -0.02  (VIOLATED)
       PIN :   U106423/B2       1.50           1.52          -0.02  (VIOLATED)
       PIN :   U106428/B        1.50           1.52          -0.02  (VIOLATED)
       PIN :   U106436/B        1.50           1.52          -0.02  (VIOLATED)
       PIN :   U106439/B        1.50           1.52          -0.02  (VIOLATED)
       PIN :   U106442/B2       1.50           1.52          -0.02  (VIOLATED)
       PIN :   U106453/B2       1.50           1.52          -0.02  (VIOLATED)
       PIN :   U106464/B2       1.50           1.52          -0.02  (VIOLATED)
       PIN :   U106470/B        1.50           1.52          -0.02  (VIOLATED)
       PIN :   U106478/B        1.50           1.52          -0.02  (VIOLATED)
       PIN :   U106495/B2       1.50           1.52          -0.02  (VIOLATED)
       PIN :   U106500/B2       1.50           1.52          -0.02  (VIOLATED)
       PIN :   U106511/B        1.50           1.52          -0.02  (VIOLATED)
       PIN :   U106522/B        1.50           1.52          -0.02  (VIOLATED)
       PIN :   U106526/B2       1.50           1.52          -0.02  (VIOLATED)
       PIN :   U106531/B2       1.50           1.52          -0.02  (VIOLATED)
       PIN :   U106537/B2       1.50           1.52          -0.02  (VIOLATED)
       PIN :   U106553/B        1.50           1.52          -0.02  (VIOLATED)
       PIN :   U106561/B        1.50           1.52          -0.02  (VIOLATED)
       PIN :   U106589/B2       1.50           1.52          -0.02  (VIOLATED)
       PIN :   U106603/B        1.50           1.52          -0.02  (VIOLATED)
       PIN :   U106630/B2       1.50           1.52          -0.02  (VIOLATED)
       PIN :   U106636/B        1.50           1.52          -0.02  (VIOLATED)
       PIN :   U106644/B        1.50           1.52          -0.02  (VIOLATED)
       PIN :   U106655/B2       1.50           1.52          -0.02  (VIOLATED)
       PIN :   U106662/B2       1.50           1.52          -0.02  (VIOLATED)
       PIN :   U106668/B2       1.50           1.52          -0.02  (VIOLATED)
       PIN :   U106673/B2       1.50           1.52          -0.02  (VIOLATED)
       PIN :   U106686/B        1.50           1.52          -0.02  (VIOLATED)
       PIN :   U106689/B        1.50           1.52          -0.02  (VIOLATED)
       PIN :   U106692/B2       1.50           1.52          -0.02  (VIOLATED)
       PIN :   U106697/B2       1.50           1.52          -0.02  (VIOLATED)
       PIN :   U106703/B2       1.50           1.52          -0.02  (VIOLATED)
       PIN :   U106709/B2       1.50           1.52          -0.02  (VIOLATED)
       PIN :   U106714/B2       1.50           1.52          -0.02  (VIOLATED)
       PIN :   U106728/B        1.50           1.52          -0.02  (VIOLATED)
       PIN :   U106731/B        1.50           1.52          -0.02  (VIOLATED)
       PIN :   U106756/B2       1.50           1.52          -0.02  (VIOLATED)
       PIN :   U106762/B        1.50           1.52          -0.02  (VIOLATED)
       PIN :   U106770/B        1.50           1.52          -0.02  (VIOLATED)
       PIN :   U106803/B        1.50           1.52          -0.02  (VIOLATED)
       PIN :   U106839/B        1.50           1.52          -0.02  (VIOLATED)
       PIN :   U106847/B        1.50           1.52          -0.02  (VIOLATED)
       PIN :   U106850/B        1.50           1.52          -0.02  (VIOLATED)
       PIN :   U106864/B2       1.50           1.52          -0.02  (VIOLATED)
       PIN :   U106870/B2       1.50           1.52          -0.02  (VIOLATED)
       PIN :   U106875/B2       1.50           1.52          -0.02  (VIOLATED)
       PIN :   U106889/B        1.50           1.52          -0.02  (VIOLATED)
       PIN :   U106895/B2       1.50           1.52          -0.02  (VIOLATED)
       PIN :   U106900/B2       1.50           1.52          -0.02  (VIOLATED)
       PIN :   U106906/B2       1.50           1.52          -0.02  (VIOLATED)
       PIN :   U106911/B2       1.50           1.52          -0.02  (VIOLATED)
       PIN :   U106916/B2       1.50           1.52          -0.02  (VIOLATED)
       PIN :   U106922/B        1.50           1.52          -0.02  (VIOLATED)
       PIN :   U106930/B        1.50           1.52          -0.02  (VIOLATED)
       PIN :   U106951/B2       1.50           1.52          -0.02  (VIOLATED)
   gen_hidden_resi_blocks[1].hidden_layer/init_quant1/n6216
                                1.50           1.52          -0.02  (VIOLATED)
       PIN :   gen_hidden_resi_blocks[1].hidden_layer/init_quant1/U1161/A2
                                1.50           1.52          -0.02  (VIOLATED)
       PIN :   gen_hidden_resi_blocks[1].hidden_layer/init_quant1/U1178/A2
                                1.50           1.52          -0.02  (VIOLATED)
       PIN :   gen_hidden_resi_blocks[1].hidden_layer/init_quant1/U1186/A1
                                1.50           1.52          -0.02  (VIOLATED)
       PIN :   gen_hidden_resi_blocks[1].hidden_layer/init_quant1/U1506/A1
                                1.50           1.52          -0.02  (VIOLATED)
       PIN :   gen_hidden_resi_blocks[1].hidden_layer/init_quant1/U1523/A1
                                1.50           1.52          -0.02  (VIOLATED)
       PIN :   gen_hidden_resi_blocks[1].hidden_layer/init_quant1/U1531/A2
                                1.50           1.52          -0.02  (VIOLATED)
       PIN :   gen_hidden_resi_blocks[1].hidden_layer/init_quant1/U1850/A1
                                1.50           1.52          -0.02  (VIOLATED)
       PIN :   gen_hidden_resi_blocks[1].hidden_layer/init_quant1/U1867/A1
                                1.50           1.52          -0.02  (VIOLATED)
       PIN :   gen_hidden_resi_blocks[1].hidden_layer/init_quant1/U1875/A2
                                1.50           1.52          -0.02  (VIOLATED)
       PIN :   gen_hidden_resi_blocks[1].hidden_layer/init_quant1/U2192/A1
                                1.50           1.52          -0.02  (VIOLATED)
       PIN :   gen_hidden_resi_blocks[1].hidden_layer/init_quant1/U2209/A1
                                1.50           1.52          -0.02  (VIOLATED)
       PIN :   gen_hidden_resi_blocks[1].hidden_layer/init_quant1/U2217/A2
                                1.50           1.52          -0.02  (VIOLATED)
       PIN :   gen_hidden_resi_blocks[1].hidden_layer/init_quant1/U2532/A1
                                1.50           1.52          -0.02  (VIOLATED)
       PIN :   gen_hidden_resi_blocks[1].hidden_layer/init_quant1/U2549/A1
                                1.50           1.52          -0.02  (VIOLATED)
       PIN :   gen_hidden_resi_blocks[1].hidden_layer/init_quant1/U2557/A2
                                1.50           1.52          -0.02  (VIOLATED)
       PIN :   gen_hidden_resi_blocks[1].hidden_layer/init_quant1/U2872/A1
                                1.50           1.52          -0.02  (VIOLATED)
       PIN :   gen_hidden_resi_blocks[1].hidden_layer/init_quant1/U2889/A1
                                1.50           1.52          -0.02  (VIOLATED)
       PIN :   gen_hidden_resi_blocks[1].hidden_layer/init_quant1/U2897/A2
                                1.50           1.52          -0.02  (VIOLATED)
       PIN :   gen_hidden_resi_blocks[1].hidden_layer/init_quant1/U3080/A2
                                1.50           1.52          -0.02  (VIOLATED)
       PIN :   gen_hidden_resi_blocks[1].hidden_layer/init_quant1/U3214/A1
                                1.50           1.52          -0.02  (VIOLATED)
       PIN :   gen_hidden_resi_blocks[1].hidden_layer/init_quant1/U3231/A1
                                1.50           1.52          -0.02  (VIOLATED)
       PIN :   gen_hidden_resi_blocks[1].hidden_layer/init_quant1/U3423/A2
                                1.50           1.52          -0.02  (VIOLATED)
       PIN :   gen_hidden_resi_blocks[1].hidden_layer/init_quant1/U3556/A1
                                1.50           1.52          -0.02  (VIOLATED)
       PIN :   gen_hidden_resi_blocks[1].hidden_layer/init_quant1/U3573/A1
                                1.50           1.52          -0.02  (VIOLATED)
       PIN :   gen_hidden_resi_blocks[1].hidden_layer/init_quant1/U3581/A2
                                1.50           1.52          -0.02  (VIOLATED)
       PIN :   gen_hidden_resi_blocks[1].hidden_layer/init_quant1/U3765/A2
                                1.50           1.52          -0.02  (VIOLATED)
       PIN :   gen_hidden_resi_blocks[1].hidden_layer/init_quant1/U3898/A1
                                1.50           1.52          -0.02  (VIOLATED)
       PIN :   gen_hidden_resi_blocks[1].hidden_layer/init_quant1/U3915/A1
                                1.50           1.52          -0.02  (VIOLATED)
       PIN :   gen_hidden_resi_blocks[1].hidden_layer/init_quant1/U4239/A1
                                1.50           1.52          -0.02  (VIOLATED)
       PIN :   gen_hidden_resi_blocks[1].hidden_layer/init_quant1/U4256/A1
                                1.50           1.52          -0.02  (VIOLATED)
       PIN :   gen_hidden_resi_blocks[1].hidden_layer/init_quant1/U4264/A2
                                1.50           1.52          -0.02  (VIOLATED)
       PIN :   gen_hidden_resi_blocks[1].hidden_layer/init_quant1/U4447/A2
                                1.50           1.52          -0.02  (VIOLATED)
       PIN :   gen_hidden_resi_blocks[1].hidden_layer/init_quant1/U4578/A1
                                1.50           1.52          -0.02  (VIOLATED)
       PIN :   gen_hidden_resi_blocks[1].hidden_layer/init_quant1/U4595/A1
                                1.50           1.52          -0.02  (VIOLATED)
       PIN :   gen_hidden_resi_blocks[1].hidden_layer/init_quant1/U4603/A2
                                1.50           1.52          -0.02  (VIOLATED)
       PIN :   gen_hidden_resi_blocks[1].hidden_layer/init_quant1/U4918/A1
                                1.50           1.52          -0.02  (VIOLATED)
       PIN :   gen_hidden_resi_blocks[1].hidden_layer/init_quant1/U4935/A1
                                1.50           1.52          -0.02  (VIOLATED)
       PIN :   gen_hidden_resi_blocks[1].hidden_layer/init_quant1/U4943/A2
                                1.50           1.52          -0.02  (VIOLATED)
       PIN :   gen_hidden_resi_blocks[1].hidden_layer/init_quant1/U5126/A2
                                1.50           1.52          -0.02  (VIOLATED)
       PIN :   gen_hidden_resi_blocks[1].hidden_layer/init_quant1/U5258/A1
                                1.50           1.52          -0.02  (VIOLATED)
       PIN :   gen_hidden_resi_blocks[1].hidden_layer/init_quant1/U5275/A1
                                1.50           1.52          -0.02  (VIOLATED)
       PIN :   gen_hidden_resi_blocks[1].hidden_layer/init_quant1/U5283/A2
                                1.50           1.52          -0.02  (VIOLATED)
       PIN :   gen_hidden_resi_blocks[1].hidden_layer/init_quant1/U5599/A1
                                1.50           1.52          -0.02  (VIOLATED)
       PIN :   gen_hidden_resi_blocks[1].hidden_layer/init_quant1/U5616/A1
                                1.50           1.52          -0.02  (VIOLATED)
       PIN :   gen_hidden_resi_blocks[1].hidden_layer/init_quant1/U5624/A2
                                1.50           1.52          -0.02  (VIOLATED)
       PIN :   gen_hidden_resi_blocks[1].hidden_layer/init_quant1/U5808/A2
                                1.50           1.52          -0.02  (VIOLATED)
       PIN :   gen_hidden_resi_blocks[1].hidden_layer/init_quant1/U5941/A1
                                1.50           1.52          -0.02  (VIOLATED)
       PIN :   gen_hidden_resi_blocks[1].hidden_layer/init_quant1/U5958/A1
                                1.50           1.52          -0.02  (VIOLATED)
       PIN :   gen_hidden_resi_blocks[1].hidden_layer/init_quant1/U6282/A1
                                1.50           1.52          -0.02  (VIOLATED)
       PIN :   gen_hidden_resi_blocks[1].hidden_layer/init_quant1/U6299/A1
                                1.50           1.52          -0.02  (VIOLATED)
       PIN :   gen_hidden_resi_blocks[1].hidden_layer/init_quant1/U6307/A2
                                1.50           1.52          -0.02  (VIOLATED)
       PIN :   gen_hidden_resi_blocks[1].hidden_layer/init_quant1/U1157/X
                                1.51           1.52          -0.02  (VIOLATED)
   gen_hidden_resi_blocks[5].hidden_layer/init_quant1/n6218
                                1.50           1.52          -0.02  (VIOLATED)
       PIN :   gen_hidden_resi_blocks[5].hidden_layer/init_quant1/U1157/A2
                                1.50           1.52          -0.02  (VIOLATED)
       PIN :   gen_hidden_resi_blocks[5].hidden_layer/init_quant1/U1174/A2
                                1.50           1.52          -0.02  (VIOLATED)
       PIN :   gen_hidden_resi_blocks[5].hidden_layer/init_quant1/U1182/A1
                                1.50           1.52          -0.02  (VIOLATED)
       PIN :   gen_hidden_resi_blocks[5].hidden_layer/init_quant1/U1499/A1
                                1.50           1.52          -0.02  (VIOLATED)
       PIN :   gen_hidden_resi_blocks[5].hidden_layer/init_quant1/U1516/A1
                                1.50           1.52          -0.02  (VIOLATED)
       PIN :   gen_hidden_resi_blocks[5].hidden_layer/init_quant1/U1524/A2
                                1.50           1.52          -0.02  (VIOLATED)
       PIN :   gen_hidden_resi_blocks[5].hidden_layer/init_quant1/U1844/A1
                                1.50           1.52          -0.02  (VIOLATED)
       PIN :   gen_hidden_resi_blocks[5].hidden_layer/init_quant1/U1861/A1
                                1.50           1.52          -0.02  (VIOLATED)
       PIN :   gen_hidden_resi_blocks[5].hidden_layer/init_quant1/U1869/A2
                                1.50           1.52          -0.02  (VIOLATED)
       PIN :   gen_hidden_resi_blocks[5].hidden_layer/init_quant1/U2187/A1
                                1.50           1.52          -0.02  (VIOLATED)
       PIN :   gen_hidden_resi_blocks[5].hidden_layer/init_quant1/U2204/A1
                                1.50           1.52          -0.02  (VIOLATED)
       PIN :   gen_hidden_resi_blocks[5].hidden_layer/init_quant1/U2212/A2
                                1.50           1.52          -0.02  (VIOLATED)
       PIN :   gen_hidden_resi_blocks[5].hidden_layer/init_quant1/U2528/A1
                                1.50           1.52          -0.02  (VIOLATED)
       PIN :   gen_hidden_resi_blocks[5].hidden_layer/init_quant1/U2545/A1
                                1.50           1.52          -0.02  (VIOLATED)
       PIN :   gen_hidden_resi_blocks[5].hidden_layer/init_quant1/U2553/A2
                                1.50           1.52          -0.02  (VIOLATED)
       PIN :   gen_hidden_resi_blocks[5].hidden_layer/init_quant1/U2868/A1
                                1.50           1.52          -0.02  (VIOLATED)
       PIN :   gen_hidden_resi_blocks[5].hidden_layer/init_quant1/U2885/A1
                                1.50           1.52          -0.02  (VIOLATED)
       PIN :   gen_hidden_resi_blocks[5].hidden_layer/init_quant1/U2893/A2
                                1.50           1.52          -0.02  (VIOLATED)
       PIN :   gen_hidden_resi_blocks[5].hidden_layer/init_quant1/U3076/A2
                                1.50           1.52          -0.02  (VIOLATED)
       PIN :   gen_hidden_resi_blocks[5].hidden_layer/init_quant1/U3210/A1
                                1.50           1.52          -0.02  (VIOLATED)
       PIN :   gen_hidden_resi_blocks[5].hidden_layer/init_quant1/U3227/A1
                                1.50           1.52          -0.02  (VIOLATED)
       PIN :   gen_hidden_resi_blocks[5].hidden_layer/init_quant1/U3418/A2
                                1.50           1.52          -0.02  (VIOLATED)
       PIN :   gen_hidden_resi_blocks[5].hidden_layer/init_quant1/U3551/A1
                                1.50           1.52          -0.02  (VIOLATED)
       PIN :   gen_hidden_resi_blocks[5].hidden_layer/init_quant1/U3568/A1
                                1.50           1.52          -0.02  (VIOLATED)
       PIN :   gen_hidden_resi_blocks[5].hidden_layer/init_quant1/U3576/A2
                                1.50           1.52          -0.02  (VIOLATED)
       PIN :   gen_hidden_resi_blocks[5].hidden_layer/init_quant1/U3760/A2
                                1.50           1.52          -0.02  (VIOLATED)
       PIN :   gen_hidden_resi_blocks[5].hidden_layer/init_quant1/U3893/A1
                                1.50           1.52          -0.02  (VIOLATED)
       PIN :   gen_hidden_resi_blocks[5].hidden_layer/init_quant1/U3910/A1
                                1.50           1.52          -0.02  (VIOLATED)
       PIN :   gen_hidden_resi_blocks[5].hidden_layer/init_quant1/U4235/A1
                                1.50           1.52          -0.02  (VIOLATED)
       PIN :   gen_hidden_resi_blocks[5].hidden_layer/init_quant1/U4252/A1
                                1.50           1.52          -0.02  (VIOLATED)
       PIN :   gen_hidden_resi_blocks[5].hidden_layer/init_quant1/U4260/A2
                                1.50           1.52          -0.02  (VIOLATED)
       PIN :   gen_hidden_resi_blocks[5].hidden_layer/init_quant1/U4444/A2
                                1.50           1.52          -0.02  (VIOLATED)
       PIN :   gen_hidden_resi_blocks[5].hidden_layer/init_quant1/U4577/A1
                                1.50           1.52          -0.02  (VIOLATED)
       PIN :   gen_hidden_resi_blocks[5].hidden_layer/init_quant1/U4594/A1
                                1.50           1.52          -0.02  (VIOLATED)
       PIN :   gen_hidden_resi_blocks[5].hidden_layer/init_quant1/U4602/A2
                                1.50           1.52          -0.02  (VIOLATED)
       PIN :   gen_hidden_resi_blocks[5].hidden_layer/init_quant1/U4919/A1
                                1.50           1.52          -0.02  (VIOLATED)
       PIN :   gen_hidden_resi_blocks[5].hidden_layer/init_quant1/U4936/A1
                                1.50           1.52          -0.02  (VIOLATED)
       PIN :   gen_hidden_resi_blocks[5].hidden_layer/init_quant1/U4944/A2
                                1.50           1.52          -0.02  (VIOLATED)
       PIN :   gen_hidden_resi_blocks[5].hidden_layer/init_quant1/U5128/A2
                                1.50           1.52          -0.02  (VIOLATED)
       PIN :   gen_hidden_resi_blocks[5].hidden_layer/init_quant1/U5260/A1
                                1.50           1.52          -0.02  (VIOLATED)
       PIN :   gen_hidden_resi_blocks[5].hidden_layer/init_quant1/U5277/A1
                                1.50           1.52          -0.02  (VIOLATED)
       PIN :   gen_hidden_resi_blocks[5].hidden_layer/init_quant1/U5285/A2
                                1.50           1.52          -0.02  (VIOLATED)
       PIN :   gen_hidden_resi_blocks[5].hidden_layer/init_quant1/U5602/A1
                                1.50           1.52          -0.02  (VIOLATED)
       PIN :   gen_hidden_resi_blocks[5].hidden_layer/init_quant1/U5619/A1
                                1.50           1.52          -0.02  (VIOLATED)
       PIN :   gen_hidden_resi_blocks[5].hidden_layer/init_quant1/U5627/A2
                                1.50           1.52          -0.02  (VIOLATED)
       PIN :   gen_hidden_resi_blocks[5].hidden_layer/init_quant1/U5810/A2
                                1.50           1.52          -0.02  (VIOLATED)
       PIN :   gen_hidden_resi_blocks[5].hidden_layer/init_quant1/U5943/A1
                                1.50           1.52          -0.02  (VIOLATED)
       PIN :   gen_hidden_resi_blocks[5].hidden_layer/init_quant1/U5960/A1
                                1.50           1.52          -0.02  (VIOLATED)
       PIN :   gen_hidden_resi_blocks[5].hidden_layer/init_quant1/U6284/A1
                                1.50           1.52          -0.02  (VIOLATED)
       PIN :   gen_hidden_resi_blocks[5].hidden_layer/init_quant1/U6301/A1
                                1.50           1.52          -0.02  (VIOLATED)
       PIN :   gen_hidden_resi_blocks[5].hidden_layer/init_quant1/U6309/A2
                                1.50           1.52          -0.02  (VIOLATED)
       PIN :   gen_hidden_resi_blocks[5].hidden_layer/init_quant1/U1153/X
                                1.51           1.52          -0.02  (VIOLATED)
   input_layer/init_quant1/n6223
                                1.50           1.52          -0.02  (VIOLATED)
       PIN :   input_layer/init_quant1/U1170/A2
                                1.50           1.52          -0.02  (VIOLATED)
       PIN :   input_layer/init_quant1/U1187/A2
                                1.50           1.52          -0.02  (VIOLATED)
       PIN :   input_layer/init_quant1/U1195/A1
                                1.50           1.52          -0.02  (VIOLATED)
       PIN :   input_layer/init_quant1/U1510/A1
                                1.50           1.52          -0.02  (VIOLATED)
       PIN :   input_layer/init_quant1/U1527/A1
                                1.50           1.52          -0.02  (VIOLATED)
       PIN :   input_layer/init_quant1/U1535/A2
                                1.50           1.52          -0.02  (VIOLATED)
       PIN :   input_layer/init_quant1/U1853/A1
                                1.50           1.52          -0.02  (VIOLATED)
       PIN :   input_layer/init_quant1/U1870/A1
                                1.50           1.52          -0.02  (VIOLATED)
       PIN :   input_layer/init_quant1/U1878/A2
                                1.50           1.52          -0.02  (VIOLATED)
       PIN :   input_layer/init_quant1/U2194/A1
                                1.50           1.52          -0.02  (VIOLATED)
       PIN :   input_layer/init_quant1/U2211/A1
                                1.50           1.52          -0.02  (VIOLATED)
       PIN :   input_layer/init_quant1/U2219/A2
                                1.50           1.52          -0.02  (VIOLATED)
       PIN :   input_layer/init_quant1/U2535/A1
                                1.50           1.52          -0.02  (VIOLATED)
       PIN :   input_layer/init_quant1/U2552/A1
                                1.50           1.52          -0.02  (VIOLATED)
       PIN :   input_layer/init_quant1/U2560/A2
                                1.50           1.52          -0.02  (VIOLATED)
       PIN :   input_layer/init_quant1/U2878/A1
                                1.50           1.52          -0.02  (VIOLATED)
       PIN :   input_layer/init_quant1/U2895/A1
                                1.50           1.52          -0.02  (VIOLATED)
       PIN :   input_layer/init_quant1/U2903/A2
                                1.50           1.52          -0.02  (VIOLATED)
       PIN :   input_layer/init_quant1/U3087/A2
                                1.50           1.52          -0.02  (VIOLATED)
       PIN :   input_layer/init_quant1/U3220/A1
                                1.50           1.52          -0.02  (VIOLATED)
       PIN :   input_layer/init_quant1/U3237/A1
                                1.50           1.52          -0.02  (VIOLATED)
       PIN :   input_layer/init_quant1/U3428/A2
                                1.50           1.52          -0.02  (VIOLATED)
       PIN :   input_layer/init_quant1/U3561/A1
                                1.50           1.52          -0.02  (VIOLATED)
       PIN :   input_layer/init_quant1/U3578/A1
                                1.50           1.52          -0.02  (VIOLATED)
       PIN :   input_layer/init_quant1/U3586/A2
                                1.50           1.52          -0.02  (VIOLATED)
       PIN :   input_layer/init_quant1/U3769/A2
                                1.50           1.52          -0.02  (VIOLATED)
       PIN :   input_layer/init_quant1/U3901/A1
                                1.50           1.52          -0.02  (VIOLATED)
       PIN :   input_layer/init_quant1/U3918/A1
                                1.50           1.52          -0.02  (VIOLATED)
       PIN :   input_layer/init_quant1/U4241/A1
                                1.50           1.52          -0.02  (VIOLATED)
       PIN :   input_layer/init_quant1/U4258/A1
                                1.50           1.52          -0.02  (VIOLATED)
       PIN :   input_layer/init_quant1/U4581/A1
                                1.50           1.52          -0.02  (VIOLATED)
       PIN :   input_layer/init_quant1/U4598/A1
                                1.50           1.52          -0.02  (VIOLATED)
       PIN :   input_layer/init_quant1/U4606/A2
                                1.50           1.52          -0.02  (VIOLATED)
       PIN :   input_layer/init_quant1/U4789/A2
                                1.50           1.52          -0.02  (VIOLATED)
       PIN :   input_layer/init_quant1/U4923/A1
                                1.50           1.52          -0.02  (VIOLATED)
       PIN :   input_layer/init_quant1/U4940/A1
                                1.50           1.52          -0.02  (VIOLATED)
       PIN :   input_layer/init_quant1/U4948/A2
                                1.50           1.52          -0.02  (VIOLATED)
       PIN :   input_layer/init_quant1/U5264/A1
                                1.50           1.52          -0.02  (VIOLATED)
       PIN :   input_layer/init_quant1/U5281/A1
                                1.50           1.52          -0.02  (VIOLATED)
       PIN :   input_layer/init_quant1/U5290/A2
                                1.50           1.52          -0.02  (VIOLATED)
       PIN :   input_layer/init_quant1/U5473/A2
                                1.50           1.52          -0.02  (VIOLATED)
       PIN :   input_layer/init_quant1/U5605/A1
                                1.50           1.52          -0.02  (VIOLATED)
       PIN :   input_layer/init_quant1/U5622/A1
                                1.50           1.52          -0.02  (VIOLATED)
       PIN :   input_layer/init_quant1/U5630/A2
                                1.50           1.52          -0.02  (VIOLATED)
       PIN :   input_layer/init_quant1/U5946/A1
                                1.50           1.52          -0.02  (VIOLATED)
       PIN :   input_layer/init_quant1/U5963/A1
                                1.50           1.52          -0.02  (VIOLATED)
       PIN :   input_layer/init_quant1/U5971/A2
                                1.50           1.52          -0.02  (VIOLATED)
       PIN :   input_layer/init_quant1/U6154/A2
                                1.50           1.52          -0.02  (VIOLATED)
       PIN :   input_layer/init_quant1/U6286/A1
                                1.50           1.52          -0.02  (VIOLATED)
       PIN :   input_layer/init_quant1/U6303/A1
                                1.50           1.52          -0.02  (VIOLATED)
       PIN :   input_layer/init_quant1/U6311/A2
                                1.50           1.52          -0.02  (VIOLATED)
       PIN :   input_layer/init_quant1/U1166/X
                                1.51           1.52          -0.02  (VIOLATED)
   gen_hidden_resi_blocks[0].hidden_layer/init_quant1/n6223
                                1.50           1.52          -0.02  (VIOLATED)
       PIN :   gen_hidden_resi_blocks[0].hidden_layer/init_quant1/U1172/A2
                                1.50           1.52          -0.02  (VIOLATED)
       PIN :   gen_hidden_resi_blocks[0].hidden_layer/init_quant1/U1189/A2
                                1.50           1.52          -0.02  (VIOLATED)
       PIN :   gen_hidden_resi_blocks[0].hidden_layer/init_quant1/U1197/A1
                                1.50           1.52          -0.02  (VIOLATED)
       PIN :   gen_hidden_resi_blocks[0].hidden_layer/init_quant1/U1512/A1
                                1.50           1.52          -0.02  (VIOLATED)
       PIN :   gen_hidden_resi_blocks[0].hidden_layer/init_quant1/U1529/A1
                                1.50           1.52          -0.02  (VIOLATED)
       PIN :   gen_hidden_resi_blocks[0].hidden_layer/init_quant1/U1537/A2
                                1.50           1.52          -0.02  (VIOLATED)
       PIN :   gen_hidden_resi_blocks[0].hidden_layer/init_quant1/U1856/A1
                                1.50           1.52          -0.02  (VIOLATED)
       PIN :   gen_hidden_resi_blocks[0].hidden_layer/init_quant1/U1873/A1
                                1.50           1.52          -0.02  (VIOLATED)
       PIN :   gen_hidden_resi_blocks[0].hidden_layer/init_quant1/U1881/A2
                                1.50           1.52          -0.02  (VIOLATED)
       PIN :   gen_hidden_resi_blocks[0].hidden_layer/init_quant1/U2198/A1
                                1.50           1.52          -0.02  (VIOLATED)
       PIN :   gen_hidden_resi_blocks[0].hidden_layer/init_quant1/U2215/A1
                                1.50           1.52          -0.02  (VIOLATED)
       PIN :   gen_hidden_resi_blocks[0].hidden_layer/init_quant1/U2223/A2
                                1.50           1.52          -0.02  (VIOLATED)
       PIN :   gen_hidden_resi_blocks[0].hidden_layer/init_quant1/U2540/A1
                                1.50           1.52          -0.02  (VIOLATED)
       PIN :   gen_hidden_resi_blocks[0].hidden_layer/init_quant1/U2557/A1
                                1.50           1.52          -0.02  (VIOLATED)
       PIN :   gen_hidden_resi_blocks[0].hidden_layer/init_quant1/U2565/A2
                                1.50           1.52          -0.02  (VIOLATED)
       PIN :   gen_hidden_resi_blocks[0].hidden_layer/init_quant1/U2881/A1
                                1.50           1.52          -0.02  (VIOLATED)
       PIN :   gen_hidden_resi_blocks[0].hidden_layer/init_quant1/U2898/A1
                                1.50           1.52          -0.02  (VIOLATED)
       PIN :   gen_hidden_resi_blocks[0].hidden_layer/init_quant1/U2906/A2
                                1.50           1.52          -0.02  (VIOLATED)
       PIN :   gen_hidden_resi_blocks[0].hidden_layer/init_quant1/U3088/A2
                                1.50           1.52          -0.02  (VIOLATED)
       PIN :   gen_hidden_resi_blocks[0].hidden_layer/init_quant1/U3222/A1
                                1.50           1.52          -0.02  (VIOLATED)
       PIN :   gen_hidden_resi_blocks[0].hidden_layer/init_quant1/U3239/A1
                                1.50           1.52          -0.02  (VIOLATED)
       PIN :   gen_hidden_resi_blocks[0].hidden_layer/init_quant1/U3429/A2
                                1.50           1.52          -0.02  (VIOLATED)
       PIN :   gen_hidden_resi_blocks[0].hidden_layer/init_quant1/U3563/A1
                                1.50           1.52          -0.02  (VIOLATED)
       PIN :   gen_hidden_resi_blocks[0].hidden_layer/init_quant1/U3580/A1
                                1.50           1.52          -0.02  (VIOLATED)
       PIN :   gen_hidden_resi_blocks[0].hidden_layer/init_quant1/U3588/A2
                                1.50           1.52          -0.02  (VIOLATED)
       PIN :   gen_hidden_resi_blocks[0].hidden_layer/init_quant1/U3772/A2
                                1.50           1.52          -0.02  (VIOLATED)
       PIN :   gen_hidden_resi_blocks[0].hidden_layer/init_quant1/U3904/A1
                                1.50           1.52          -0.02  (VIOLATED)
       PIN :   gen_hidden_resi_blocks[0].hidden_layer/init_quant1/U3921/A1
                                1.50           1.52          -0.02  (VIOLATED)
       PIN :   gen_hidden_resi_blocks[0].hidden_layer/init_quant1/U4244/A1
                                1.50           1.52          -0.02  (VIOLATED)
       PIN :   gen_hidden_resi_blocks[0].hidden_layer/init_quant1/U4261/A1
                                1.50           1.52          -0.02  (VIOLATED)
       PIN :   gen_hidden_resi_blocks[0].hidden_layer/init_quant1/U4269/A2
                                1.50           1.52          -0.02  (VIOLATED)
       PIN :   gen_hidden_resi_blocks[0].hidden_layer/init_quant1/U4453/A2
                                1.50           1.52          -0.02  (VIOLATED)
       PIN :   gen_hidden_resi_blocks[0].hidden_layer/init_quant1/U4587/A1
                                1.50           1.52          -0.02  (VIOLATED)
       PIN :   gen_hidden_resi_blocks[0].hidden_layer/init_quant1/U4604/A1
                                1.50           1.52          -0.02  (VIOLATED)
       PIN :   gen_hidden_resi_blocks[0].hidden_layer/init_quant1/U4612/A2
                                1.50           1.52          -0.02  (VIOLATED)
       PIN :   gen_hidden_resi_blocks[0].hidden_layer/init_quant1/U4929/A1
                                1.50           1.52          -0.02  (VIOLATED)
       PIN :   gen_hidden_resi_blocks[0].hidden_layer/init_quant1/U4946/A1
                                1.50           1.52          -0.02  (VIOLATED)
       PIN :   gen_hidden_resi_blocks[0].hidden_layer/init_quant1/U4954/A2
                                1.50           1.52          -0.02  (VIOLATED)
       PIN :   gen_hidden_resi_blocks[0].hidden_layer/init_quant1/U5137/A2
                                1.50           1.52          -0.02  (VIOLATED)
       PIN :   gen_hidden_resi_blocks[0].hidden_layer/init_quant1/U5270/A1
                                1.50           1.52          -0.02  (VIOLATED)
       PIN :   gen_hidden_resi_blocks[0].hidden_layer/init_quant1/U5287/A1
                                1.50           1.52          -0.02  (VIOLATED)
       PIN :   gen_hidden_resi_blocks[0].hidden_layer/init_quant1/U5295/A2
                                1.50           1.52          -0.02  (VIOLATED)
       PIN :   gen_hidden_resi_blocks[0].hidden_layer/init_quant1/U5609/A1
                                1.50           1.52          -0.02  (VIOLATED)
       PIN :   gen_hidden_resi_blocks[0].hidden_layer/init_quant1/U5626/A1
                                1.50           1.52          -0.02  (VIOLATED)
       PIN :   gen_hidden_resi_blocks[0].hidden_layer/init_quant1/U5634/A2
                                1.50           1.52          -0.02  (VIOLATED)
       PIN :   gen_hidden_resi_blocks[0].hidden_layer/init_quant1/U5816/A2
                                1.50           1.52          -0.02  (VIOLATED)
       PIN :   gen_hidden_resi_blocks[0].hidden_layer/init_quant1/U5949/A1
                                1.50           1.52          -0.02  (VIOLATED)
       PIN :   gen_hidden_resi_blocks[0].hidden_layer/init_quant1/U5966/A1
                                1.50           1.52          -0.02  (VIOLATED)
       PIN :   gen_hidden_resi_blocks[0].hidden_layer/init_quant1/U6288/A1
                                1.50           1.52          -0.02  (VIOLATED)
       PIN :   gen_hidden_resi_blocks[0].hidden_layer/init_quant1/U6305/A1
                                1.50           1.52          -0.02  (VIOLATED)
       PIN :   gen_hidden_resi_blocks[0].hidden_layer/init_quant1/U6313/A2
                                1.50           1.52          -0.02  (VIOLATED)
       PIN :   gen_hidden_resi_blocks[0].hidden_layer/init_quant1/U1168/X
                                1.51           1.52          -0.01  (VIOLATED)
   gen_hidden_resi_blocks[2].hidden_layer/init_quant1/n6234
                                1.50           1.52          -0.02  (VIOLATED)
       PIN :   gen_hidden_resi_blocks[2].hidden_layer/init_quant1/U1187/A2
                                1.50           1.52          -0.02  (VIOLATED)
       PIN :   gen_hidden_resi_blocks[2].hidden_layer/init_quant1/U1204/A2
                                1.50           1.52          -0.02  (VIOLATED)
       PIN :   gen_hidden_resi_blocks[2].hidden_layer/init_quant1/U1212/A1
                                1.50           1.52          -0.02  (VIOLATED)
       PIN :   gen_hidden_resi_blocks[2].hidden_layer/init_quant1/U1530/A1
                                1.50           1.52          -0.02  (VIOLATED)
       PIN :   gen_hidden_resi_blocks[2].hidden_layer/init_quant1/U1547/A1
                                1.50           1.52          -0.02  (VIOLATED)
       PIN :   gen_hidden_resi_blocks[2].hidden_layer/init_quant1/U1555/A2
                                1.50           1.52          -0.02  (VIOLATED)
       PIN :   gen_hidden_resi_blocks[2].hidden_layer/init_quant1/U1875/A1
                                1.50           1.52          -0.02  (VIOLATED)
       PIN :   gen_hidden_resi_blocks[2].hidden_layer/init_quant1/U1892/A1
                                1.50           1.52          -0.02  (VIOLATED)
       PIN :   gen_hidden_resi_blocks[2].hidden_layer/init_quant1/U1900/A2
                                1.50           1.52          -0.02  (VIOLATED)
       PIN :   gen_hidden_resi_blocks[2].hidden_layer/init_quant1/U2218/A1
                                1.50           1.52          -0.02  (VIOLATED)
       PIN :   gen_hidden_resi_blocks[2].hidden_layer/init_quant1/U2235/A1
                                1.50           1.52          -0.02  (VIOLATED)
       PIN :   gen_hidden_resi_blocks[2].hidden_layer/init_quant1/U2243/A2
                                1.50           1.52          -0.02  (VIOLATED)
       PIN :   gen_hidden_resi_blocks[2].hidden_layer/init_quant1/U2557/A1
                                1.50           1.52          -0.02  (VIOLATED)
       PIN :   gen_hidden_resi_blocks[2].hidden_layer/init_quant1/U2574/A1
                                1.50           1.52          -0.02  (VIOLATED)
       PIN :   gen_hidden_resi_blocks[2].hidden_layer/init_quant1/U2582/A2
                                1.50           1.52          -0.02  (VIOLATED)
       PIN :   gen_hidden_resi_blocks[2].hidden_layer/init_quant1/U2897/A1
                                1.50           1.52          -0.02  (VIOLATED)
       PIN :   gen_hidden_resi_blocks[2].hidden_layer/init_quant1/U2914/A1
                                1.50           1.52          -0.02  (VIOLATED)
       PIN :   gen_hidden_resi_blocks[2].hidden_layer/init_quant1/U2922/A2
                                1.50           1.52          -0.02  (VIOLATED)
       PIN :   gen_hidden_resi_blocks[2].hidden_layer/init_quant1/U3105/A2
                                1.50           1.52          -0.02  (VIOLATED)
       PIN :   gen_hidden_resi_blocks[2].hidden_layer/init_quant1/U3238/A1
                                1.50           1.52          -0.02  (VIOLATED)
       PIN :   gen_hidden_resi_blocks[2].hidden_layer/init_quant1/U3255/A1
                                1.50           1.52          -0.02  (VIOLATED)
       PIN :   gen_hidden_resi_blocks[2].hidden_layer/init_quant1/U3446/A2
                                1.50           1.52          -0.02  (VIOLATED)
       PIN :   gen_hidden_resi_blocks[2].hidden_layer/init_quant1/U3580/A1
                                1.50           1.52          -0.02  (VIOLATED)
       PIN :   gen_hidden_resi_blocks[2].hidden_layer/init_quant1/U3597/A1
                                1.50           1.52          -0.02  (VIOLATED)
       PIN :   gen_hidden_resi_blocks[2].hidden_layer/init_quant1/U3605/A2
                                1.50           1.52          -0.02  (VIOLATED)
       PIN :   gen_hidden_resi_blocks[2].hidden_layer/init_quant1/U3789/A2
                                1.50           1.52          -0.02  (VIOLATED)
       PIN :   gen_hidden_resi_blocks[2].hidden_layer/init_quant1/U3922/A1
                                1.50           1.52          -0.02  (VIOLATED)
       PIN :   gen_hidden_resi_blocks[2].hidden_layer/init_quant1/U3939/A1
                                1.50           1.52          -0.02  (VIOLATED)
       PIN :   gen_hidden_resi_blocks[2].hidden_layer/init_quant1/U4260/A1
                                1.50           1.52          -0.02  (VIOLATED)
       PIN :   gen_hidden_resi_blocks[2].hidden_layer/init_quant1/U4277/A1
                                1.50           1.52          -0.02  (VIOLATED)
       PIN :   gen_hidden_resi_blocks[2].hidden_layer/init_quant1/U4285/A2
                                1.50           1.52          -0.02  (VIOLATED)
       PIN :   gen_hidden_resi_blocks[2].hidden_layer/init_quant1/U4468/A2
                                1.50           1.52          -0.02  (VIOLATED)
       PIN :   gen_hidden_resi_blocks[2].hidden_layer/init_quant1/U4603/A1
                                1.50           1.52          -0.02  (VIOLATED)
       PIN :   gen_hidden_resi_blocks[2].hidden_layer/init_quant1/U4620/A1
                                1.50           1.52          -0.02  (VIOLATED)
       PIN :   gen_hidden_resi_blocks[2].hidden_layer/init_quant1/U4628/A2
                                1.50           1.52          -0.02  (VIOLATED)
       PIN :   gen_hidden_resi_blocks[2].hidden_layer/init_quant1/U4943/A1
                                1.50           1.52          -0.02  (VIOLATED)
       PIN :   gen_hidden_resi_blocks[2].hidden_layer/init_quant1/U4960/A1
                                1.50           1.52          -0.02  (VIOLATED)
       PIN :   gen_hidden_resi_blocks[2].hidden_layer/init_quant1/U4968/A2
                                1.50           1.52          -0.02  (VIOLATED)
       PIN :   gen_hidden_resi_blocks[2].hidden_layer/init_quant1/U5150/A2
                                1.50           1.52          -0.02  (VIOLATED)
       PIN :   gen_hidden_resi_blocks[2].hidden_layer/init_quant1/U5282/A1
                                1.50           1.52          -0.02  (VIOLATED)
       PIN :   gen_hidden_resi_blocks[2].hidden_layer/init_quant1/U5299/A1
                                1.50           1.52          -0.02  (VIOLATED)
       PIN :   gen_hidden_resi_blocks[2].hidden_layer/init_quant1/U5307/A2
                                1.50           1.52          -0.02  (VIOLATED)
       PIN :   gen_hidden_resi_blocks[2].hidden_layer/init_quant1/U5620/A1
                                1.50           1.52          -0.02  (VIOLATED)
       PIN :   gen_hidden_resi_blocks[2].hidden_layer/init_quant1/U5637/A1
                                1.50           1.52          -0.02  (VIOLATED)
       PIN :   gen_hidden_resi_blocks[2].hidden_layer/init_quant1/U5645/A2
                                1.50           1.52          -0.02  (VIOLATED)
       PIN :   gen_hidden_resi_blocks[2].hidden_layer/init_quant1/U5827/A2
                                1.50           1.52          -0.02  (VIOLATED)
       PIN :   gen_hidden_resi_blocks[2].hidden_layer/init_quant1/U5959/A1
                                1.50           1.52          -0.02  (VIOLATED)
       PIN :   gen_hidden_resi_blocks[2].hidden_layer/init_quant1/U5976/A1
                                1.50           1.52          -0.02  (VIOLATED)
       PIN :   gen_hidden_resi_blocks[2].hidden_layer/init_quant1/U6298/A1
                                1.50           1.52          -0.02  (VIOLATED)
       PIN :   gen_hidden_resi_blocks[2].hidden_layer/init_quant1/U6315/A1
                                1.50           1.52          -0.02  (VIOLATED)
       PIN :   gen_hidden_resi_blocks[2].hidden_layer/init_quant1/U6323/A2
                                1.50           1.52          -0.02  (VIOLATED)
       PIN :   gen_hidden_resi_blocks[2].hidden_layer/init_quant1/U1183/X
                                1.51           1.52          -0.01  (VIOLATED)
   n10284                       0.04           0.06          -0.02  (VIOLATED)
       PIN :   gen_hidden_resi_blocks[5].hidden_layer/gen_ring_banks[0].ring_bank1/gen_sram_32x256.u_ring_sram/addr0[1]
                                0.04           0.06          -0.02  (VIOLATED)
   n10286                       0.04           0.06          -0.02  (VIOLATED)
       PIN :   gen_hidden_resi_blocks[5].hidden_layer/gen_ring_banks[3].ring_bank1/gen_sram_32x256.u_ring_sram/addr0[1]
                                0.04           0.06          -0.02  (VIOLATED)
   n10290                       0.04           0.06          -0.02  (VIOLATED)
       PIN :   gen_hidden_resi_blocks[5].hidden_layer/gen_ring_banks[1].ring_bank1/gen_sram_32x256.u_ring_sram/addr0[1]
                                0.04           0.06          -0.02  (VIOLATED)
   n10292                       0.04           0.06          -0.02  (VIOLATED)
       PIN :   gen_hidden_resi_blocks[5].hidden_layer/gen_ring_banks[3].ring_bank2/gen_sram_32x256.u_ring_sram/addr0[1]
                                0.04           0.06          -0.02  (VIOLATED)
   n10294                       0.04           0.06          -0.02  (VIOLATED)
       PIN :   gen_hidden_resi_blocks[5].hidden_layer/gen_ring_banks[2].ring_bank2/gen_sram_32x256.u_ring_sram/addr0[1]
                                0.04           0.06          -0.02  (VIOLATED)
   n10296                       0.04           0.06          -0.02  (VIOLATED)
       PIN :   gen_hidden_resi_blocks[5].hidden_layer/gen_ring_banks[1].ring_bank2/gen_sram_32x256.u_ring_sram/addr0[1]
                                0.04           0.06          -0.02  (VIOLATED)
   n10298                       0.04           0.06          -0.02  (VIOLATED)
       PIN :   gen_hidden_resi_blocks[5].hidden_layer/gen_ring_banks[0].ring_bank2/gen_sram_32x256.u_ring_sram/addr0[1]
                                0.04           0.06          -0.02  (VIOLATED)
   gen_hidden_resi_blocks[1].hidden_layer/init_quant1/n6191
                                1.50           1.52          -0.02  (VIOLATED)
       PIN :   gen_hidden_resi_blocks[1].hidden_layer/init_quant1/U6295/A1
                                1.50           1.52          -0.02  (VIOLATED)
       PIN :   gen_hidden_resi_blocks[1].hidden_layer/init_quant1/U6163/B2
                                1.50           1.52          -0.02  (VIOLATED)
       PIN :   gen_hidden_resi_blocks[1].hidden_layer/init_quant1/U5954/A1
                                1.50           1.52          -0.02  (VIOLATED)
       PIN :   gen_hidden_resi_blocks[1].hidden_layer/init_quant1/U5891/B2
                                1.50           1.52          -0.02  (VIOLATED)
       PIN :   gen_hidden_resi_blocks[1].hidden_layer/init_quant1/U5883/B2
                                1.50           1.52          -0.02  (VIOLATED)
       PIN :   gen_hidden_resi_blocks[1].hidden_layer/init_quant1/U5822/B2
                                1.50           1.52          -0.02  (VIOLATED)
       PIN :   gen_hidden_resi_blocks[1].hidden_layer/init_quant1/U5806/A1
                                1.50           1.52          -0.02  (VIOLATED)
       PIN :   gen_hidden_resi_blocks[1].hidden_layer/init_quant1/U5786/A2
                                1.50           1.52          -0.02  (VIOLATED)
       PIN :   gen_hidden_resi_blocks[1].hidden_layer/init_quant1/U5728/A2
                                1.50           1.52          -0.02  (VIOLATED)
       PIN :   gen_hidden_resi_blocks[1].hidden_layer/init_quant1/U5706/B2
                                1.50           1.52          -0.02  (VIOLATED)
       PIN :   gen_hidden_resi_blocks[1].hidden_layer/init_quant1/U5549/B2
                                1.50           1.52          -0.02  (VIOLATED)
       PIN :   gen_hidden_resi_blocks[1].hidden_layer/init_quant1/U5480/B2
                                1.50           1.52          -0.02  (VIOLATED)
       PIN :   gen_hidden_resi_blocks[1].hidden_layer/init_quant1/U5464/A1
                                1.50           1.52          -0.02  (VIOLATED)
       PIN :   gen_hidden_resi_blocks[1].hidden_layer/init_quant1/U5386/A2
                                1.50           1.52          -0.02  (VIOLATED)
       PIN :   gen_hidden_resi_blocks[1].hidden_layer/init_quant1/U5271/A1
                                1.50           1.52          -0.02  (VIOLATED)
       PIN :   gen_hidden_resi_blocks[1].hidden_layer/init_quant1/U5209/B2
                                1.50           1.52          -0.02  (VIOLATED)
       PIN :   gen_hidden_resi_blocks[1].hidden_layer/init_quant1/U5047/A2
                                1.50           1.52          -0.02  (VIOLATED)
       PIN :   gen_hidden_resi_blocks[1].hidden_layer/init_quant1/U4861/B2
                                1.50           1.52          -0.02  (VIOLATED)
       PIN :   gen_hidden_resi_blocks[1].hidden_layer/init_quant1/U4821/A2
                                1.50           1.52          -0.02  (VIOLATED)
       PIN :   gen_hidden_resi_blocks[1].hidden_layer/init_quant1/U4707/A2
                                1.50           1.52          -0.02  (VIOLATED)
       PIN :   gen_hidden_resi_blocks[1].hidden_layer/init_quant1/U4522/B2
                                1.50           1.52          -0.02  (VIOLATED)
       PIN :   gen_hidden_resi_blocks[1].hidden_layer/init_quant1/U4445/A1
                                1.50           1.52          -0.02  (VIOLATED)
       PIN :   gen_hidden_resi_blocks[1].hidden_layer/init_quant1/U4426/A2
                                1.50           1.52          -0.02  (VIOLATED)
       PIN :   gen_hidden_resi_blocks[1].hidden_layer/init_quant1/U4252/A1
                                1.50           1.52          -0.02  (VIOLATED)
       PIN :   gen_hidden_resi_blocks[1].hidden_layer/init_quant1/U4141/A2
                                1.50           1.52          -0.02  (VIOLATED)
       PIN :   gen_hidden_resi_blocks[1].hidden_layer/init_quant1/U3848/B2
                                1.50           1.52          -0.02  (VIOLATED)
       PIN :   gen_hidden_resi_blocks[1].hidden_layer/init_quant1/U3800/A2
                                1.50           1.52          -0.02  (VIOLATED)
       PIN :   gen_hidden_resi_blocks[1].hidden_layer/init_quant1/U3763/A1
                                1.50           1.52          -0.02  (VIOLATED)
       PIN :   gen_hidden_resi_blocks[1].hidden_layer/init_quant1/U3506/B2
                                1.50           1.52          -0.02  (VIOLATED)
       PIN :   gen_hidden_resi_blocks[1].hidden_layer/init_quant1/U3155/B2
                                1.50           1.52          -0.02  (VIOLATED)
       PIN :   gen_hidden_resi_blocks[1].hidden_layer/init_quant1/U3000/A2
                                1.50           1.52          -0.02  (VIOLATED)
       PIN :   gen_hidden_resi_blocks[1].hidden_layer/init_quant1/U2885/A1
                                1.50           1.52          -0.02  (VIOLATED)
       PIN :   gen_hidden_resi_blocks[1].hidden_layer/init_quant1/U2822/B2
                                1.50           1.52          -0.02  (VIOLATED)
       PIN :   gen_hidden_resi_blocks[1].hidden_layer/init_quant1/U2299/B2
                                1.50           1.52          -0.02  (VIOLATED)
       PIN :   gen_hidden_resi_blocks[1].hidden_layer/init_quant1/U2143/B2
                                1.50           1.52          -0.02  (VIOLATED)
       PIN :   gen_hidden_resi_blocks[1].hidden_layer/init_quant1/U2135/B2
                                1.50           1.52          -0.02  (VIOLATED)
       PIN :   gen_hidden_resi_blocks[1].hidden_layer/init_quant1/U2095/A2
                                1.50           1.52          -0.02  (VIOLATED)
       PIN :   gen_hidden_resi_blocks[1].hidden_layer/init_quant1/U2074/B2
                                1.50           1.52          -0.02  (VIOLATED)
       PIN :   gen_hidden_resi_blocks[1].hidden_layer/init_quant1/U2057/A1
                                1.50           1.52          -0.02  (VIOLATED)
       PIN :   gen_hidden_resi_blocks[1].hidden_layer/init_quant1/U1957/B2
                                1.50           1.52          -0.02  (VIOLATED)
       PIN :   gen_hidden_resi_blocks[1].hidden_layer/init_quant1/U1800/B2
                                1.50           1.52          -0.02  (VIOLATED)
       PIN :   gen_hidden_resi_blocks[1].hidden_layer/init_quant1/U1792/B2
                                1.50           1.52          -0.02  (VIOLATED)
       PIN :   gen_hidden_resi_blocks[1].hidden_layer/init_quant1/U1519/A1
                                1.50           1.52          -0.02  (VIOLATED)
       PIN :   gen_hidden_resi_blocks[1].hidden_layer/init_quant1/U1456/B2
                                1.50           1.52          -0.02  (VIOLATED)
       PIN :   gen_hidden_resi_blocks[1].hidden_layer/init_quant1/U1407/A2
                                1.50           1.52          -0.02  (VIOLATED)
       PIN :   gen_hidden_resi_blocks[1].hidden_layer/init_quant1/U1385/B2
                                1.50           1.52          -0.02  (VIOLATED)
       PIN :   gen_hidden_resi_blocks[1].hidden_layer/init_quant1/U1290/A2
                                1.50           1.52          -0.02  (VIOLATED)
       PIN :   gen_hidden_resi_blocks[1].hidden_layer/init_quant1/U1174/A1
                                1.50           1.52          -0.02  (VIOLATED)
       PIN :   gen_hidden_resi_blocks[1].hidden_layer/init_quant1/U1103/B2
                                1.50           1.52          -0.02  (VIOLATED)
       PIN :   gen_hidden_resi_blocks[1].hidden_layer/init_quant1/U1093/B2
                                1.50           1.52          -0.02  (VIOLATED)
       PIN :   gen_hidden_resi_blocks[1].hidden_layer/init_quant1/U916/A2
                                1.50           1.52          -0.02  (VIOLATED)
       PIN :   gen_hidden_resi_blocks[1].hidden_layer/init_quant1/U906/X
                                1.51           1.52          -0.01  (VIOLATED)
   gen_hidden_resi_blocks[1].hidden_layer/init_quant1/n6084
                                1.50           1.52          -0.02  (VIOLATED)
       PIN :   gen_hidden_resi_blocks[1].hidden_layer/init_quant1/U906/A
                                1.50           1.52          -0.02  (VIOLATED)
       PIN :   gen_hidden_resi_blocks[1].hidden_layer/init_quant1/U892/B2
                                1.50           1.52          -0.02  (VIOLATED)
       PIN :   gen_hidden_resi_blocks[1].hidden_layer/init_quant1/U1348/A2
                                1.50           1.52          -0.02  (VIOLATED)
       PIN :   gen_hidden_resi_blocks[1].hidden_layer/init_quant1/U1693/A2
                                1.50           1.52          -0.02  (VIOLATED)
       PIN :   gen_hidden_resi_blocks[1].hidden_layer/init_quant1/U1713/A1
                                1.50           1.52          -0.02  (VIOLATED)
       PIN :   gen_hidden_resi_blocks[1].hidden_layer/init_quant1/U1752/A2
                                1.50           1.52          -0.02  (VIOLATED)
       PIN :   gen_hidden_resi_blocks[1].hidden_layer/init_quant1/U1979/A2
                                1.50           1.52          -0.02  (VIOLATED)
       PIN :   gen_hidden_resi_blocks[1].hidden_layer/init_quant1/U2037/A2
                                1.50           1.52          -0.02  (VIOLATED)
       PIN :   gen_hidden_resi_blocks[1].hidden_layer/init_quant1/U2321/A2
                                1.50           1.52          -0.02  (VIOLATED)
       PIN :   gen_hidden_resi_blocks[1].hidden_layer/init_quant1/U2378/A2
                                1.50           1.52          -0.02  (VIOLATED)
       PIN :   gen_hidden_resi_blocks[1].hidden_layer/init_quant1/U2434/A2
                                1.50           1.52          -0.02  (VIOLATED)
       PIN :   gen_hidden_resi_blocks[1].hidden_layer/init_quant1/U2475/B2
                                1.50           1.52          -0.02  (VIOLATED)
       PIN :   gen_hidden_resi_blocks[1].hidden_layer/init_quant1/U2483/B2
                                1.50           1.52          -0.02  (VIOLATED)
       PIN :   gen_hidden_resi_blocks[1].hidden_layer/init_quant1/U2638/B2
                                1.50           1.52          -0.02  (VIOLATED)
       PIN :   gen_hidden_resi_blocks[1].hidden_layer/init_quant1/U2717/A2
                                1.50           1.52          -0.02  (VIOLATED)
       PIN :   gen_hidden_resi_blocks[1].hidden_layer/init_quant1/U2736/A1
                                1.50           1.52          -0.02  (VIOLATED)
       PIN :   gen_hidden_resi_blocks[1].hidden_layer/init_quant1/U2752/B2
                                1.50           1.52          -0.02  (VIOLATED)
       PIN :   gen_hidden_resi_blocks[1].hidden_layer/init_quant1/U2774/A2
                                1.50           1.52          -0.02  (VIOLATED)
       PIN :   gen_hidden_resi_blocks[1].hidden_layer/init_quant1/U2814/B2
                                1.50           1.52          -0.02  (VIOLATED)
       PIN :   gen_hidden_resi_blocks[1].hidden_layer/init_quant1/U3058/A2
                                1.50           1.52          -0.02  (VIOLATED)
       PIN :   gen_hidden_resi_blocks[1].hidden_layer/init_quant1/U3115/A2
                                1.50           1.52          -0.02  (VIOLATED)
       PIN :   gen_hidden_resi_blocks[1].hidden_layer/init_quant1/U3163/B2
                                1.50           1.52          -0.02  (VIOLATED)
       PIN :   gen_hidden_resi_blocks[1].hidden_layer/init_quant1/U3227/A1
                                1.50           1.52          -0.02  (VIOLATED)
       PIN :   gen_hidden_resi_blocks[1].hidden_layer/init_quant1/U3343/A2
                                1.50           1.52          -0.02  (VIOLATED)
       PIN :   gen_hidden_resi_blocks[1].hidden_layer/init_quant1/U3401/A2
                                1.50           1.52          -0.02  (VIOLATED)
       PIN :   gen_hidden_resi_blocks[1].hidden_layer/init_quant1/U3421/A1
                                1.50           1.52          -0.02  (VIOLATED)
       PIN :   gen_hidden_resi_blocks[1].hidden_layer/init_quant1/U3498/B2
                                1.50           1.52          -0.02  (VIOLATED)
       PIN :   gen_hidden_resi_blocks[1].hidden_layer/init_quant1/U3569/A1
                                1.50           1.52          -0.02  (VIOLATED)
       PIN :   gen_hidden_resi_blocks[1].hidden_layer/init_quant1/U3663/B2
                                1.50           1.52          -0.02  (VIOLATED)
       PIN :   gen_hidden_resi_blocks[1].hidden_layer/init_quant1/U3840/B2
                                1.50           1.52          -0.02  (VIOLATED)
       PIN :   gen_hidden_resi_blocks[1].hidden_layer/init_quant1/U4104/A1
                                1.50           1.52          -0.02  (VIOLATED)
       PIN :   gen_hidden_resi_blocks[1].hidden_layer/init_quant1/U4120/B2
                                1.50           1.52          -0.02  (VIOLATED)
       PIN :   gen_hidden_resi_blocks[1].hidden_layer/init_quant1/U4181/B2
                                1.50           1.52          -0.02  (VIOLATED)
       PIN :   gen_hidden_resi_blocks[1].hidden_layer/init_quant1/U4189/B2
                                1.50           1.52          -0.02  (VIOLATED)
       PIN :   gen_hidden_resi_blocks[1].hidden_layer/init_quant1/U4346/B2
                                1.50           1.52          -0.02  (VIOLATED)
       PIN :   gen_hidden_resi_blocks[1].hidden_layer/init_quant1/U4461/B2
                                1.50           1.52          -0.02  (VIOLATED)
       PIN :   gen_hidden_resi_blocks[1].hidden_layer/init_quant1/U4530/B2
                                1.50           1.52          -0.02  (VIOLATED)
       PIN :   gen_hidden_resi_blocks[1].hidden_layer/init_quant1/U4765/A2
                                1.50           1.52          -0.02  (VIOLATED)
       PIN :   gen_hidden_resi_blocks[1].hidden_layer/init_quant1/U4869/B2
                                1.50           1.52          -0.02  (VIOLATED)
       PIN :   gen_hidden_resi_blocks[1].hidden_layer/init_quant1/U5105/A2
                                1.50           1.52          -0.02  (VIOLATED)
       PIN :   gen_hidden_resi_blocks[1].hidden_layer/init_quant1/U5140/B2
                                1.50           1.52          -0.02  (VIOLATED)
       PIN :   gen_hidden_resi_blocks[1].hidden_layer/init_quant1/U5161/A2
                                1.50           1.52          -0.02  (VIOLATED)
       PIN :   gen_hidden_resi_blocks[1].hidden_layer/init_quant1/U5201/B2
                                1.50           1.52          -0.02  (VIOLATED)
       PIN :   gen_hidden_resi_blocks[1].hidden_layer/init_quant1/U5365/B2
                                1.50           1.52          -0.02  (VIOLATED)
       PIN :   gen_hidden_resi_blocks[1].hidden_layer/init_quant1/U5444/A2
                                1.50           1.52          -0.02  (VIOLATED)
       PIN :   gen_hidden_resi_blocks[1].hidden_layer/init_quant1/U5541/B2
                                1.50           1.52          -0.02  (VIOLATED)
       PIN :   gen_hidden_resi_blocks[1].hidden_layer/init_quant1/U5612/A1
                                1.50           1.52          -0.02  (VIOLATED)
       PIN :   gen_hidden_resi_blocks[1].hidden_layer/init_quant1/U6070/A2
                                1.50           1.52          -0.02  (VIOLATED)
       PIN :   gen_hidden_resi_blocks[1].hidden_layer/init_quant1/U6147/A1
                                1.50           1.52          -0.02  (VIOLATED)
       PIN :   gen_hidden_resi_blocks[1].hidden_layer/init_quant1/U6224/B2
                                1.50           1.52          -0.02  (VIOLATED)
       PIN :   gen_hidden_resi_blocks[1].hidden_layer/init_quant1/U6232/B2
                                1.50           1.52          -0.02  (VIOLATED)
       PIN :   gen_hidden_resi_blocks[1].hidden_layer/init_quant1/U891/X
                                1.51           1.52          -0.01  (VIOLATED)
   n97948                       1.49           1.50          -0.02  (VIOLATED)
       PIN :   input_layer/init_mac2/valid_out_reg/D
                                1.50           1.50          -0.00  (VIOLATED)
       PIN :   U21368/A         1.50           1.50          -0.00  (VIOLATED)
       PIN :   U96052/A         1.50           1.50          -0.00  (VIOLATED)
       PIN :   U95948/A         1.50           1.50          -0.00  (VIOLATED)
       PIN :   U96057/A         1.50           1.50          -0.00  (VIOLATED)
       PIN :   U96062/A         1.50           1.50          -0.00  (VIOLATED)
       PIN :   U96172/B         1.50           1.50          -0.00  (VIOLATED)
       PIN :   U96180/B         1.50           1.50          -0.00  (VIOLATED)
       PIN :   U96186/A         1.50           1.50          -0.00  (VIOLATED)
       PIN :   U96314/B         1.50           1.50          -0.00  (VIOLATED)
       PIN :   U96318/B         1.50           1.50          -0.00  (VIOLATED)
       PIN :   U96322/B         1.50           1.50          -0.00  (VIOLATED)
       PIN :   U96328/B         1.50           1.50          -0.00  (VIOLATED)
       PIN :   U96354/A         1.50           1.50          -0.00  (VIOLATED)
       PIN :   U96432/A         1.50           1.50          -0.00  (VIOLATED)
       PIN :   U96448/A         1.50           1.50          -0.00  (VIOLATED)
       PIN :   U96461/A         1.50           1.50          -0.00  (VIOLATED)
       PIN :   U96620/A         1.50           1.50          -0.00  (VIOLATED)
       PIN :   U96730/A         1.50           1.50          -0.00  (VIOLATED)
       PIN :   U97996/A         1.50           1.50          -0.00  (VIOLATED)
       PIN :   U98001/A         1.50           1.50          -0.00  (VIOLATED)
       PIN :   U99016/A         1.50           1.50          -0.00  (VIOLATED)
       PIN :   U99031/A         1.50           1.50          -0.00  (VIOLATED)
       PIN :   U33083/Y         1.49           1.50          -0.02  (VIOLATED)
   gen_hidden_resi_blocks[4].hidden_layer/gen_ring_banks[0].ring_bank1/read_addr[2]
                                0.04           0.05          -0.01  (VIOLATED)
       PIN :   gen_hidden_resi_blocks[4].hidden_layer/gen_ring_banks[0].ring_bank1/gen_sram_32x128.u_ring_sram/addr1[2]
                                0.04           0.05          -0.01  (VIOLATED)
   gen_hidden_resi_blocks[4].hidden_layer/gen_ring_banks[2].ring_bank1/read_addr[2]
                                0.04           0.05          -0.01  (VIOLATED)
       PIN :   gen_hidden_resi_blocks[4].hidden_layer/gen_ring_banks[2].ring_bank1/gen_sram_32x128.u_ring_sram/addr1[2]
                                0.04           0.05          -0.01  (VIOLATED)
   gen_hidden_resi_blocks[4].hidden_layer/gen_ring_banks[3].ring_bank1/read_addr[2]
                                0.04           0.05          -0.01  (VIOLATED)
       PIN :   gen_hidden_resi_blocks[4].hidden_layer/gen_ring_banks[3].ring_bank1/gen_sram_32x128.u_ring_sram/addr1[2]
                                0.04           0.05          -0.01  (VIOLATED)
   gen_hidden_resi_blocks[5].hidden_layer/gen_ring_banks[0].ring_bank2/read_addr[3]
                                0.04           0.05          -0.01  (VIOLATED)
       PIN :   gen_hidden_resi_blocks[5].hidden_layer/gen_ring_banks[0].ring_bank2/gen_sram_32x256.u_ring_sram/addr1[3]
                                0.04           0.05          -0.01  (VIOLATED)
   gen_hidden_resi_blocks[5].hidden_layer/gen_ring_banks[1].ring_bank2/read_addr[3]
                                0.04           0.05          -0.01  (VIOLATED)
       PIN :   gen_hidden_resi_blocks[5].hidden_layer/gen_ring_banks[1].ring_bank2/gen_sram_32x256.u_ring_sram/addr1[3]
                                0.04           0.05          -0.01  (VIOLATED)
   gen_hidden_resi_blocks[5].hidden_layer/gen_ring_banks[2].ring_bank2/read_addr[3]
                                0.04           0.05          -0.01  (VIOLATED)
       PIN :   gen_hidden_resi_blocks[5].hidden_layer/gen_ring_banks[2].ring_bank2/gen_sram_32x256.u_ring_sram/addr1[3]
                                0.04           0.05          -0.01  (VIOLATED)
   gen_hidden_resi_blocks[5].hidden_layer/gen_ring_banks[3].ring_bank2/read_addr[3]
                                0.04           0.05          -0.01  (VIOLATED)
       PIN :   gen_hidden_resi_blocks[5].hidden_layer/gen_ring_banks[3].ring_bank2/gen_sram_32x256.u_ring_sram/addr1[3]
                                0.04           0.05          -0.01  (VIOLATED)
   gen_hidden_resi_blocks[5].hidden_layer/gen_ring_banks[2].ring_bank1/read_addr[1]
                                0.04           0.05          -0.01  (VIOLATED)
       PIN :   gen_hidden_resi_blocks[5].hidden_layer/gen_ring_banks[2].ring_bank1/gen_sram_32x256.u_ring_sram/addr1[1]
                                0.04           0.05          -0.01  (VIOLATED)
   gen_hidden_resi_blocks[4].hidden_layer/gen_ring_banks[1].ring_bank2/read_addr[0]
                                0.04           0.05          -0.01  (VIOLATED)
       PIN :   gen_hidden_resi_blocks[4].hidden_layer/gen_ring_banks[1].ring_bank2/gen_sram_32x128.u_ring_sram/addr1[0]
                                0.04           0.05          -0.01  (VIOLATED)
   gen_hidden_resi_blocks[4].hidden_layer/gen_ring_banks[3].ring_bank2/read_addr[0]
                                0.04           0.05          -0.01  (VIOLATED)
       PIN :   gen_hidden_resi_blocks[4].hidden_layer/gen_ring_banks[3].ring_bank2/gen_sram_32x128.u_ring_sram/addr1[0]
                                0.04           0.05          -0.01  (VIOLATED)
   input_layer/gen_output_ring_banks[3].ring_bank2/read_addr[0]
                                0.04           0.05          -0.01  (VIOLATED)
       PIN :   input_layer/gen_output_ring_banks[3].ring_bank2/gen_sram_32x16.u_ring_sram/addr1[0]
                                0.04           0.05          -0.01  (VIOLATED)
   n10040                       0.04           0.05          -0.01  (VIOLATED)
       PIN :   gen_hidden_resi_blocks[0].hidden_layer/gen_ring_banks[0].ring_bank1/gen_sram_32x16.u_ring_sram/addr1[0]
                                0.04           0.05          -0.01  (VIOLATED)
   n10041                       0.04           0.05          -0.01  (VIOLATED)
       PIN :   gen_hidden_resi_blocks[0].hidden_layer/gen_ring_banks[3].ring_bank1/gen_sram_32x16.u_ring_sram/addr1[0]
                                0.04           0.05          -0.01  (VIOLATED)
   n10042                       0.04           0.05          -0.01  (VIOLATED)
       PIN :   gen_hidden_resi_blocks[0].hidden_layer/gen_ring_banks[2].ring_bank1/gen_sram_32x16.u_ring_sram/addr1[0]
                                0.04           0.05          -0.01  (VIOLATED)
   n10043                       0.04           0.05          -0.01  (VIOLATED)
       PIN :   gen_hidden_resi_blocks[0].hidden_layer/gen_ring_banks[1].ring_bank1/gen_sram_32x16.u_ring_sram/addr1[0]
                                0.04           0.05          -0.01  (VIOLATED)
   n9228                        0.04           0.05          -0.01  (VIOLATED)
       PIN :   gen_hidden_resi_blocks[5].hidden_layer/gen_ring_banks[0].ring_bank2/gen_sram_32x256.u_ring_sram/addr0[4]
                                0.04           0.05          -0.01  (VIOLATED)
   n9229                        0.04           0.05          -0.01  (VIOLATED)
       PIN :   gen_hidden_resi_blocks[5].hidden_layer/gen_ring_banks[1].ring_bank2/gen_sram_32x256.u_ring_sram/addr0[4]
                                0.04           0.05          -0.01  (VIOLATED)
   n9230                        0.04           0.05          -0.01  (VIOLATED)
       PIN :   gen_hidden_resi_blocks[5].hidden_layer/gen_ring_banks[2].ring_bank2/gen_sram_32x256.u_ring_sram/addr0[4]
                                0.04           0.05          -0.01  (VIOLATED)
   n9231                        0.04           0.05          -0.01  (VIOLATED)
       PIN :   gen_hidden_resi_blocks[5].hidden_layer/gen_ring_banks[3].ring_bank2/gen_sram_32x256.u_ring_sram/addr0[4]
                                0.04           0.05          -0.01  (VIOLATED)
   n9232                        0.04           0.05          -0.01  (VIOLATED)
       PIN :   gen_hidden_resi_blocks[5].hidden_layer/gen_ring_banks[1].ring_bank1/gen_sram_32x256.u_ring_sram/addr0[4]
                                0.04           0.05          -0.01  (VIOLATED)
   n9233                        0.04           0.05          -0.01  (VIOLATED)
       PIN :   gen_hidden_resi_blocks[5].hidden_layer/gen_ring_banks[2].ring_bank1/gen_sram_32x256.u_ring_sram/addr0[4]
                                0.04           0.05          -0.01  (VIOLATED)
   n9234                        0.04           0.05          -0.01  (VIOLATED)
       PIN :   gen_hidden_resi_blocks[5].hidden_layer/gen_ring_banks[3].ring_bank1/gen_sram_32x256.u_ring_sram/addr0[4]
                                0.04           0.05          -0.01  (VIOLATED)
   n9235                        0.04           0.05          -0.01  (VIOLATED)
       PIN :   gen_hidden_resi_blocks[5].hidden_layer/gen_ring_banks[0].ring_bank1/gen_sram_32x256.u_ring_sram/addr0[4]
                                0.04           0.05          -0.01  (VIOLATED)
   n9236                        0.04           0.05          -0.01  (VIOLATED)
       PIN :   gen_hidden_resi_blocks[4].hidden_layer/gen_ring_banks[0].ring_bank2/gen_sram_32x128.u_ring_sram/addr0[3]
                                0.04           0.05          -0.01  (VIOLATED)
   n9237                        0.04           0.05          -0.01  (VIOLATED)
       PIN :   gen_hidden_resi_blocks[4].hidden_layer/gen_ring_banks[1].ring_bank2/gen_sram_32x128.u_ring_sram/addr0[3]
                                0.04           0.05          -0.01  (VIOLATED)
   n9238                        0.04           0.05          -0.01  (VIOLATED)
       PIN :   gen_hidden_resi_blocks[4].hidden_layer/gen_ring_banks[2].ring_bank2/gen_sram_32x128.u_ring_sram/addr0[3]
                                0.04           0.05          -0.01  (VIOLATED)
   n9239                        0.04           0.05          -0.01  (VIOLATED)
       PIN :   gen_hidden_resi_blocks[4].hidden_layer/gen_ring_banks[3].ring_bank2/gen_sram_32x128.u_ring_sram/addr0[3]
                                0.04           0.05          -0.01  (VIOLATED)
   n9240                        0.04           0.05          -0.01  (VIOLATED)
       PIN :   gen_hidden_resi_blocks[4].hidden_layer/gen_ring_banks[1].ring_bank1/gen_sram_32x128.u_ring_sram/addr0[3]
                                0.04           0.05          -0.01  (VIOLATED)
   n9241                        0.04           0.05          -0.01  (VIOLATED)
       PIN :   gen_hidden_resi_blocks[4].hidden_layer/gen_ring_banks[2].ring_bank1/gen_sram_32x128.u_ring_sram/addr0[3]
                                0.04           0.05          -0.01  (VIOLATED)
   n9242                        0.04           0.05          -0.01  (VIOLATED)
       PIN :   gen_hidden_resi_blocks[4].hidden_layer/gen_ring_banks[3].ring_bank1/gen_sram_32x128.u_ring_sram/addr0[3]
                                0.04           0.05          -0.01  (VIOLATED)
   n9243                        0.04           0.05          -0.01  (VIOLATED)
       PIN :   gen_hidden_resi_blocks[4].hidden_layer/gen_ring_banks[0].ring_bank1/gen_sram_32x128.u_ring_sram/addr0[3]
                                0.04           0.05          -0.01  (VIOLATED)
   n10211                       0.04           0.05          -0.01  (VIOLATED)
       PIN :   gen_hidden_resi_blocks[3].hidden_layer/gen_ring_banks[0].ring_bank1/gen_sram_32x64.u_ring_sram/addr0[2]
                                0.04           0.05          -0.01  (VIOLATED)
   n10212                       0.04           0.05          -0.01  (VIOLATED)
       PIN :   gen_hidden_resi_blocks[3].hidden_layer/gen_ring_banks[3].ring_bank1/gen_sram_32x64.u_ring_sram/addr0[2]
                                0.04           0.05          -0.01  (VIOLATED)
   n10213                       0.04           0.05          -0.01  (VIOLATED)
       PIN :   gen_hidden_resi_blocks[3].hidden_layer/gen_ring_banks[2].ring_bank1/gen_sram_32x64.u_ring_sram/addr0[2]
                                0.04           0.05          -0.01  (VIOLATED)
   n10214                       0.04           0.05          -0.01  (VIOLATED)
       PIN :   gen_hidden_resi_blocks[3].hidden_layer/gen_ring_banks[1].ring_bank1/gen_sram_32x64.u_ring_sram/addr0[2]
                                0.04           0.05          -0.01  (VIOLATED)
   n10215                       0.04           0.05          -0.01  (VIOLATED)
       PIN :   gen_hidden_resi_blocks[3].hidden_layer/gen_ring_banks[3].ring_bank2/gen_sram_32x64.u_ring_sram/addr0[2]
                                0.04           0.05          -0.01  (VIOLATED)
   n10216                       0.04           0.05          -0.01  (VIOLATED)
       PIN :   gen_hidden_resi_blocks[3].hidden_layer/gen_ring_banks[2].ring_bank2/gen_sram_32x64.u_ring_sram/addr0[2]
                                0.04           0.05          -0.01  (VIOLATED)
   n10217                       0.04           0.05          -0.01  (VIOLATED)
       PIN :   gen_hidden_resi_blocks[3].hidden_layer/gen_ring_banks[1].ring_bank2/gen_sram_32x64.u_ring_sram/addr0[2]
                                0.04           0.05          -0.01  (VIOLATED)
   n10197                       0.04           0.05          -0.01  (VIOLATED)
       PIN :   input_layer/gen_output_ring_banks[0].ring_bank2/gen_sram_32x16.u_ring_sram/addr1[0]
                                0.04           0.05          -0.01  (VIOLATED)
   n10199                       0.04           0.05          -0.01  (VIOLATED)
       PIN :   input_layer/gen_output_ring_banks[1].ring_bank2/gen_sram_32x16.u_ring_sram/addr1[0]
                                0.04           0.05          -0.01  (VIOLATED)
   n10201                       0.04           0.05          -0.01  (VIOLATED)
       PIN :   input_layer/gen_output_ring_banks[2].ring_bank2/gen_sram_32x16.u_ring_sram/addr1[0]
                                0.04           0.05          -0.01  (VIOLATED)
   n9260                        0.04           0.05          -0.01  (VIOLATED)
       PIN :   gen_hidden_resi_blocks[5].hidden_layer/gen_ring_banks[0].ring_bank2/gen_sram_32x256.u_ring_sram/addr0[0]
                                0.04           0.05          -0.01  (VIOLATED)
   n9252                        0.04           0.05          -0.01  (VIOLATED)
       PIN :   gen_hidden_resi_blocks[3].hidden_layer/gen_ring_banks[0].ring_bank2/gen_sram_32x64.u_ring_sram/addr0[0]
                                0.04           0.05          -0.01  (VIOLATED)
   n9254                        0.04           0.05          -0.01  (VIOLATED)
       PIN :   gen_hidden_resi_blocks[3].hidden_layer/gen_ring_banks[2].ring_bank2/gen_sram_32x64.u_ring_sram/addr0[0]
                                0.04           0.05          -0.01  (VIOLATED)
   n9258                        0.04           0.05          -0.01  (VIOLATED)
       PIN :   gen_hidden_resi_blocks[3].hidden_layer/gen_ring_banks[3].ring_bank1/gen_sram_32x64.u_ring_sram/addr0[0]
                                0.04           0.05          -0.01  (VIOLATED)
   n9259                        0.04           0.05          -0.01  (VIOLATED)
       PIN :   gen_hidden_resi_blocks[3].hidden_layer/gen_ring_banks[0].ring_bank1/gen_sram_32x64.u_ring_sram/addr0[0]
                                0.04           0.05          -0.01  (VIOLATED)
   n10157                       0.04           0.05          -0.01  (VIOLATED)
       PIN :   gen_hidden_resi_blocks[1].hidden_layer/gen_ring_banks[0].ring_bank2/gen_sram_32x16.u_ring_sram/addr1[3]
                                0.04           0.05          -0.01  (VIOLATED)
   n10159                       0.04           0.05          -0.01  (VIOLATED)
       PIN :   gen_hidden_resi_blocks[1].hidden_layer/gen_ring_banks[1].ring_bank2/gen_sram_32x16.u_ring_sram/addr1[3]
                                0.04           0.05          -0.01  (VIOLATED)
   n10161                       0.04           0.05          -0.01  (VIOLATED)
       PIN :   gen_hidden_resi_blocks[1].hidden_layer/gen_ring_banks[2].ring_bank2/gen_sram_32x16.u_ring_sram/addr1[3]
                                0.04           0.05          -0.01  (VIOLATED)
   n10163                       0.04           0.05          -0.01  (VIOLATED)
       PIN :   gen_hidden_resi_blocks[1].hidden_layer/gen_ring_banks[3].ring_bank2/gen_sram_32x16.u_ring_sram/addr1[3]
                                0.04           0.05          -0.01  (VIOLATED)
   n10155                       0.04           0.05          -0.01  (VIOLATED)
       PIN :   gen_hidden_resi_blocks[4].hidden_layer/gen_ring_banks[0].ring_bank1/gen_sram_32x128.u_ring_sram/addr1[6]
                                0.04           0.05          -0.01  (VIOLATED)
   n10175                       0.04           0.05          -0.01  (VIOLATED)
       PIN :   gen_hidden_resi_blocks[4].hidden_layer/gen_ring_banks[3].ring_bank1/gen_sram_32x128.u_ring_sram/addr1[6]
                                0.04           0.05          -0.01  (VIOLATED)
   n10177                       0.04           0.05          -0.01  (VIOLATED)
       PIN :   gen_hidden_resi_blocks[4].hidden_layer/gen_ring_banks[2].ring_bank1/gen_sram_32x128.u_ring_sram/addr1[6]
                                0.04           0.05          -0.01  (VIOLATED)
   n10179                       0.04           0.05          -0.01  (VIOLATED)
       PIN :   gen_hidden_resi_blocks[3].hidden_layer/gen_ring_banks[0].ring_bank1/gen_sram_32x64.u_ring_sram/addr1[5]
                                0.04           0.05          -0.01  (VIOLATED)
   n10181                       0.04           0.05          -0.01  (VIOLATED)
       PIN :   gen_hidden_resi_blocks[3].hidden_layer/gen_ring_banks[3].ring_bank1/gen_sram_32x64.u_ring_sram/addr1[5]
                                0.04           0.05          -0.01  (VIOLATED)
   n10183                       0.04           0.05          -0.01  (VIOLATED)
       PIN :   gen_hidden_resi_blocks[3].hidden_layer/gen_ring_banks[2].ring_bank1/gen_sram_32x64.u_ring_sram/addr1[5]
                                0.04           0.05          -0.01  (VIOLATED)
   n10169                       0.04           0.05          -0.01  (VIOLATED)
       PIN :   gen_hidden_resi_blocks[0].hidden_layer/gen_ring_banks[0].ring_bank1/gen_sram_32x16.u_ring_sram/addr1[2]
                                0.04           0.05          -0.01  (VIOLATED)
   n10171                       0.04           0.05          -0.01  (VIOLATED)
       PIN :   gen_hidden_resi_blocks[0].hidden_layer/gen_ring_banks[3].ring_bank1/gen_sram_32x16.u_ring_sram/addr1[2]
                                0.04           0.05          -0.01  (VIOLATED)
   n10173                       0.04           0.05          -0.01  (VIOLATED)
       PIN :   gen_hidden_resi_blocks[0].hidden_layer/gen_ring_banks[1].ring_bank1/gen_sram_32x16.u_ring_sram/addr1[2]
                                0.04           0.05          -0.01  (VIOLATED)
   n10039                       0.04           0.05          -0.01  (VIOLATED)
       PIN :   gen_hidden_resi_blocks[2].hidden_layer/gen_ring_banks[2].ring_bank1/gen_sram_32x32.u_ring_sram/addr1[0]
                                0.04           0.05          -0.01  (VIOLATED)
   n10051                       0.04           0.05          -0.01  (VIOLATED)
       PIN :   gen_hidden_resi_blocks[2].hidden_layer/gen_ring_banks[0].ring_bank1/gen_sram_32x32.u_ring_sram/addr1[0]
                                0.04           0.05          -0.01  (VIOLATED)
   n10052                       0.04           0.05          -0.01  (VIOLATED)
       PIN :   gen_hidden_resi_blocks[2].hidden_layer/gen_ring_banks[3].ring_bank1/gen_sram_32x32.u_ring_sram/addr1[0]
                                0.04           0.05          -0.01  (VIOLATED)
   n10053                       0.04           0.05          -0.01  (VIOLATED)
       PIN :   gen_hidden_resi_blocks[2].hidden_layer/gen_ring_banks[1].ring_bank1/gen_sram_32x32.u_ring_sram/addr1[0]
                                0.04           0.05          -0.01  (VIOLATED)
   n10153                       0.04           0.05          -0.01  (VIOLATED)
       PIN :   gen_hidden_resi_blocks[2].hidden_layer/gen_ring_banks[3].ring_bank2/gen_sram_32x32.u_ring_sram/addr1[4]
                                0.04           0.05          -0.01  (VIOLATED)
   n10165                       0.04           0.05          -0.01  (VIOLATED)
       PIN :   gen_hidden_resi_blocks[2].hidden_layer/gen_ring_banks[1].ring_bank2/gen_sram_32x32.u_ring_sram/addr1[4]
                                0.04           0.05          -0.01  (VIOLATED)
   n10167                       0.04           0.05          -0.01  (VIOLATED)
       PIN :   gen_hidden_resi_blocks[2].hidden_layer/gen_ring_banks[0].ring_bank2/gen_sram_32x32.u_ring_sram/addr1[4]
                                0.04           0.05          -0.01  (VIOLATED)
   n10187                       0.04           0.05          -0.01  (VIOLATED)
       PIN :   gen_hidden_resi_blocks[1].hidden_layer/gen_ring_banks[1].ring_bank1/gen_sram_32x16.u_ring_sram/addr1[3]
                                0.04           0.05          -0.01  (VIOLATED)
   n10189                       0.04           0.05          -0.01  (VIOLATED)
       PIN :   gen_hidden_resi_blocks[1].hidden_layer/gen_ring_banks[2].ring_bank1/gen_sram_32x16.u_ring_sram/addr1[3]
                                0.04           0.05          -0.01  (VIOLATED)
   n10191                       0.04           0.05          -0.01  (VIOLATED)
       PIN :   gen_hidden_resi_blocks[1].hidden_layer/gen_ring_banks[3].ring_bank1/gen_sram_32x16.u_ring_sram/addr1[3]
                                0.04           0.05          -0.01  (VIOLATED)
   n10185                       0.04           0.05          -0.01  (VIOLATED)
       PIN :   gen_hidden_resi_blocks[0].hidden_layer/gen_ring_banks[2].ring_bank1/gen_sram_32x16.u_ring_sram/addr1[2]
                                0.04           0.05          -0.01  (VIOLATED)
   n10193                       0.04           0.05          -0.01  (VIOLATED)
       PIN :   input_layer/gen_input_ring_banks[1].ring_bank1/gen_sram_32x16.u_ring_sram/addr1[1]
                                0.04           0.05          -0.01  (VIOLATED)
   n10195                       0.04           0.05          -0.01  (VIOLATED)
       PIN :   input_layer/gen_input_ring_banks[0].ring_bank1/gen_sram_32x16.u_ring_sram/addr1[1]
                                0.04           0.05          -0.01  (VIOLATED)
   n10145                       0.04           0.05          -0.01  (VIOLATED)
       PIN :   gen_hidden_resi_blocks[5].hidden_layer/gen_ring_banks[3].ring_bank2/gen_sram_32x256.u_ring_sram/addr1[7]
                                0.04           0.05          -0.01  (VIOLATED)
   n10147                       0.04           0.05          -0.01  (VIOLATED)
       PIN :   gen_hidden_resi_blocks[5].hidden_layer/gen_ring_banks[2].ring_bank2/gen_sram_32x256.u_ring_sram/addr1[7]
                                0.04           0.05          -0.01  (VIOLATED)
   n10149                       0.04           0.05          -0.01  (VIOLATED)
       PIN :   gen_hidden_resi_blocks[5].hidden_layer/gen_ring_banks[1].ring_bank2/gen_sram_32x256.u_ring_sram/addr1[7]
                                0.04           0.05          -0.01  (VIOLATED)
   n10151                       0.04           0.05          -0.01  (VIOLATED)
       PIN :   gen_hidden_resi_blocks[5].hidden_layer/gen_ring_banks[0].ring_bank2/gen_sram_32x256.u_ring_sram/addr1[7]
                                0.04           0.05          -0.01  (VIOLATED)
   n10044                       0.04           0.05          -0.01  (VIOLATED)
       PIN :   gen_hidden_resi_blocks[0].hidden_layer/gen_ring_banks[3].ring_bank2/gen_sram_32x16.u_ring_sram/addr1[0]
                                0.04           0.05          -0.01  (VIOLATED)
   n10045                       0.04           0.05          -0.01  (VIOLATED)
       PIN :   gen_hidden_resi_blocks[0].hidden_layer/gen_ring_banks[2].ring_bank2/gen_sram_32x16.u_ring_sram/addr1[0]
                                0.04           0.05          -0.01  (VIOLATED)
   n10047                       0.04           0.05          -0.01  (VIOLATED)
       PIN :   gen_hidden_resi_blocks[0].hidden_layer/gen_ring_banks[1].ring_bank2/gen_sram_32x16.u_ring_sram/addr1[0]
                                0.04           0.05          -0.01  (VIOLATED)
   n10049                       0.04           0.05          -0.01  (VIOLATED)
       PIN :   gen_hidden_resi_blocks[0].hidden_layer/gen_ring_banks[0].ring_bank2/gen_sram_32x16.u_ring_sram/addr1[0]
                                0.04           0.05          -0.01  (VIOLATED)
   n10209                       0.04           0.05          -0.01  (VIOLATED)
       PIN :   input_layer/gen_output_ring_banks[0].ring_bank2/gen_sram_32x16.u_ring_sram/addr0[0]
                                0.04           0.05          -0.01  (VIOLATED)
   n79100                       1.50           1.51          -0.01  (VIOLATED)
       PIN :   U85890/A1        1.50           1.51          -0.01  (VIOLATED)
       PIN :   U85968/A1        1.50           1.51          -0.01  (VIOLATED)
       PIN :   U85991/A1        1.50           1.51          -0.01  (VIOLATED)
       PIN :   U86029/A1        1.50           1.51          -0.01  (VIOLATED)
       PIN :   U86557/A1        1.50           1.51          -0.01  (VIOLATED)
       PIN :   U86579/A1        1.50           1.51          -0.01  (VIOLATED)
       PIN :   U86605/A1        1.50           1.51          -0.01  (VIOLATED)
       PIN :   U86613/A1        1.50           1.51          -0.01  (VIOLATED)
       PIN :   U87446/A1        1.50           1.51          -0.01  (VIOLATED)
       PIN :   U87516/A1        1.50           1.51          -0.01  (VIOLATED)
       PIN :   U87538/A1        1.50           1.51          -0.01  (VIOLATED)
       PIN :   U87572/A1        1.50           1.51          -0.01  (VIOLATED)
       PIN :   U87955/A1        1.50           1.51          -0.01  (VIOLATED)
       PIN :   U88024/A1        1.50           1.51          -0.01  (VIOLATED)
       PIN :   U88046/A1        1.50           1.51          -0.01  (VIOLATED)
       PIN :   U88080/A1        1.50           1.51          -0.01  (VIOLATED)
       PIN :   U88459/A1        1.50           1.51          -0.01  (VIOLATED)
       PIN :   U88531/A1        1.50           1.51          -0.01  (VIOLATED)
       PIN :   U88553/A1        1.50           1.51          -0.01  (VIOLATED)
       PIN :   U88587/A1        1.50           1.51          -0.01  (VIOLATED)
       PIN :   U88968/A1        1.50           1.51          -0.01  (VIOLATED)
       PIN :   U89036/A1        1.50           1.51          -0.01  (VIOLATED)
       PIN :   U89058/A1        1.50           1.51          -0.01  (VIOLATED)
       PIN :   U89092/A1        1.50           1.51          -0.01  (VIOLATED)
       PIN :   U89471/A1        1.50           1.51          -0.01  (VIOLATED)
       PIN :   U89540/A1        1.50           1.51          -0.01  (VIOLATED)
       PIN :   U89562/A1        1.50           1.51          -0.01  (VIOLATED)
       PIN :   U89596/A1        1.50           1.51          -0.01  (VIOLATED)
       PIN :   U90993/A1        1.50           1.51          -0.01  (VIOLATED)
       PIN :   U91061/A1        1.50           1.51          -0.01  (VIOLATED)
       PIN :   U91083/A1        1.50           1.51          -0.01  (VIOLATED)
       PIN :   U91117/A1        1.50           1.51          -0.01  (VIOLATED)
       PIN :   U91495/A1        1.50           1.51          -0.01  (VIOLATED)
       PIN :   U91566/A1        1.50           1.51          -0.01  (VIOLATED)
       PIN :   U91588/A1        1.50           1.51          -0.01  (VIOLATED)
       PIN :   U92001/A1        1.50           1.51          -0.01  (VIOLATED)
       PIN :   U92067/A1        1.50           1.51          -0.01  (VIOLATED)
       PIN :   U92090/A1        1.50           1.51          -0.01  (VIOLATED)
       PIN :   U92131/A1        1.50           1.51          -0.01  (VIOLATED)
       PIN :   U92511/A1        1.50           1.51          -0.01  (VIOLATED)
       PIN :   U92582/A1        1.50           1.51          -0.01  (VIOLATED)
       PIN :   U92604/A1        1.50           1.51          -0.01  (VIOLATED)
       PIN :   U92638/A1        1.50           1.51          -0.01  (VIOLATED)
       PIN :   U93017/A1        1.50           1.51          -0.01  (VIOLATED)
       PIN :   U93087/A1        1.50           1.51          -0.01  (VIOLATED)
       PIN :   U93109/A1        1.50           1.51          -0.01  (VIOLATED)
       PIN :   U93143/A1        1.50           1.51          -0.01  (VIOLATED)
       PIN :   U93520/A1        1.50           1.51          -0.01  (VIOLATED)
       PIN :   U93590/A1        1.50           1.51          -0.01  (VIOLATED)
       PIN :   U93612/A1        1.50           1.51          -0.01  (VIOLATED)
       PIN :   U93646/A1        1.50           1.51          -0.01  (VIOLATED)
       PIN :   U85657/X         1.51           1.51          -0.00  (VIOLATED)
   n10514                       0.04           0.05          -0.01  (VIOLATED)
       PIN :   gen_hidden_resi_blocks[0].hidden_layer/gen_ring_banks[0].ring_bank1/gen_sram_32x16.u_ring_sram/addr0[0]
                                0.04           0.05          -0.01  (VIOLATED)
   n10516                       0.04           0.05          -0.01  (VIOLATED)
       PIN :   gen_hidden_resi_blocks[0].hidden_layer/gen_ring_banks[2].ring_bank1/gen_sram_32x16.u_ring_sram/addr0[0]
                                0.04           0.05          -0.01  (VIOLATED)
   n10517                       0.04           0.05          -0.01  (VIOLATED)
       PIN :   gen_hidden_resi_blocks[0].hidden_layer/gen_ring_banks[1].ring_bank1/gen_sram_32x16.u_ring_sram/addr0[0]
                                0.04           0.05          -0.01  (VIOLATED)
   n10519                       0.04           0.05          -0.01  (VIOLATED)
       PIN :   gen_hidden_resi_blocks[0].hidden_layer/gen_ring_banks[2].ring_bank2/gen_sram_32x16.u_ring_sram/addr0[0]
                                0.04           0.05          -0.01  (VIOLATED)
   n10521                       0.04           0.05          -0.01  (VIOLATED)
       PIN :   gen_hidden_resi_blocks[0].hidden_layer/gen_ring_banks[0].ring_bank2/gen_sram_32x16.u_ring_sram/addr0[0]
                                0.04           0.05          -0.01  (VIOLATED)
   n10406                       0.04           0.05          -0.01  (VIOLATED)
       PIN :   gen_hidden_resi_blocks[1].hidden_layer/gen_ring_banks[3].ring_bank2/gen_sram_32x16.u_ring_sram/addr0[0]
                                0.04           0.05          -0.01  (VIOLATED)
   n10407                       0.04           0.05          -0.01  (VIOLATED)
       PIN :   gen_hidden_resi_blocks[1].hidden_layer/gen_ring_banks[2].ring_bank2/gen_sram_32x16.u_ring_sram/addr0[0]
                                0.04           0.05          -0.01  (VIOLATED)
   n10408                       0.04           0.05          -0.01  (VIOLATED)
       PIN :   gen_hidden_resi_blocks[1].hidden_layer/gen_ring_banks[1].ring_bank2/gen_sram_32x16.u_ring_sram/addr0[0]
                                0.04           0.05          -0.01  (VIOLATED)
   n10409                       0.04           0.05          -0.01  (VIOLATED)
       PIN :   gen_hidden_resi_blocks[1].hidden_layer/gen_ring_banks[0].ring_bank2/gen_sram_32x16.u_ring_sram/addr0[0]
                                0.04           0.05          -0.01  (VIOLATED)
   n10506                       0.04           0.05          -0.01  (VIOLATED)
       PIN :   gen_hidden_resi_blocks[2].hidden_layer/gen_ring_banks[0].ring_bank1/gen_sram_32x32.u_ring_sram/addr0[0]
                                0.04           0.05          -0.01  (VIOLATED)
   n10507                       0.04           0.05          -0.01  (VIOLATED)
       PIN :   gen_hidden_resi_blocks[2].hidden_layer/gen_ring_banks[3].ring_bank1/gen_sram_32x32.u_ring_sram/addr0[0]
                                0.04           0.05          -0.01  (VIOLATED)
   n10508                       0.04           0.05          -0.01  (VIOLATED)
       PIN :   gen_hidden_resi_blocks[2].hidden_layer/gen_ring_banks[2].ring_bank1/gen_sram_32x32.u_ring_sram/addr0[0]
                                0.04           0.05          -0.01  (VIOLATED)
   n10509                       0.04           0.05          -0.01  (VIOLATED)
       PIN :   gen_hidden_resi_blocks[2].hidden_layer/gen_ring_banks[1].ring_bank1/gen_sram_32x32.u_ring_sram/addr0[0]
                                0.04           0.05          -0.01  (VIOLATED)
   n10036                       0.04           0.05          -0.01  (VIOLATED)
       PIN :   input_layer/gen_output_ring_banks[2].ring_bank2/gen_sram_32x16.u_ring_sram/addr0[0]
                                0.04           0.05          -0.01  (VIOLATED)
   n10037                       0.04           0.05          -0.01  (VIOLATED)
       PIN :   input_layer/gen_output_ring_banks[1].ring_bank2/gen_sram_32x16.u_ring_sram/addr0[0]
                                0.04           0.05          -0.01  (VIOLATED)
   n9227                        0.04           0.05          -0.01  (VIOLATED)
       PIN :   input_layer/gen_output_ring_banks[3].ring_bank2/gen_sram_32x16.u_ring_sram/addr0[0]
                                0.04           0.05          -0.01  (VIOLATED)
   n10510                       0.04           0.05          -0.01  (VIOLATED)
       PIN :   gen_hidden_resi_blocks[2].hidden_layer/gen_ring_banks[3].ring_bank2/gen_sram_32x32.u_ring_sram/addr0[0]
                                0.04           0.05          -0.01  (VIOLATED)
   n10511                       0.04           0.05          -0.01  (VIOLATED)
       PIN :   gen_hidden_resi_blocks[2].hidden_layer/gen_ring_banks[2].ring_bank2/gen_sram_32x32.u_ring_sram/addr0[0]
                                0.04           0.05          -0.01  (VIOLATED)
   n10512                       0.04           0.05          -0.01  (VIOLATED)
       PIN :   gen_hidden_resi_blocks[2].hidden_layer/gen_ring_banks[1].ring_bank2/gen_sram_32x32.u_ring_sram/addr0[0]
                                0.04           0.05          -0.01  (VIOLATED)
   n10513                       0.04           0.05          -0.01  (VIOLATED)
       PIN :   gen_hidden_resi_blocks[2].hidden_layer/gen_ring_banks[0].ring_bank2/gen_sram_32x32.u_ring_sram/addr0[0]
                                0.04           0.05          -0.01  (VIOLATED)
   n10203                       0.04           0.05          -0.01  (VIOLATED)
       PIN :   gen_hidden_resi_blocks[2].hidden_layer/gen_ring_banks[2].ring_bank1/gen_sram_32x32.u_ring_sram/addr0[1]
                                0.04           0.05          -0.01  (VIOLATED)
   n10205                       0.04           0.05          -0.01  (VIOLATED)
       PIN :   gen_hidden_resi_blocks[2].hidden_layer/gen_ring_banks[3].ring_bank1/gen_sram_32x32.u_ring_sram/addr0[1]
                                0.04           0.05          -0.01  (VIOLATED)
   n10207                       0.04           0.05          -0.01  (VIOLATED)
       PIN :   gen_hidden_resi_blocks[2].hidden_layer/gen_ring_banks[0].ring_bank1/gen_sram_32x32.u_ring_sram/addr0[1]
                                0.04           0.05          -0.01  (VIOLATED)
   n10256                       0.04           0.05          -0.01  (VIOLATED)
       PIN :   input_layer/gen_output_ring_banks[1].ring_bank2/gen_sram_32x16.u_ring_sram/addr0[1]
                                0.04           0.05          -0.01  (VIOLATED)
   n10257                       0.04           0.05          -0.01  (VIOLATED)
       PIN :   input_layer/gen_output_ring_banks[2].ring_bank2/gen_sram_32x16.u_ring_sram/addr0[1]
                                0.04           0.05          -0.01  (VIOLATED)
   n10313                       0.04           0.05          -0.01  (VIOLATED)
       PIN :   gen_hidden_resi_blocks[2].hidden_layer/gen_ring_banks[2].ring_bank2/gen_sram_32x32.u_ring_sram/addr0[2]
                                0.04           0.05          -0.01  (VIOLATED)
   n10314                       0.04           0.05          -0.01  (VIOLATED)
       PIN :   gen_hidden_resi_blocks[2].hidden_layer/gen_ring_banks[1].ring_bank2/gen_sram_32x32.u_ring_sram/addr0[2]
                                0.04           0.05          -0.01  (VIOLATED)
   n10315                       0.04           0.05          -0.01  (VIOLATED)
       PIN :   gen_hidden_resi_blocks[2].hidden_layer/gen_ring_banks[0].ring_bank2/gen_sram_32x32.u_ring_sram/addr0[2]
                                0.04           0.05          -0.01  (VIOLATED)
   n96893                       1.50           1.51          -0.01  (VIOLATED)
       PIN :   U33186/B1        1.50           1.51          -0.01  (VIOLATED)
       PIN :   U33188/B1        1.50           1.51          -0.01  (VIOLATED)
       PIN :   U33190/B1        1.50           1.51          -0.01  (VIOLATED)
       PIN :   U33192/B1        1.50           1.51          -0.01  (VIOLATED)
       PIN :   U33194/B1        1.50           1.51          -0.01  (VIOLATED)
       PIN :   U33196/B1        1.50           1.51          -0.01  (VIOLATED)
       PIN :   U33198/B1        1.50           1.51          -0.01  (VIOLATED)
       PIN :   U33200/B1        1.50           1.51          -0.01  (VIOLATED)
       PIN :   U33838/A1_N      1.50           1.51          -0.01  (VIOLATED)
       PIN :   U33851/A1_N      1.50           1.51          -0.01  (VIOLATED)
       PIN :   U33853/A1_N      1.50           1.51          -0.01  (VIOLATED)
       PIN :   U33856/A1_N      1.50           1.51          -0.01  (VIOLATED)
       PIN :   U33867/A1_N      1.50           1.51          -0.01  (VIOLATED)
       PIN :   U33877/A1_N      1.50           1.51          -0.01  (VIOLATED)
       PIN :   U33888/A1_N      1.50           1.51          -0.01  (VIOLATED)
       PIN :   U33965/B1        1.50           1.51          -0.01  (VIOLATED)
       PIN :   U33967/A1_N      1.50           1.51          -0.01  (VIOLATED)
       PIN :   U33967/B1        1.50           1.51          -0.01  (VIOLATED)
       PIN :   U33969/A1_N      1.50           1.51          -0.01  (VIOLATED)
       PIN :   U33969/B1        1.50           1.51          -0.01  (VIOLATED)
       PIN :   U33971/B1        1.50           1.51          -0.01  (VIOLATED)
       PIN :   U33973/B1        1.50           1.51          -0.01  (VIOLATED)
       PIN :   U33974/A1_N      1.50           1.51          -0.01  (VIOLATED)
       PIN :   U33974/B1        1.50           1.51          -0.01  (VIOLATED)
       PIN :   U33976/B1        1.50           1.51          -0.01  (VIOLATED)
       PIN :   U33978/B1        1.50           1.51          -0.01  (VIOLATED)
       PIN :   U33980/B1        1.50           1.51          -0.01  (VIOLATED)
       PIN :   U33982/B1        1.50           1.51          -0.01  (VIOLATED)
       PIN :   U33983/B1        1.50           1.51          -0.01  (VIOLATED)
       PIN :   U33984/B1        1.50           1.51          -0.01  (VIOLATED)
       PIN :   U33986/B1        1.50           1.51          -0.01  (VIOLATED)
       PIN :   U33987/B1        1.50           1.51          -0.01  (VIOLATED)
       PIN :   U33989/B1        1.50           1.51          -0.01  (VIOLATED)
       PIN :   U33991/B1        1.50           1.51          -0.01  (VIOLATED)
       PIN :   U33992/B1        1.50           1.51          -0.01  (VIOLATED)
       PIN :   U33994/B1        1.50           1.51          -0.01  (VIOLATED)
       PIN :   U33996/A1_N      1.50           1.51          -0.01  (VIOLATED)
       PIN :   U33996/B1        1.50           1.51          -0.01  (VIOLATED)
       PIN :   U33997/B1        1.50           1.51          -0.01  (VIOLATED)
       PIN :   U33999/B1        1.50           1.51          -0.01  (VIOLATED)
       PIN :   U34001/A1_N      1.50           1.51          -0.01  (VIOLATED)
       PIN :   U34001/B1        1.50           1.51          -0.01  (VIOLATED)
       PIN :   U34002/B1        1.50           1.51          -0.01  (VIOLATED)
       PIN :   U34004/B1        1.50           1.51          -0.01  (VIOLATED)
       PIN :   U34006/B1        1.50           1.51          -0.01  (VIOLATED)
       PIN :   U34008/B1        1.50           1.51          -0.01  (VIOLATED)
       PIN :   U34010/B1        1.50           1.51          -0.01  (VIOLATED)
       PIN :   U34012/B1        1.50           1.51          -0.01  (VIOLATED)
       PIN :   U34013/A1_N      1.50           1.51          -0.01  (VIOLATED)
       PIN :   U34013/B1        1.50           1.51          -0.01  (VIOLATED)
       PIN :   U116012/B        1.50           1.51          -0.01  (VIOLATED)
       PIN :   U33184/X         1.51           1.51          -0.00  (VIOLATED)
   n10300                       0.04           0.05          -0.01  (VIOLATED)
       PIN :   gen_hidden_resi_blocks[1].hidden_layer/gen_ring_banks[0].ring_bank1/gen_sram_32x16.u_ring_sram/addr0[1]
                                0.04           0.05          -0.01  (VIOLATED)
   n10301                       0.04           0.05          -0.01  (VIOLATED)
       PIN :   gen_hidden_resi_blocks[1].hidden_layer/gen_ring_banks[3].ring_bank1/gen_sram_32x16.u_ring_sram/addr0[1]
                                0.04           0.05          -0.01  (VIOLATED)
   n10308                       0.04           0.05          -0.01  (VIOLATED)
       PIN :   gen_hidden_resi_blocks[2].hidden_layer/gen_ring_banks[0].ring_bank1/gen_sram_32x32.u_ring_sram/addr0[2]
                                0.04           0.05          -0.01  (VIOLATED)
   n10309                       0.04           0.05          -0.01  (VIOLATED)
       PIN :   gen_hidden_resi_blocks[2].hidden_layer/gen_ring_banks[3].ring_bank1/gen_sram_32x32.u_ring_sram/addr0[2]
                                0.04           0.05          -0.01  (VIOLATED)
   n10305                       0.04           0.05          -0.01  (VIOLATED)
       PIN :   gen_hidden_resi_blocks[1].hidden_layer/gen_ring_banks[2].ring_bank2/gen_sram_32x16.u_ring_sram/addr0[1]
                                0.04           0.05          -0.01  (VIOLATED)
   n10306                       0.04           0.05          -0.01  (VIOLATED)
       PIN :   gen_hidden_resi_blocks[1].hidden_layer/gen_ring_banks[1].ring_bank2/gen_sram_32x16.u_ring_sram/addr0[1]
                                0.04           0.05          -0.01  (VIOLATED)
   n10307                       0.04           0.05          -0.01  (VIOLATED)
       PIN :   gen_hidden_resi_blocks[1].hidden_layer/gen_ring_banks[0].ring_bank2/gen_sram_32x16.u_ring_sram/addr0[1]
                                0.04           0.05          -0.01  (VIOLATED)
   n10048                       0.04           0.05          -0.01  (VIOLATED)
       PIN :   gen_hidden_resi_blocks[2].hidden_layer/gen_ring_banks[1].ring_bank2/gen_sram_32x32.u_ring_sram/addr1[0]
                                0.04           0.05          -0.01  (VIOLATED)
   n10050                       0.04           0.05          -0.01  (VIOLATED)
       PIN :   gen_hidden_resi_blocks[2].hidden_layer/gen_ring_banks[0].ring_bank2/gen_sram_32x32.u_ring_sram/addr1[0]
                                0.04           0.05          -0.01  (VIOLATED)
   n21784                       1.50           1.51          -0.01  (VIOLATED)
       PIN :   U33997/A1_N      1.50           1.51          -0.01  (VIOLATED)
       PIN :   U33994/A1_N      1.50           1.51          -0.01  (VIOLATED)
       PIN :   U33991/A1_N      1.50           1.51          -0.01  (VIOLATED)
       PIN :   U33989/A1_N      1.50           1.51          -0.01  (VIOLATED)
       PIN :   U33984/A1_N      1.50           1.51          -0.01  (VIOLATED)
       PIN :   U33963/B1        1.50           1.51          -0.01  (VIOLATED)
       PIN :   U33961/B1        1.50           1.51          -0.01  (VIOLATED)
       PIN :   U33959/B1        1.50           1.51          -0.01  (VIOLATED)
       PIN :   U33957/B1        1.50           1.51          -0.01  (VIOLATED)
       PIN :   U33955/B1        1.50           1.51          -0.01  (VIOLATED)
       PIN :   U33953/B1        1.50           1.51          -0.01  (VIOLATED)
       PIN :   U33951/B1        1.50           1.51          -0.01  (VIOLATED)
       PIN :   U33949/B1        1.50           1.51          -0.01  (VIOLATED)
       PIN :   U33947/B1        1.50           1.51          -0.01  (VIOLATED)
       PIN :   U33945/B1        1.50           1.51          -0.01  (VIOLATED)
       PIN :   U33941/B1        1.50           1.51          -0.01  (VIOLATED)
       PIN :   U33937/B1        1.50           1.51          -0.01  (VIOLATED)
       PIN :   U33933/B1        1.50           1.51          -0.01  (VIOLATED)
       PIN :   U33931/B1        1.50           1.51          -0.01  (VIOLATED)
       PIN :   U33929/B1        1.50           1.51          -0.01  (VIOLATED)
       PIN :   U33927/B1        1.50           1.51          -0.01  (VIOLATED)
       PIN :   U33925/B1        1.50           1.51          -0.01  (VIOLATED)
       PIN :   U33923/B1        1.50           1.51          -0.01  (VIOLATED)
       PIN :   U33921/B1        1.50           1.51          -0.01  (VIOLATED)
       PIN :   U33919/B1        1.50           1.51          -0.01  (VIOLATED)
       PIN :   U33917/B1        1.50           1.51          -0.01  (VIOLATED)
       PIN :   U33913/B1        1.50           1.51          -0.01  (VIOLATED)
       PIN :   U33912/B1        1.50           1.51          -0.01  (VIOLATED)
       PIN :   U33908/B1        1.50           1.51          -0.01  (VIOLATED)
       PIN :   U33906/B1        1.50           1.51          -0.01  (VIOLATED)
       PIN :   U33904/B1        1.50           1.51          -0.01  (VIOLATED)
       PIN :   U33902/B1        1.50           1.51          -0.01  (VIOLATED)
       PIN :   U33900/B1        1.50           1.51          -0.01  (VIOLATED)
       PIN :   U33898/B1        1.50           1.51          -0.01  (VIOLATED)
       PIN :   U33895/A1_N      1.50           1.51          -0.01  (VIOLATED)
       PIN :   U33892/B1        1.50           1.51          -0.01  (VIOLATED)
       PIN :   U33890/B1        1.50           1.51          -0.01  (VIOLATED)
       PIN :   U33887/B1        1.50           1.51          -0.01  (VIOLATED)
       PIN :   U33883/B1        1.50           1.51          -0.01  (VIOLATED)
       PIN :   U33881/B1        1.50           1.51          -0.01  (VIOLATED)
       PIN :   U33879/B1        1.50           1.51          -0.01  (VIOLATED)
       PIN :   U33869/B1        1.50           1.51          -0.01  (VIOLATED)
       PIN :   U33861/A1_N      1.50           1.51          -0.01  (VIOLATED)
       PIN :   U33857/A1_N      1.50           1.51          -0.01  (VIOLATED)
       PIN :   U33855/B1        1.50           1.51          -0.01  (VIOLATED)
       PIN :   U33849/A1_N      1.50           1.51          -0.01  (VIOLATED)
       PIN :   U33843/B1        1.50           1.51          -0.01  (VIOLATED)
       PIN :   U33841/A1_N      1.50           1.51          -0.01  (VIOLATED)
       PIN :   U33840/B1        1.50           1.51          -0.01  (VIOLATED)
       PIN :   U33834/A1_N      1.50           1.51          -0.01  (VIOLATED)
       PIN :   U33833/A1_N      1.50           1.51          -0.01  (VIOLATED)
       PIN :   U33832/X         1.51           1.51          -0.00  (VIOLATED)
   n86269                       1.50           1.51          -0.01  (VIOLATED)
       PIN :   U33169/B1        1.50           1.51          -0.01  (VIOLATED)
       PIN :   U33171/B1        1.50           1.51          -0.01  (VIOLATED)
       PIN :   U33173/B1        1.50           1.51          -0.01  (VIOLATED)
       PIN :   U33175/B1        1.50           1.51          -0.01  (VIOLATED)
       PIN :   U33177/B1        1.50           1.51          -0.01  (VIOLATED)
       PIN :   U33179/B1        1.50           1.51          -0.01  (VIOLATED)
       PIN :   U33181/B1        1.50           1.51          -0.01  (VIOLATED)
       PIN :   U33183/B1        1.50           1.51          -0.01  (VIOLATED)
       PIN :   U33836/A1_N      1.50           1.51          -0.01  (VIOLATED)
       PIN :   U33841/B1        1.50           1.51          -0.01  (VIOLATED)
       PIN :   U33844/B1        1.50           1.51          -0.01  (VIOLATED)
       PIN :   U33846/A1_N      1.50           1.51          -0.01  (VIOLATED)
       PIN :   U33846/B1        1.50           1.51          -0.01  (VIOLATED)
       PIN :   U33847/A1_N      1.50           1.51          -0.01  (VIOLATED)
       PIN :   U33847/B1        1.50           1.51          -0.01  (VIOLATED)
       PIN :   U33849/B1        1.50           1.51          -0.01  (VIOLATED)
       PIN :   U33851/B1        1.50           1.51          -0.01  (VIOLATED)
       PIN :   U33853/B1        1.50           1.51          -0.01  (VIOLATED)
       PIN :   U33856/B1        1.50           1.51          -0.01  (VIOLATED)
       PIN :   U33857/B1        1.50           1.51          -0.01  (VIOLATED)
       PIN :   U33859/A1_N      1.50           1.51          -0.01  (VIOLATED)
       PIN :   U33859/B1        1.50           1.51          -0.01  (VIOLATED)
       PIN :   U33861/B1        1.50           1.51          -0.01  (VIOLATED)
       PIN :   U33863/B1        1.50           1.51          -0.01  (VIOLATED)
       PIN :   U33865/A1_N      1.50           1.51          -0.01  (VIOLATED)
       PIN :   U33865/B1        1.50           1.51          -0.01  (VIOLATED)
       PIN :   U33866/B1        1.50           1.51          -0.01  (VIOLATED)
       PIN :   U33867/B1        1.50           1.51          -0.01  (VIOLATED)
       PIN :   U33870/B1        1.50           1.51          -0.01  (VIOLATED)
       PIN :   U33872/B1        1.50           1.51          -0.01  (VIOLATED)
       PIN :   U33874/B1        1.50           1.51          -0.01  (VIOLATED)
       PIN :   U33876/B1        1.50           1.51          -0.01  (VIOLATED)
       PIN :   U33877/B1        1.50           1.51          -0.01  (VIOLATED)
       PIN :   U33885/B1        1.50           1.51          -0.01  (VIOLATED)
       PIN :   U33888/B1        1.50           1.51          -0.01  (VIOLATED)
       PIN :   U33894/B1        1.50           1.51          -0.01  (VIOLATED)
       PIN :   U33895/B1        1.50           1.51          -0.01  (VIOLATED)
       PIN :   U33896/A1_N      1.50           1.51          -0.01  (VIOLATED)
       PIN :   U33896/B1        1.50           1.51          -0.01  (VIOLATED)
       PIN :   U33910/B1        1.50           1.51          -0.01  (VIOLATED)
       PIN :   U33915/B1        1.50           1.51          -0.01  (VIOLATED)
       PIN :   U33935/B1        1.50           1.51          -0.01  (VIOLATED)
       PIN :   U33939/B1        1.50           1.51          -0.01  (VIOLATED)
       PIN :   U33943/B1        1.50           1.51          -0.01  (VIOLATED)
       PIN :   U33965/A1_N      1.50           1.51          -0.01  (VIOLATED)
       PIN :   U33973/A1_N      1.50           1.51          -0.01  (VIOLATED)
       PIN :   U33978/A1_N      1.50           1.51          -0.01  (VIOLATED)
       PIN :   U33987/A1_N      1.50           1.51          -0.01  (VIOLATED)
       PIN :   U33992/A1_N      1.50           1.51          -0.01  (VIOLATED)
       PIN :   U34002/A1_N      1.50           1.51          -0.01  (VIOLATED)
       PIN :   U101572/B        1.50           1.51          -0.01  (VIOLATED)
       PIN :   U33167/X         1.51           1.51          -0.00  (VIOLATED)
   n10267                       0.04           0.05          -0.01  (VIOLATED)
       PIN :   input_layer/gen_output_ring_banks[0].ring_bank2/gen_sram_32x16.u_ring_sram/addr0[1]
                                0.04           0.05          -0.01  (VIOLATED)
   n10046                       0.04           0.05          -0.01  (VIOLATED)
       PIN :   gen_hidden_resi_blocks[2].hidden_layer/gen_ring_banks[2].ring_bank2/gen_sram_32x32.u_ring_sram/addr1[0]
                                0.04           0.05          -0.01  (VIOLATED)
   n10059                       0.04           0.05          -0.01  (VIOLATED)
       PIN :   gen_hidden_resi_blocks[2].hidden_layer/gen_ring_banks[3].ring_bank2/gen_sram_32x32.u_ring_sram/addr1[0]
                                0.04           0.05          -0.01  (VIOLATED)
   n10498                       0.04           0.05          -0.01  (VIOLATED)
       PIN :   gen_hidden_resi_blocks[1].hidden_layer/gen_ring_banks[0].ring_bank1/gen_sram_32x16.u_ring_sram/addr0[2]
                                0.04           0.05          -0.01  (VIOLATED)
   n10499                       0.04           0.05          -0.01  (VIOLATED)
       PIN :   gen_hidden_resi_blocks[1].hidden_layer/gen_ring_banks[3].ring_bank1/gen_sram_32x16.u_ring_sram/addr0[2]
                                0.04           0.05          -0.01  (VIOLATED)
   n10500                       0.04           0.05          -0.01  (VIOLATED)
       PIN :   gen_hidden_resi_blocks[1].hidden_layer/gen_ring_banks[2].ring_bank1/gen_sram_32x16.u_ring_sram/addr0[2]
                                0.04           0.05          -0.01  (VIOLATED)
   n10501                       0.04           0.05          -0.01  (VIOLATED)
       PIN :   gen_hidden_resi_blocks[1].hidden_layer/gen_ring_banks[1].ring_bank1/gen_sram_32x16.u_ring_sram/addr0[2]
                                0.04           0.05          -0.01  (VIOLATED)
   n10502                       0.04           0.05          -0.01  (VIOLATED)
       PIN :   gen_hidden_resi_blocks[2].hidden_layer/gen_ring_banks[0].ring_bank1/gen_sram_32x32.u_ring_sram/addr0[3]
                                0.04           0.05          -0.01  (VIOLATED)
   n10503                       0.04           0.05          -0.01  (VIOLATED)
       PIN :   gen_hidden_resi_blocks[2].hidden_layer/gen_ring_banks[3].ring_bank1/gen_sram_32x32.u_ring_sram/addr0[3]
                                0.04           0.05          -0.01  (VIOLATED)
   n10504                       0.04           0.05          -0.01  (VIOLATED)
       PIN :   gen_hidden_resi_blocks[2].hidden_layer/gen_ring_banks[2].ring_bank1/gen_sram_32x32.u_ring_sram/addr0[3]
                                0.04           0.05          -0.01  (VIOLATED)
   n10505                       0.04           0.05          -0.01  (VIOLATED)
       PIN :   gen_hidden_resi_blocks[2].hidden_layer/gen_ring_banks[1].ring_bank1/gen_sram_32x32.u_ring_sram/addr0[3]
                                0.04           0.05          -0.01  (VIOLATED)
   n10490                       0.04           0.05          -0.01  (VIOLATED)
       PIN :   gen_hidden_resi_blocks[3].hidden_layer/gen_ring_banks[0].ring_bank1/gen_sram_32x64.u_ring_sram/addr0[1]
                                0.04           0.05          -0.01  (VIOLATED)
   n10491                       0.04           0.05          -0.01  (VIOLATED)
       PIN :   gen_hidden_resi_blocks[3].hidden_layer/gen_ring_banks[3].ring_bank1/gen_sram_32x64.u_ring_sram/addr0[1]
                                0.04           0.05          -0.01  (VIOLATED)
   n10492                       0.04           0.05          -0.01  (VIOLATED)
       PIN :   gen_hidden_resi_blocks[3].hidden_layer/gen_ring_banks[2].ring_bank1/gen_sram_32x64.u_ring_sram/addr0[1]
                                0.04           0.05          -0.01  (VIOLATED)
   n10493                       0.04           0.05          -0.01  (VIOLATED)
       PIN :   gen_hidden_resi_blocks[3].hidden_layer/gen_ring_banks[1].ring_bank1/gen_sram_32x64.u_ring_sram/addr0[1]
                                0.04           0.05          -0.01  (VIOLATED)
   n10494                       0.04           0.05          -0.01  (VIOLATED)
       PIN :   gen_hidden_resi_blocks[3].hidden_layer/gen_ring_banks[3].ring_bank2/gen_sram_32x64.u_ring_sram/addr0[1]
                                0.04           0.05          -0.01  (VIOLATED)
   n10495                       0.04           0.05          -0.01  (VIOLATED)
       PIN :   gen_hidden_resi_blocks[3].hidden_layer/gen_ring_banks[2].ring_bank2/gen_sram_32x64.u_ring_sram/addr0[1]
                                0.04           0.05          -0.01  (VIOLATED)
   n10496                       0.04           0.05          -0.01  (VIOLATED)
       PIN :   gen_hidden_resi_blocks[3].hidden_layer/gen_ring_banks[1].ring_bank2/gen_sram_32x64.u_ring_sram/addr0[1]
                                0.04           0.05          -0.01  (VIOLATED)
   n10497                       0.04           0.05          -0.01  (VIOLATED)
       PIN :   gen_hidden_resi_blocks[3].hidden_layer/gen_ring_banks[0].ring_bank2/gen_sram_32x64.u_ring_sram/addr0[1]
                                0.04           0.05          -0.01  (VIOLATED)
   n10458                       0.04           0.05          -0.01  (VIOLATED)
       PIN :   gen_hidden_resi_blocks[1].hidden_layer/gen_ring_banks[3].ring_bank2/gen_sram_32x16.u_ring_sram/addr0[2]
                                0.04           0.05          -0.01  (VIOLATED)
   n10459                       0.04           0.05          -0.01  (VIOLATED)
       PIN :   gen_hidden_resi_blocks[1].hidden_layer/gen_ring_banks[2].ring_bank2/gen_sram_32x16.u_ring_sram/addr0[2]
                                0.04           0.05          -0.01  (VIOLATED)
   n10460                       0.04           0.05          -0.01  (VIOLATED)
       PIN :   gen_hidden_resi_blocks[1].hidden_layer/gen_ring_banks[1].ring_bank2/gen_sram_32x16.u_ring_sram/addr0[2]
                                0.04           0.05          -0.01  (VIOLATED)
   n10461                       0.04           0.05          -0.01  (VIOLATED)
       PIN :   gen_hidden_resi_blocks[1].hidden_layer/gen_ring_banks[0].ring_bank2/gen_sram_32x16.u_ring_sram/addr0[2]
                                0.04           0.05          -0.01  (VIOLATED)
   n10462                       0.04           0.05          -0.01  (VIOLATED)
       PIN :   gen_hidden_resi_blocks[2].hidden_layer/gen_ring_banks[3].ring_bank2/gen_sram_32x32.u_ring_sram/addr0[3]
                                0.04           0.05          -0.01  (VIOLATED)
   n10463                       0.04           0.05          -0.01  (VIOLATED)
       PIN :   gen_hidden_resi_blocks[2].hidden_layer/gen_ring_banks[2].ring_bank2/gen_sram_32x32.u_ring_sram/addr0[3]
                                0.04           0.05          -0.01  (VIOLATED)
   n10464                       0.04           0.05          -0.01  (VIOLATED)
       PIN :   gen_hidden_resi_blocks[2].hidden_layer/gen_ring_banks[1].ring_bank2/gen_sram_32x32.u_ring_sram/addr0[3]
                                0.04           0.05          -0.01  (VIOLATED)
   n10465                       0.04           0.05          -0.01  (VIOLATED)
       PIN :   gen_hidden_resi_blocks[2].hidden_layer/gen_ring_banks[0].ring_bank2/gen_sram_32x32.u_ring_sram/addr0[3]
                                0.04           0.05          -0.01  (VIOLATED)
   n10466                       0.04           0.05          -0.01  (VIOLATED)
       PIN :   gen_hidden_resi_blocks[3].hidden_layer/gen_ring_banks[0].ring_bank1/gen_sram_32x64.u_ring_sram/addr0[4]
                                0.04           0.05          -0.01  (VIOLATED)
   n10467                       0.04           0.05          -0.01  (VIOLATED)
       PIN :   gen_hidden_resi_blocks[3].hidden_layer/gen_ring_banks[3].ring_bank1/gen_sram_32x64.u_ring_sram/addr0[4]
                                0.04           0.05          -0.01  (VIOLATED)
   n10468                       0.04           0.05          -0.01  (VIOLATED)
       PIN :   gen_hidden_resi_blocks[3].hidden_layer/gen_ring_banks[2].ring_bank1/gen_sram_32x64.u_ring_sram/addr0[4]
                                0.04           0.05          -0.01  (VIOLATED)
   n10469                       0.04           0.05          -0.01  (VIOLATED)
       PIN :   gen_hidden_resi_blocks[3].hidden_layer/gen_ring_banks[1].ring_bank1/gen_sram_32x64.u_ring_sram/addr0[4]
                                0.04           0.05          -0.01  (VIOLATED)
   n10470                       0.04           0.05          -0.01  (VIOLATED)
       PIN :   gen_hidden_resi_blocks[3].hidden_layer/gen_ring_banks[3].ring_bank2/gen_sram_32x64.u_ring_sram/addr0[4]
                                0.04           0.05          -0.01  (VIOLATED)
   n10471                       0.04           0.05          -0.01  (VIOLATED)
       PIN :   gen_hidden_resi_blocks[3].hidden_layer/gen_ring_banks[2].ring_bank2/gen_sram_32x64.u_ring_sram/addr0[4]
                                0.04           0.05          -0.01  (VIOLATED)
   n10472                       0.04           0.05          -0.01  (VIOLATED)
       PIN :   gen_hidden_resi_blocks[3].hidden_layer/gen_ring_banks[1].ring_bank2/gen_sram_32x64.u_ring_sram/addr0[4]
                                0.04           0.05          -0.01  (VIOLATED)
   n10473                       0.04           0.05          -0.01  (VIOLATED)
       PIN :   gen_hidden_resi_blocks[3].hidden_layer/gen_ring_banks[0].ring_bank2/gen_sram_32x64.u_ring_sram/addr0[4]
                                0.04           0.05          -0.01  (VIOLATED)
   n10474                       0.04           0.05          -0.01  (VIOLATED)
       PIN :   gen_hidden_resi_blocks[4].hidden_layer/gen_ring_banks[0].ring_bank1/gen_sram_32x128.u_ring_sram/addr0[5]
                                0.04           0.05          -0.01  (VIOLATED)
   n10475                       0.04           0.05          -0.01  (VIOLATED)
       PIN :   gen_hidden_resi_blocks[4].hidden_layer/gen_ring_banks[3].ring_bank1/gen_sram_32x128.u_ring_sram/addr0[5]
                                0.04           0.05          -0.01  (VIOLATED)
   n10476                       0.04           0.05          -0.01  (VIOLATED)
       PIN :   gen_hidden_resi_blocks[4].hidden_layer/gen_ring_banks[2].ring_bank1/gen_sram_32x128.u_ring_sram/addr0[5]
                                0.04           0.05          -0.01  (VIOLATED)
   n10477                       0.04           0.05          -0.01  (VIOLATED)
       PIN :   gen_hidden_resi_blocks[4].hidden_layer/gen_ring_banks[1].ring_bank1/gen_sram_32x128.u_ring_sram/addr0[5]
                                0.04           0.05          -0.01  (VIOLATED)
   n10478                       0.04           0.05          -0.01  (VIOLATED)
       PIN :   gen_hidden_resi_blocks[4].hidden_layer/gen_ring_banks[3].ring_bank2/gen_sram_32x128.u_ring_sram/addr0[5]
                                0.04           0.05          -0.01  (VIOLATED)
   n10479                       0.04           0.05          -0.01  (VIOLATED)
       PIN :   gen_hidden_resi_blocks[4].hidden_layer/gen_ring_banks[2].ring_bank2/gen_sram_32x128.u_ring_sram/addr0[5]
                                0.04           0.05          -0.01  (VIOLATED)
   n10480                       0.04           0.05          -0.01  (VIOLATED)
       PIN :   gen_hidden_resi_blocks[4].hidden_layer/gen_ring_banks[1].ring_bank2/gen_sram_32x128.u_ring_sram/addr0[5]
                                0.04           0.05          -0.01  (VIOLATED)
   n10481                       0.04           0.05          -0.01  (VIOLATED)
       PIN :   gen_hidden_resi_blocks[4].hidden_layer/gen_ring_banks[0].ring_bank2/gen_sram_32x128.u_ring_sram/addr0[5]
                                0.04           0.05          -0.01  (VIOLATED)
   n10482                       0.04           0.05          -0.01  (VIOLATED)
       PIN :   gen_hidden_resi_blocks[5].hidden_layer/gen_ring_banks[0].ring_bank1/gen_sram_32x256.u_ring_sram/addr0[6]
                                0.04           0.05          -0.01  (VIOLATED)
   n10483                       0.04           0.05          -0.01  (VIOLATED)
       PIN :   gen_hidden_resi_blocks[5].hidden_layer/gen_ring_banks[3].ring_bank1/gen_sram_32x256.u_ring_sram/addr0[6]
                                0.04           0.05          -0.01  (VIOLATED)
   n10484                       0.04           0.05          -0.01  (VIOLATED)
       PIN :   gen_hidden_resi_blocks[5].hidden_layer/gen_ring_banks[2].ring_bank1/gen_sram_32x256.u_ring_sram/addr0[6]
                                0.04           0.05          -0.01  (VIOLATED)
   n10485                       0.04           0.05          -0.01  (VIOLATED)
       PIN :   gen_hidden_resi_blocks[5].hidden_layer/gen_ring_banks[1].ring_bank1/gen_sram_32x256.u_ring_sram/addr0[6]
                                0.04           0.05          -0.01  (VIOLATED)
   n10486                       0.04           0.05          -0.01  (VIOLATED)
       PIN :   gen_hidden_resi_blocks[5].hidden_layer/gen_ring_banks[3].ring_bank2/gen_sram_32x256.u_ring_sram/addr0[6]
                                0.04           0.05          -0.01  (VIOLATED)
   n10487                       0.04           0.05          -0.01  (VIOLATED)
       PIN :   gen_hidden_resi_blocks[5].hidden_layer/gen_ring_banks[2].ring_bank2/gen_sram_32x256.u_ring_sram/addr0[6]
                                0.04           0.05          -0.01  (VIOLATED)
   n10488                       0.04           0.05          -0.01  (VIOLATED)
       PIN :   gen_hidden_resi_blocks[5].hidden_layer/gen_ring_banks[1].ring_bank2/gen_sram_32x256.u_ring_sram/addr0[6]
                                0.04           0.05          -0.01  (VIOLATED)
   n10489                       0.04           0.05          -0.01  (VIOLATED)
       PIN :   gen_hidden_resi_blocks[5].hidden_layer/gen_ring_banks[0].ring_bank2/gen_sram_32x256.u_ring_sram/addr0[6]
                                0.04           0.05          -0.01  (VIOLATED)
   n10418                       0.04           0.05          -0.01  (VIOLATED)
       PIN :   gen_hidden_resi_blocks[2].hidden_layer/gen_ring_banks[2].ring_bank2/gen_sram_32x32.u_ring_sram/addr0[4]
                                0.04           0.05          -0.01  (VIOLATED)
   n10419                       0.04           0.05          -0.01  (VIOLATED)
       PIN :   gen_hidden_resi_blocks[2].hidden_layer/gen_ring_banks[1].ring_bank2/gen_sram_32x32.u_ring_sram/addr0[4]
                                0.04           0.05          -0.01  (VIOLATED)
   n10420                       0.04           0.05          -0.01  (VIOLATED)
       PIN :   gen_hidden_resi_blocks[2].hidden_layer/gen_ring_banks[0].ring_bank2/gen_sram_32x32.u_ring_sram/addr0[4]
                                0.04           0.05          -0.01  (VIOLATED)
   n10421                       0.04           0.05          -0.01  (VIOLATED)
       PIN :   gen_hidden_resi_blocks[3].hidden_layer/gen_ring_banks[0].ring_bank1/gen_sram_32x64.u_ring_sram/addr0[5]
                                0.04           0.05          -0.01  (VIOLATED)
   n10422                       0.04           0.05          -0.01  (VIOLATED)
       PIN :   gen_hidden_resi_blocks[3].hidden_layer/gen_ring_banks[3].ring_bank1/gen_sram_32x64.u_ring_sram/addr0[5]
                                0.04           0.05          -0.01  (VIOLATED)
   n10423                       0.04           0.05          -0.01  (VIOLATED)
       PIN :   gen_hidden_resi_blocks[3].hidden_layer/gen_ring_banks[2].ring_bank1/gen_sram_32x64.u_ring_sram/addr0[5]
                                0.04           0.05          -0.01  (VIOLATED)
   n10424                       0.04           0.05          -0.01  (VIOLATED)
       PIN :   gen_hidden_resi_blocks[4].hidden_layer/gen_ring_banks[3].ring_bank1/gen_sram_32x128.u_ring_sram/addr0[6]
                                0.04           0.05          -0.01  (VIOLATED)
   n10425                       0.04           0.05          -0.01  (VIOLATED)
       PIN :   gen_hidden_resi_blocks[4].hidden_layer/gen_ring_banks[2].ring_bank1/gen_sram_32x128.u_ring_sram/addr0[6]
                                0.04           0.05          -0.01  (VIOLATED)
   n10438                       0.04           0.05          -0.01  (VIOLATED)
       PIN :   gen_hidden_resi_blocks[1].hidden_layer/gen_ring_banks[3].ring_bank2/gen_sram_32x16.u_ring_sram/addr0[3]
                                0.04           0.05          -0.01  (VIOLATED)
   n10439                       0.04           0.05          -0.01  (VIOLATED)
       PIN :   gen_hidden_resi_blocks[1].hidden_layer/gen_ring_banks[2].ring_bank2/gen_sram_32x16.u_ring_sram/addr0[3]
                                0.04           0.05          -0.01  (VIOLATED)
   n10440                       0.04           0.05          -0.01  (VIOLATED)
       PIN :   gen_hidden_resi_blocks[1].hidden_layer/gen_ring_banks[1].ring_bank2/gen_sram_32x16.u_ring_sram/addr0[3]
                                0.04           0.05          -0.01  (VIOLATED)
   n10441                       0.04           0.05          -0.01  (VIOLATED)
       PIN :   gen_hidden_resi_blocks[1].hidden_layer/gen_ring_banks[0].ring_bank2/gen_sram_32x16.u_ring_sram/addr0[3]
                                0.04           0.05          -0.01  (VIOLATED)
   n10442                       0.04           0.05          -0.01  (VIOLATED)
       PIN :   gen_hidden_resi_blocks[2].hidden_layer/gen_ring_banks[3].ring_bank2/gen_sram_32x32.u_ring_sram/addr0[4]
                                0.04           0.05          -0.01  (VIOLATED)
   n10443                       0.04           0.05          -0.01  (VIOLATED)
       PIN :   gen_hidden_resi_blocks[3].hidden_layer/gen_ring_banks[3].ring_bank2/gen_sram_32x64.u_ring_sram/addr0[5]
                                0.04           0.05          -0.01  (VIOLATED)
   n10444                       0.04           0.05          -0.01  (VIOLATED)
       PIN :   gen_hidden_resi_blocks[3].hidden_layer/gen_ring_banks[2].ring_bank2/gen_sram_32x64.u_ring_sram/addr0[5]
                                0.04           0.05          -0.01  (VIOLATED)
   n10445                       0.04           0.05          -0.01  (VIOLATED)
       PIN :   gen_hidden_resi_blocks[3].hidden_layer/gen_ring_banks[1].ring_bank2/gen_sram_32x64.u_ring_sram/addr0[5]
                                0.04           0.05          -0.01  (VIOLATED)
   n10446                       0.04           0.05          -0.01  (VIOLATED)
       PIN :   gen_hidden_resi_blocks[4].hidden_layer/gen_ring_banks[0].ring_bank1/gen_sram_32x128.u_ring_sram/addr0[6]
                                0.04           0.05          -0.01  (VIOLATED)
   n10447                       0.04           0.05          -0.01  (VIOLATED)
       PIN :   gen_hidden_resi_blocks[4].hidden_layer/gen_ring_banks[3].ring_bank2/gen_sram_32x128.u_ring_sram/addr0[6]
                                0.04           0.05          -0.01  (VIOLATED)
   n10448                       0.04           0.05          -0.01  (VIOLATED)
       PIN :   gen_hidden_resi_blocks[4].hidden_layer/gen_ring_banks[2].ring_bank2/gen_sram_32x128.u_ring_sram/addr0[6]
                                0.04           0.05          -0.01  (VIOLATED)
   n10449                       0.04           0.05          -0.01  (VIOLATED)
       PIN :   gen_hidden_resi_blocks[4].hidden_layer/gen_ring_banks[1].ring_bank2/gen_sram_32x128.u_ring_sram/addr0[6]
                                0.04           0.05          -0.01  (VIOLATED)
   n10450                       0.04           0.05          -0.01  (VIOLATED)
       PIN :   gen_hidden_resi_blocks[5].hidden_layer/gen_ring_banks[0].ring_bank1/gen_sram_32x256.u_ring_sram/addr0[7]
                                0.04           0.05          -0.01  (VIOLATED)
   n10451                       0.04           0.05          -0.01  (VIOLATED)
       PIN :   gen_hidden_resi_blocks[5].hidden_layer/gen_ring_banks[3].ring_bank1/gen_sram_32x256.u_ring_sram/addr0[7]
                                0.04           0.05          -0.01  (VIOLATED)
   n10452                       0.04           0.05          -0.01  (VIOLATED)
       PIN :   gen_hidden_resi_blocks[5].hidden_layer/gen_ring_banks[2].ring_bank1/gen_sram_32x256.u_ring_sram/addr0[7]
                                0.04           0.05          -0.01  (VIOLATED)
   n10453                       0.04           0.05          -0.01  (VIOLATED)
       PIN :   gen_hidden_resi_blocks[5].hidden_layer/gen_ring_banks[1].ring_bank1/gen_sram_32x256.u_ring_sram/addr0[7]
                                0.04           0.05          -0.01  (VIOLATED)
   n10454                       0.04           0.05          -0.01  (VIOLATED)
       PIN :   gen_hidden_resi_blocks[5].hidden_layer/gen_ring_banks[3].ring_bank2/gen_sram_32x256.u_ring_sram/addr0[7]
                                0.04           0.05          -0.01  (VIOLATED)
   n10455                       0.04           0.05          -0.01  (VIOLATED)
       PIN :   gen_hidden_resi_blocks[5].hidden_layer/gen_ring_banks[2].ring_bank2/gen_sram_32x256.u_ring_sram/addr0[7]
                                0.04           0.05          -0.01  (VIOLATED)
   n10456                       0.04           0.05          -0.01  (VIOLATED)
       PIN :   gen_hidden_resi_blocks[5].hidden_layer/gen_ring_banks[1].ring_bank2/gen_sram_32x256.u_ring_sram/addr0[7]
                                0.04           0.05          -0.01  (VIOLATED)
   n10457                       0.04           0.05          -0.01  (VIOLATED)
       PIN :   gen_hidden_resi_blocks[5].hidden_layer/gen_ring_banks[0].ring_bank2/gen_sram_32x256.u_ring_sram/addr0[7]
                                0.04           0.05          -0.01  (VIOLATED)
   n10417                       0.04           0.05          -0.01  (VIOLATED)
       PIN :   gen_hidden_resi_blocks[0].hidden_layer/gen_ring_banks[2].ring_bank2/gen_sram_32x16.u_ring_sram/addr0[2]
                                0.04           0.05          -0.01  (VIOLATED)
   n10431                       0.04           0.05          -0.01  (VIOLATED)
       PIN :   gen_hidden_resi_blocks[0].hidden_layer/gen_ring_banks[0].ring_bank1/gen_sram_32x16.u_ring_sram/addr0[2]
                                0.04           0.05          -0.01  (VIOLATED)
   n10432                       0.04           0.05          -0.01  (VIOLATED)
       PIN :   gen_hidden_resi_blocks[0].hidden_layer/gen_ring_banks[3].ring_bank1/gen_sram_32x16.u_ring_sram/addr0[2]
                                0.04           0.05          -0.01  (VIOLATED)
   n10433                       0.04           0.05          -0.01  (VIOLATED)
       PIN :   gen_hidden_resi_blocks[0].hidden_layer/gen_ring_banks[2].ring_bank1/gen_sram_32x16.u_ring_sram/addr0[2]
                                0.04           0.05          -0.01  (VIOLATED)
   n10434                       0.04           0.05          -0.01  (VIOLATED)
       PIN :   gen_hidden_resi_blocks[0].hidden_layer/gen_ring_banks[1].ring_bank1/gen_sram_32x16.u_ring_sram/addr0[2]
                                0.04           0.05          -0.01  (VIOLATED)
   n10435                       0.04           0.05          -0.01  (VIOLATED)
       PIN :   gen_hidden_resi_blocks[0].hidden_layer/gen_ring_banks[3].ring_bank2/gen_sram_32x16.u_ring_sram/addr0[2]
                                0.04           0.05          -0.01  (VIOLATED)
   n10436                       0.04           0.05          -0.01  (VIOLATED)
       PIN :   gen_hidden_resi_blocks[0].hidden_layer/gen_ring_banks[1].ring_bank2/gen_sram_32x16.u_ring_sram/addr0[2]
                                0.04           0.05          -0.01  (VIOLATED)
   n10437                       0.04           0.05          -0.01  (VIOLATED)
       PIN :   gen_hidden_resi_blocks[0].hidden_layer/gen_ring_banks[0].ring_bank2/gen_sram_32x16.u_ring_sram/addr0[2]
                                0.04           0.05          -0.01  (VIOLATED)
   n10410                       0.04           0.05          -0.01  (VIOLATED)
       PIN :   gen_hidden_resi_blocks[1].hidden_layer/gen_ring_banks[0].ring_bank1/gen_sram_32x16.u_ring_sram/addr0[3]
                                0.04           0.05          -0.01  (VIOLATED)
   n10411                       0.04           0.05          -0.01  (VIOLATED)
       PIN :   gen_hidden_resi_blocks[1].hidden_layer/gen_ring_banks[3].ring_bank1/gen_sram_32x16.u_ring_sram/addr0[3]
                                0.04           0.05          -0.01  (VIOLATED)
   n10412                       0.04           0.05          -0.01  (VIOLATED)
       PIN :   gen_hidden_resi_blocks[1].hidden_layer/gen_ring_banks[2].ring_bank1/gen_sram_32x16.u_ring_sram/addr0[3]
                                0.04           0.05          -0.01  (VIOLATED)
   n10413                       0.04           0.05          -0.01  (VIOLATED)
       PIN :   gen_hidden_resi_blocks[1].hidden_layer/gen_ring_banks[1].ring_bank1/gen_sram_32x16.u_ring_sram/addr0[3]
                                0.04           0.05          -0.01  (VIOLATED)
   n10414                       0.04           0.05          -0.01  (VIOLATED)
       PIN :   gen_hidden_resi_blocks[2].hidden_layer/gen_ring_banks[0].ring_bank1/gen_sram_32x32.u_ring_sram/addr0[4]
                                0.04           0.05          -0.01  (VIOLATED)
   n10415                       0.04           0.05          -0.01  (VIOLATED)
       PIN :   gen_hidden_resi_blocks[2].hidden_layer/gen_ring_banks[1].ring_bank1/gen_sram_32x32.u_ring_sram/addr0[4]
                                0.04           0.05          -0.01  (VIOLATED)
   n10416                       0.04           0.05          -0.01  (VIOLATED)
       PIN :   gen_hidden_resi_blocks[4].hidden_layer/gen_ring_banks[1].ring_bank1/gen_sram_32x128.u_ring_sram/addr0[6]
                                0.04           0.05          -0.01  (VIOLATED)
   n10426                       0.04           0.05          -0.01  (VIOLATED)
       PIN :   gen_hidden_resi_blocks[2].hidden_layer/gen_ring_banks[3].ring_bank1/gen_sram_32x32.u_ring_sram/addr0[4]
                                0.04           0.05          -0.01  (VIOLATED)
   n10427                       0.04           0.05          -0.01  (VIOLATED)
       PIN :   gen_hidden_resi_blocks[2].hidden_layer/gen_ring_banks[2].ring_bank1/gen_sram_32x32.u_ring_sram/addr0[4]
                                0.04           0.05          -0.01  (VIOLATED)
   n10428                       0.04           0.05          -0.01  (VIOLATED)
       PIN :   gen_hidden_resi_blocks[3].hidden_layer/gen_ring_banks[1].ring_bank1/gen_sram_32x64.u_ring_sram/addr0[5]
                                0.04           0.05          -0.01  (VIOLATED)
   n10429                       0.04           0.05          -0.01  (VIOLATED)
       PIN :   gen_hidden_resi_blocks[3].hidden_layer/gen_ring_banks[0].ring_bank2/gen_sram_32x64.u_ring_sram/addr0[5]
                                0.04           0.05          -0.01  (VIOLATED)
   n10430                       0.04           0.05          -0.01  (VIOLATED)
       PIN :   gen_hidden_resi_blocks[4].hidden_layer/gen_ring_banks[0].ring_bank2/gen_sram_32x128.u_ring_sram/addr0[6]
                                0.04           0.05          -0.01  (VIOLATED)
   n10264                       0.04           0.05          -0.01  (VIOLATED)
       PIN :   input_layer/gen_input_ring_banks[1].ring_bank1/gen_sram_32x16.u_ring_sram/addr0[1]
                                0.04           0.05          -0.01  (VIOLATED)
   n10265                       0.04           0.05          -0.01  (VIOLATED)
       PIN :   input_layer/gen_input_ring_banks[0].ring_bank1/gen_sram_32x16.u_ring_sram/addr0[1]
                                0.04           0.05          -0.01  (VIOLATED)
   n10038                       0.04           0.05          -0.01  (VIOLATED)
       PIN :   input_layer/gen_output_ring_banks[0].ring_bank2/gen_sram_32x16.u_ring_sram/addr1[1]
                                0.04           0.05          -0.01  (VIOLATED)
   n9271                        0.04           0.05          -0.01  (VIOLATED)
       PIN :   input_layer/gen_output_ring_banks[1].ring_bank2/gen_sram_32x16.u_ring_sram/addr1[1]
                                0.04           0.05          -0.01  (VIOLATED)
   n9272                        0.04           0.05          -0.01  (VIOLATED)
       PIN :   input_layer/gen_output_ring_banks[2].ring_bank2/gen_sram_32x16.u_ring_sram/addr1[1]
                                0.04           0.05          -0.01  (VIOLATED)
   n9273                        0.04           0.05          -0.01  (VIOLATED)
       PIN :   input_layer/gen_output_ring_banks[3].ring_bank2/gen_sram_32x16.u_ring_sram/addr1[1]
                                0.04           0.05          -0.01  (VIOLATED)
   n9301                        0.04           0.05          -0.01  (VIOLATED)
       PIN :   gen_hidden_resi_blocks[3].hidden_layer/gen_ring_banks[1].ring_bank1/gen_sram_32x64.u_ring_sram/addr1[5]
                                0.04           0.05          -0.01  (VIOLATED)
   n9302                        0.04           0.05          -0.01  (VIOLATED)
       PIN :   gen_hidden_resi_blocks[2].hidden_layer/gen_ring_banks[2].ring_bank1/gen_sram_32x32.u_ring_sram/addr1[4]
                                0.04           0.05          -0.01  (VIOLATED)
   n9261                        0.04           0.05          -0.01  (VIOLATED)
       PIN :   gen_hidden_resi_blocks[0].hidden_layer/gen_ring_banks[2].ring_bank2/gen_sram_32x16.u_ring_sram/addr1[2]
                                0.04           0.05          -0.01  (VIOLATED)
   n10060                       0.04           0.05          -0.01  (VIOLATED)
       PIN :   gen_hidden_resi_blocks[4].hidden_layer/gen_ring_banks[1].ring_bank1/gen_sram_32x128.u_ring_sram/addr1[0]
                                0.04           0.05          -0.01  (VIOLATED)
   n10061                       0.04           0.05          -0.01  (VIOLATED)
       PIN :   gen_hidden_resi_blocks[4].hidden_layer/gen_ring_banks[2].ring_bank1/gen_sram_32x128.u_ring_sram/addr1[0]
                                0.04           0.05          -0.01  (VIOLATED)
   n10062                       0.04           0.05          -0.01  (VIOLATED)
       PIN :   gen_hidden_resi_blocks[4].hidden_layer/gen_ring_banks[3].ring_bank1/gen_sram_32x128.u_ring_sram/addr1[0]
                                0.04           0.05          -0.01  (VIOLATED)
   n10063                       0.04           0.05          -0.01  (VIOLATED)
       PIN :   gen_hidden_resi_blocks[4].hidden_layer/gen_ring_banks[0].ring_bank1/gen_sram_32x128.u_ring_sram/addr1[0]
                                0.04           0.05          -0.01  (VIOLATED)
   n10235                       0.04           0.05          -0.01  (VIOLATED)
       PIN :   gen_hidden_resi_blocks[1].hidden_layer/gen_ring_banks[0].ring_bank1/gen_sram_32x16.u_ring_sram/addr1[0]
                                0.04           0.05          -0.01  (VIOLATED)
   n10236                       0.04           0.05          -0.01  (VIOLATED)
       PIN :   gen_hidden_resi_blocks[1].hidden_layer/gen_ring_banks[3].ring_bank1/gen_sram_32x16.u_ring_sram/addr1[0]
                                0.04           0.05          -0.01  (VIOLATED)
   n10237                       0.04           0.05          -0.01  (VIOLATED)
       PIN :   gen_hidden_resi_blocks[1].hidden_layer/gen_ring_banks[2].ring_bank1/gen_sram_32x16.u_ring_sram/addr1[0]
                                0.04           0.05          -0.01  (VIOLATED)
   n10238                       0.04           0.05          -0.01  (VIOLATED)
       PIN :   gen_hidden_resi_blocks[1].hidden_layer/gen_ring_banks[1].ring_bank1/gen_sram_32x16.u_ring_sram/addr1[0]
                                0.04           0.05          -0.01  (VIOLATED)
   n10249                       0.04           0.05          -0.01  (VIOLATED)
       PIN :   gen_hidden_resi_blocks[1].hidden_layer/gen_ring_banks[0].ring_bank1/gen_sram_32x16.u_ring_sram/addr1[1]
                                0.04           0.05          -0.01  (VIOLATED)
   n10250                       0.04           0.05          -0.01  (VIOLATED)
       PIN :   gen_hidden_resi_blocks[1].hidden_layer/gen_ring_banks[3].ring_bank1/gen_sram_32x16.u_ring_sram/addr1[1]
                                0.04           0.05          -0.01  (VIOLATED)
   n10251                       0.04           0.05          -0.01  (VIOLATED)
       PIN :   gen_hidden_resi_blocks[1].hidden_layer/gen_ring_banks[2].ring_bank1/gen_sram_32x16.u_ring_sram/addr1[1]
                                0.04           0.05          -0.01  (VIOLATED)
   n10252                       0.04           0.05          -0.01  (VIOLATED)
       PIN :   gen_hidden_resi_blocks[1].hidden_layer/gen_ring_banks[1].ring_bank1/gen_sram_32x16.u_ring_sram/addr1[1]
                                0.04           0.05          -0.01  (VIOLATED)
   n10239                       0.04           0.05          -0.01  (VIOLATED)
       PIN :   gen_hidden_resi_blocks[5].hidden_layer/gen_ring_banks[1].ring_bank2/gen_sram_32x256.u_ring_sram/addr1[0]
                                0.04           0.05          -0.01  (VIOLATED)
   n10240                       0.04           0.05          -0.01  (VIOLATED)
       PIN :   gen_hidden_resi_blocks[5].hidden_layer/gen_ring_banks[1].ring_bank1/gen_sram_32x256.u_ring_sram/addr1[0]
                                0.04           0.05          -0.01  (VIOLATED)
   n10242                       0.04           0.05          -0.01  (VIOLATED)
       PIN :   gen_hidden_resi_blocks[2].hidden_layer/gen_ring_banks[3].ring_bank2/gen_sram_32x32.u_ring_sram/addr1[2]
                                0.04           0.05          -0.01  (VIOLATED)
   n10244                       0.04           0.05          -0.01  (VIOLATED)
       PIN :   gen_hidden_resi_blocks[2].hidden_layer/gen_ring_banks[2].ring_bank2/gen_sram_32x32.u_ring_sram/addr1[2]
                                0.04           0.05          -0.01  (VIOLATED)
   n10246                       0.04           0.05          -0.01  (VIOLATED)
       PIN :   gen_hidden_resi_blocks[2].hidden_layer/gen_ring_banks[1].ring_bank2/gen_sram_32x32.u_ring_sram/addr1[2]
                                0.04           0.05          -0.01  (VIOLATED)
   n10248                       0.04           0.05          -0.01  (VIOLATED)
       PIN :   gen_hidden_resi_blocks[2].hidden_layer/gen_ring_banks[0].ring_bank2/gen_sram_32x32.u_ring_sram/addr1[2]
                                0.04           0.05          -0.01  (VIOLATED)
   n10241                       0.04           0.05          -0.01  (VIOLATED)
       PIN :   gen_hidden_resi_blocks[2].hidden_layer/gen_ring_banks[0].ring_bank1/gen_sram_32x32.u_ring_sram/addr1[2]
                                0.04           0.05          -0.01  (VIOLATED)
   n10243                       0.04           0.05          -0.01  (VIOLATED)
       PIN :   gen_hidden_resi_blocks[2].hidden_layer/gen_ring_banks[3].ring_bank1/gen_sram_32x32.u_ring_sram/addr1[2]
                                0.04           0.05          -0.01  (VIOLATED)
   n10245                       0.04           0.05          -0.01  (VIOLATED)
       PIN :   gen_hidden_resi_blocks[2].hidden_layer/gen_ring_banks[2].ring_bank1/gen_sram_32x32.u_ring_sram/addr1[2]
                                0.04           0.05          -0.01  (VIOLATED)
   n10247                       0.04           0.05          -0.01  (VIOLATED)
       PIN :   gen_hidden_resi_blocks[2].hidden_layer/gen_ring_banks[1].ring_bank1/gen_sram_32x32.u_ring_sram/addr1[2]
                                0.04           0.05          -0.01  (VIOLATED)
   n10091                       0.04           0.05          -0.01  (VIOLATED)
       PIN :   gen_hidden_resi_blocks[5].hidden_layer/gen_ring_banks[0].ring_bank2/gen_sram_32x256.u_ring_sram/addr1[1]
                                0.04           0.05          -0.01  (VIOLATED)
   n10092                       0.04           0.05          -0.01  (VIOLATED)
       PIN :   gen_hidden_resi_blocks[5].hidden_layer/gen_ring_banks[1].ring_bank2/gen_sram_32x256.u_ring_sram/addr1[1]
                                0.04           0.05          -0.01  (VIOLATED)
   n10093                       0.04           0.05          -0.01  (VIOLATED)
       PIN :   gen_hidden_resi_blocks[5].hidden_layer/gen_ring_banks[2].ring_bank2/gen_sram_32x256.u_ring_sram/addr1[1]
                                0.04           0.05          -0.01  (VIOLATED)
   n10094                       0.04           0.05          -0.01  (VIOLATED)
       PIN :   gen_hidden_resi_blocks[5].hidden_layer/gen_ring_banks[3].ring_bank2/gen_sram_32x256.u_ring_sram/addr1[1]
                                0.04           0.05          -0.01  (VIOLATED)
   n10077                       0.04           0.05          -0.01  (VIOLATED)
       PIN :   gen_hidden_resi_blocks[3].hidden_layer/gen_ring_banks[0].ring_bank1/gen_sram_32x64.u_ring_sram/addr1[2]
                                0.04           0.05          -0.01  (VIOLATED)
   n10076                       0.04           0.05          -0.01  (VIOLATED)
       PIN :   gen_hidden_resi_blocks[3].hidden_layer/gen_ring_banks[3].ring_bank1/gen_sram_32x64.u_ring_sram/addr1[2]
                                0.04           0.05          -0.01  (VIOLATED)
   n10086                       0.04           0.05          -0.01  (VIOLATED)
       PIN :   gen_hidden_resi_blocks[4].hidden_layer/gen_ring_banks[2].ring_bank2/gen_sram_32x128.u_ring_sram/addr1[0]
                                0.04           0.05          -0.01  (VIOLATED)
   n10088                       0.04           0.05          -0.01  (VIOLATED)
       PIN :   gen_hidden_resi_blocks[4].hidden_layer/gen_ring_banks[0].ring_bank2/gen_sram_32x128.u_ring_sram/addr1[0]
                                0.04           0.05          -0.01  (VIOLATED)
   n10074                       0.04           0.05          -0.01  (VIOLATED)
       PIN :   gen_hidden_resi_blocks[3].hidden_layer/gen_ring_banks[1].ring_bank1/gen_sram_32x64.u_ring_sram/addr1[2]
                                0.04           0.05          -0.01  (VIOLATED)
   n10075                       0.04           0.05          -0.01  (VIOLATED)
       PIN :   gen_hidden_resi_blocks[3].hidden_layer/gen_ring_banks[2].ring_bank1/gen_sram_32x64.u_ring_sram/addr1[2]
                                0.04           0.05          -0.01  (VIOLATED)
   n10067                       0.04           0.05          -0.01  (VIOLATED)
       PIN :   gen_hidden_resi_blocks[3].hidden_layer/gen_ring_banks[3].ring_bank1/gen_sram_32x64.u_ring_sram/addr1[0]
                                0.04           0.05          -0.01  (VIOLATED)
   n10071                       0.04           0.05          -0.01  (VIOLATED)
       PIN :   gen_hidden_resi_blocks[3].hidden_layer/gen_ring_banks[1].ring_bank2/gen_sram_32x64.u_ring_sram/addr1[2]
                                0.04           0.05          -0.01  (VIOLATED)
   n10072                       0.04           0.05          -0.01  (VIOLATED)
       PIN :   gen_hidden_resi_blocks[3].hidden_layer/gen_ring_banks[2].ring_bank2/gen_sram_32x64.u_ring_sram/addr1[2]
                                0.04           0.05          -0.01  (VIOLATED)
   n10073                       0.04           0.05          -0.01  (VIOLATED)
       PIN :   gen_hidden_resi_blocks[3].hidden_layer/gen_ring_banks[3].ring_bank2/gen_sram_32x64.u_ring_sram/addr1[2]
                                0.04           0.05          -0.01  (VIOLATED)
   n10219                       0.04           0.05          -0.01  (VIOLATED)
       PIN :   gen_hidden_resi_blocks[4].hidden_layer/gen_ring_banks[0].ring_bank1/gen_sram_32x128.u_ring_sram/addr1[3]
                                0.04           0.05          -0.01  (VIOLATED)
   n10220                       0.04           0.05          -0.01  (VIOLATED)
       PIN :   gen_hidden_resi_blocks[5].hidden_layer/gen_ring_banks[0].ring_bank1/gen_sram_32x256.u_ring_sram/addr1[4]
                                0.04           0.05          -0.01  (VIOLATED)
   n10221                       0.04           0.05          -0.01  (VIOLATED)
       PIN :   gen_hidden_resi_blocks[4].hidden_layer/gen_ring_banks[3].ring_bank2/gen_sram_32x128.u_ring_sram/addr1[3]
                                0.04           0.05          -0.01  (VIOLATED)
   n10222                       0.04           0.05          -0.01  (VIOLATED)
       PIN :   gen_hidden_resi_blocks[4].hidden_layer/gen_ring_banks[3].ring_bank1/gen_sram_32x128.u_ring_sram/addr1[3]
                                0.04           0.05          -0.01  (VIOLATED)
   n10223                       0.04           0.05          -0.01  (VIOLATED)
       PIN :   gen_hidden_resi_blocks[4].hidden_layer/gen_ring_banks[2].ring_bank2/gen_sram_32x128.u_ring_sram/addr1[3]
                                0.04           0.05          -0.01  (VIOLATED)
   n10224                       0.04           0.05          -0.01  (VIOLATED)
       PIN :   gen_hidden_resi_blocks[4].hidden_layer/gen_ring_banks[2].ring_bank1/gen_sram_32x128.u_ring_sram/addr1[3]
                                0.04           0.05          -0.01  (VIOLATED)
   n10225                       0.04           0.05          -0.01  (VIOLATED)
       PIN :   gen_hidden_resi_blocks[4].hidden_layer/gen_ring_banks[1].ring_bank2/gen_sram_32x128.u_ring_sram/addr1[3]
                                0.04           0.05          -0.01  (VIOLATED)
   n10226                       0.04           0.05          -0.01  (VIOLATED)
       PIN :   gen_hidden_resi_blocks[4].hidden_layer/gen_ring_banks[1].ring_bank1/gen_sram_32x128.u_ring_sram/addr1[3]
                                0.04           0.05          -0.01  (VIOLATED)
   n10227                       0.04           0.05          -0.01  (VIOLATED)
       PIN :   gen_hidden_resi_blocks[4].hidden_layer/gen_ring_banks[0].ring_bank2/gen_sram_32x128.u_ring_sram/addr1[3]
                                0.04           0.05          -0.01  (VIOLATED)
   n10228                       0.04           0.05          -0.01  (VIOLATED)
       PIN :   gen_hidden_resi_blocks[5].hidden_layer/gen_ring_banks[3].ring_bank2/gen_sram_32x256.u_ring_sram/addr1[4]
                                0.04           0.05          -0.01  (VIOLATED)
   n10229                       0.04           0.05          -0.01  (VIOLATED)
       PIN :   gen_hidden_resi_blocks[5].hidden_layer/gen_ring_banks[3].ring_bank1/gen_sram_32x256.u_ring_sram/addr1[4]
                                0.04           0.05          -0.01  (VIOLATED)
   n10230                       0.04           0.05          -0.01  (VIOLATED)
       PIN :   gen_hidden_resi_blocks[5].hidden_layer/gen_ring_banks[2].ring_bank2/gen_sram_32x256.u_ring_sram/addr1[4]
                                0.04           0.05          -0.01  (VIOLATED)
   n10231                       0.04           0.05          -0.01  (VIOLATED)
       PIN :   gen_hidden_resi_blocks[5].hidden_layer/gen_ring_banks[2].ring_bank1/gen_sram_32x256.u_ring_sram/addr1[4]
                                0.04           0.05          -0.01  (VIOLATED)
   n10232                       0.04           0.05          -0.01  (VIOLATED)
       PIN :   gen_hidden_resi_blocks[5].hidden_layer/gen_ring_banks[1].ring_bank2/gen_sram_32x256.u_ring_sram/addr1[4]
                                0.04           0.05          -0.01  (VIOLATED)
   n10233                       0.04           0.05          -0.01  (VIOLATED)
       PIN :   gen_hidden_resi_blocks[5].hidden_layer/gen_ring_banks[1].ring_bank1/gen_sram_32x256.u_ring_sram/addr1[4]
                                0.04           0.05          -0.01  (VIOLATED)
   n10234                       0.04           0.05          -0.01  (VIOLATED)
       PIN :   gen_hidden_resi_blocks[5].hidden_layer/gen_ring_banks[0].ring_bank2/gen_sram_32x256.u_ring_sram/addr1[4]
                                0.04           0.05          -0.01  (VIOLATED)
   n10068                       0.04           0.05          -0.01  (VIOLATED)
       PIN :   gen_hidden_resi_blocks[3].hidden_layer/gen_ring_banks[0].ring_bank1/gen_sram_32x64.u_ring_sram/addr1[0]
                                0.04           0.05          -0.01  (VIOLATED)
   n10085                       0.04           0.05          -0.01  (VIOLATED)
       PIN :   gen_hidden_resi_blocks[1].hidden_layer/gen_ring_banks[1].ring_bank2/gen_sram_32x16.u_ring_sram/addr1[0]
                                0.04           0.05          -0.01  (VIOLATED)
   n10064                       0.04           0.05          -0.01  (VIOLATED)
       PIN :   gen_hidden_resi_blocks[2].hidden_layer/gen_ring_banks[2].ring_bank1/gen_sram_32x32.u_ring_sram/addr1[1]
                                0.04           0.05          -0.01  (VIOLATED)
   n10065                       0.04           0.05          -0.01  (VIOLATED)
       PIN :   gen_hidden_resi_blocks[2].hidden_layer/gen_ring_banks[3].ring_bank1/gen_sram_32x32.u_ring_sram/addr1[1]
                                0.04           0.05          -0.01  (VIOLATED)
   n10066                       0.04           0.05          -0.01  (VIOLATED)
       PIN :   gen_hidden_resi_blocks[2].hidden_layer/gen_ring_banks[0].ring_bank1/gen_sram_32x32.u_ring_sram/addr1[1]
                                0.04           0.05          -0.01  (VIOLATED)
   n10084                       0.04           0.05          -0.01  (VIOLATED)
       PIN :   gen_hidden_resi_blocks[2].hidden_layer/gen_ring_banks[1].ring_bank1/gen_sram_32x32.u_ring_sram/addr1[1]
                                0.04           0.05          -0.01  (VIOLATED)
   n10070                       0.04           0.05          -0.01  (VIOLATED)
       PIN :   gen_hidden_resi_blocks[3].hidden_layer/gen_ring_banks[0].ring_bank2/gen_sram_32x64.u_ring_sram/addr1[2]
                                0.04           0.05          -0.01  (VIOLATED)
   n9263                        0.04           0.05          -0.01  (VIOLATED)
       PIN :   gen_hidden_resi_blocks[5].hidden_layer/gen_ring_banks[1].ring_bank1/gen_sram_32x256.u_ring_sram/addr1[3]
                                0.04           0.05          -0.01  (VIOLATED)
   n9264                        0.04           0.05          -0.01  (VIOLATED)
       PIN :   gen_hidden_resi_blocks[5].hidden_layer/gen_ring_banks[2].ring_bank1/gen_sram_32x256.u_ring_sram/addr1[3]
                                0.04           0.05          -0.01  (VIOLATED)
   n9265                        0.04           0.05          -0.01  (VIOLATED)
       PIN :   gen_hidden_resi_blocks[5].hidden_layer/gen_ring_banks[3].ring_bank1/gen_sram_32x256.u_ring_sram/addr1[3]
                                0.04           0.05          -0.01  (VIOLATED)
   n9266                        0.04           0.05          -0.01  (VIOLATED)
       PIN :   gen_hidden_resi_blocks[5].hidden_layer/gen_ring_banks[0].ring_bank1/gen_sram_32x256.u_ring_sram/addr1[3]
                                0.04           0.05          -0.01  (VIOLATED)
   n9267                        0.04           0.05          -0.01  (VIOLATED)
       PIN :   gen_hidden_resi_blocks[4].hidden_layer/gen_ring_banks[0].ring_bank2/gen_sram_32x128.u_ring_sram/addr1[2]
                                0.04           0.05          -0.01  (VIOLATED)
   n9268                        0.04           0.05          -0.01  (VIOLATED)
       PIN :   gen_hidden_resi_blocks[4].hidden_layer/gen_ring_banks[1].ring_bank2/gen_sram_32x128.u_ring_sram/addr1[2]
                                0.04           0.05          -0.01  (VIOLATED)
   n9269                        0.04           0.05          -0.01  (VIOLATED)
       PIN :   gen_hidden_resi_blocks[4].hidden_layer/gen_ring_banks[2].ring_bank2/gen_sram_32x128.u_ring_sram/addr1[2]
                                0.04           0.05          -0.01  (VIOLATED)
   n9270                        0.04           0.05          -0.01  (VIOLATED)
       PIN :   gen_hidden_resi_blocks[4].hidden_layer/gen_ring_banks[3].ring_bank2/gen_sram_32x128.u_ring_sram/addr1[2]
                                0.04           0.05          -0.01  (VIOLATED)
   n10095                       0.04           0.05          -0.01  (VIOLATED)
       PIN :   gen_hidden_resi_blocks[4].hidden_layer/gen_ring_banks[1].ring_bank1/gen_sram_32x128.u_ring_sram/addr1[2]
                                0.04           0.05          -0.01  (VIOLATED)
   n10069                       0.04           0.05          -0.01  (VIOLATED)
       PIN :   gen_hidden_resi_blocks[3].hidden_layer/gen_ring_banks[0].ring_bank2/gen_sram_32x64.u_ring_sram/addr1[0]
                                0.04           0.05          -0.01  (VIOLATED)
   n10078                       0.04           0.05          -0.01  (VIOLATED)
       PIN :   input_layer/gen_input_ring_banks[0].ring_bank1/gen_sram_32x16.u_ring_sram/addr1[0]
                                0.04           0.05          -0.01  (VIOLATED)
   n10079                       0.04           0.05          -0.01  (VIOLATED)
       PIN :   input_layer/gen_input_ring_banks[1].ring_bank1/gen_sram_32x16.u_ring_sram/addr1[0]
                                0.04           0.05          -0.01  (VIOLATED)
   n10087                       0.04           0.05          -0.01  (VIOLATED)
       PIN :   gen_hidden_resi_blocks[3].hidden_layer/gen_ring_banks[2].ring_bank2/gen_sram_32x64.u_ring_sram/addr1[0]
                                0.04           0.05          -0.01  (VIOLATED)
   n10080                       0.04           0.05          -0.01  (VIOLATED)
       PIN :   gen_hidden_resi_blocks[2].hidden_layer/gen_ring_banks[0].ring_bank2/gen_sram_32x32.u_ring_sram/addr1[1]
                                0.04           0.05          -0.01  (VIOLATED)
   n10081                       0.04           0.05          -0.01  (VIOLATED)
       PIN :   gen_hidden_resi_blocks[2].hidden_layer/gen_ring_banks[1].ring_bank2/gen_sram_32x32.u_ring_sram/addr1[1]
                                0.04           0.05          -0.01  (VIOLATED)
   n10082                       0.04           0.05          -0.01  (VIOLATED)
       PIN :   gen_hidden_resi_blocks[2].hidden_layer/gen_ring_banks[2].ring_bank2/gen_sram_32x32.u_ring_sram/addr1[1]
                                0.04           0.05          -0.01  (VIOLATED)
   n10083                       0.04           0.05          -0.01  (VIOLATED)
       PIN :   gen_hidden_resi_blocks[2].hidden_layer/gen_ring_banks[3].ring_bank2/gen_sram_32x32.u_ring_sram/addr1[1]
                                0.04           0.05          -0.01  (VIOLATED)
   n9262                        0.04           0.05          -0.01  (VIOLATED)
       PIN :   gen_hidden_resi_blocks[1].hidden_layer/gen_ring_banks[0].ring_bank2/gen_sram_32x16.u_ring_sram/addr1[0]
                                0.04           0.05          -0.01  (VIOLATED)
   n10089                       0.04           0.05          -0.01  (VIOLATED)
       PIN :   gen_hidden_resi_blocks[1].hidden_layer/gen_ring_banks[2].ring_bank2/gen_sram_32x16.u_ring_sram/addr1[0]
                                0.04           0.05          -0.01  (VIOLATED)
   n10090                       0.04           0.05          -0.01  (VIOLATED)
       PIN :   gen_hidden_resi_blocks[1].hidden_layer/gen_ring_banks[3].ring_bank2/gen_sram_32x16.u_ring_sram/addr1[0]
                                0.04           0.05          -0.01  (VIOLATED)
   n9248                        0.04           0.05          -0.01  (VIOLATED)
       PIN :   gen_hidden_resi_blocks[3].hidden_layer/gen_ring_banks[3].ring_bank2/gen_sram_32x64.u_ring_sram/addr1[0]
                                0.04           0.05          -0.01  (VIOLATED)
   n9249                        0.04           0.05          -0.01  (VIOLATED)
       PIN :   gen_hidden_resi_blocks[3].hidden_layer/gen_ring_banks[1].ring_bank2/gen_sram_32x64.u_ring_sram/addr1[0]
                                0.04           0.05          -0.01  (VIOLATED)
   n9250                        0.04           0.05          -0.01  (VIOLATED)
       PIN :   gen_hidden_resi_blocks[3].hidden_layer/gen_ring_banks[1].ring_bank1/gen_sram_32x64.u_ring_sram/addr1[0]
                                0.04           0.05          -0.01  (VIOLATED)
   n9251                        0.04           0.05          -0.01  (VIOLATED)
       PIN :   gen_hidden_resi_blocks[3].hidden_layer/gen_ring_banks[2].ring_bank1/gen_sram_32x64.u_ring_sram/addr1[0]
                                0.04           0.05          -0.01  (VIOLATED)
   gen_hidden_resi_blocks[5].hidden_layer/useReadVals2
                                1.50           1.51          -0.01  (VIOLATED)
       PIN :   U17169/A1_N      1.50           1.51          -0.01  (VIOLATED)
       PIN :   U18464/B1        1.50           1.51          -0.01  (VIOLATED)
       PIN :   U18465/B1        1.50           1.51          -0.01  (VIOLATED)
       PIN :   U18680/B1        1.50           1.51          -0.01  (VIOLATED)
       PIN :   U18681/B1        1.50           1.51          -0.01  (VIOLATED)
       PIN :   U18682/B1        1.50           1.51          -0.01  (VIOLATED)
       PIN :   U18683/B1        1.50           1.51          -0.01  (VIOLATED)
       PIN :   U18684/B1        1.50           1.51          -0.01  (VIOLATED)
       PIN :   U18685/B1        1.50           1.51          -0.01  (VIOLATED)
       PIN :   U18694/B1        1.50           1.51          -0.01  (VIOLATED)
       PIN :   U18866/B1        1.50           1.51          -0.01  (VIOLATED)
       PIN :   U18867/B1        1.50           1.51          -0.01  (VIOLATED)
       PIN :   U19434/B1        1.50           1.51          -0.01  (VIOLATED)
       PIN :   U19457/B1        1.50           1.51          -0.01  (VIOLATED)
       PIN :   U19460/B1        1.50           1.51          -0.01  (VIOLATED)
       PIN :   U19461/B1        1.50           1.51          -0.01  (VIOLATED)
       PIN :   U19482/B1        1.50           1.51          -0.01  (VIOLATED)
       PIN :   U19603/B1        1.50           1.51          -0.01  (VIOLATED)
       PIN :   U19604/B1        1.50           1.51          -0.01  (VIOLATED)
       PIN :   U19665/B1        1.50           1.51          -0.01  (VIOLATED)
       PIN :   U19690/B1        1.50           1.51          -0.01  (VIOLATED)
       PIN :   U19803/B1        1.50           1.51          -0.01  (VIOLATED)
       PIN :   U19948/B1        1.50           1.51          -0.01  (VIOLATED)
       PIN :   U19949/B1        1.50           1.51          -0.01  (VIOLATED)
       PIN :   U19983/B1        1.50           1.51          -0.01  (VIOLATED)
       PIN :   U20128/B1        1.50           1.51          -0.01  (VIOLATED)
       PIN :   U20216/B1        1.50           1.51          -0.01  (VIOLATED)
       PIN :   U20566/B1        1.50           1.51          -0.01  (VIOLATED)
       PIN :   U20670/B1        1.50           1.51          -0.01  (VIOLATED)
       PIN :   U20684/B1        1.50           1.51          -0.01  (VIOLATED)
       PIN :   U20697/B1        1.50           1.51          -0.01  (VIOLATED)
       PIN :   U20699/A1_N      1.50           1.51          -0.01  (VIOLATED)
       PIN :   U20702/B1        1.50           1.51          -0.01  (VIOLATED)
       PIN :   U20710/B1        1.50           1.51          -0.01  (VIOLATED)
       PIN :   U20720/B1        1.50           1.51          -0.01  (VIOLATED)
       PIN :   U20736/B1        1.50           1.51          -0.01  (VIOLATED)
       PIN :   U20735/B1        1.50           1.51          -0.01  (VIOLATED)
       PIN :   U20739/B1        1.50           1.51          -0.01  (VIOLATED)
       PIN :   U20741/B1        1.50           1.51          -0.01  (VIOLATED)
       PIN :   U20740/B1        1.50           1.51          -0.01  (VIOLATED)
       PIN :   U20757/B1        1.50           1.51          -0.01  (VIOLATED)
       PIN :   U20890/B1        1.50           1.51          -0.01  (VIOLATED)
       PIN :   U20891/B1        1.50           1.51          -0.01  (VIOLATED)
       PIN :   U21635/B1        1.50           1.51          -0.01  (VIOLATED)
       PIN :   U21782/B1        1.50           1.51          -0.01  (VIOLATED)
       PIN :   U21802/B1        1.50           1.51          -0.01  (VIOLATED)
       PIN :   U21803/B1        1.50           1.51          -0.01  (VIOLATED)
       PIN :   U21804/B1        1.50           1.51          -0.01  (VIOLATED)
       PIN :   U21805/B1        1.50           1.51          -0.01  (VIOLATED)
       PIN :   U21822/B1        1.50           1.51          -0.01  (VIOLATED)
       PIN :   U21828/B1        1.50           1.51          -0.01  (VIOLATED)
       PIN :   U21829/B1        1.50           1.51          -0.01  (VIOLATED)
       PIN :   U21838/B1        1.50           1.51          -0.01  (VIOLATED)
       PIN :   U21860/B1        1.50           1.51          -0.01  (VIOLATED)
       PIN :   U21863/B1        1.50           1.51          -0.01  (VIOLATED)
       PIN :   U21864/B1        1.50           1.51          -0.01  (VIOLATED)
       PIN :   U21865/B1        1.50           1.51          -0.01  (VIOLATED)
       PIN :   U21866/B1        1.50           1.51          -0.01  (VIOLATED)
       PIN :   U21867/B1        1.50           1.51          -0.01  (VIOLATED)
       PIN :   U21868/B1        1.50           1.51          -0.01  (VIOLATED)
       PIN :   U21869/B1        1.50           1.51          -0.01  (VIOLATED)
       PIN :   U22341/B1        1.50           1.51          -0.01  (VIOLATED)
       PIN :   U25178/B1        1.50           1.51          -0.01  (VIOLATED)
       PIN :   U32930/A         1.50           1.51          -0.01  (VIOLATED)
       PIN :   U32935/A         1.50           1.51          -0.01  (VIOLATED)
       PIN :   U33284/A         1.50           1.51          -0.01  (VIOLATED)
       PIN :   U34020/B1        1.50           1.51          -0.01  (VIOLATED)
       PIN :   U34033/B1        1.50           1.51          -0.01  (VIOLATED)
       PIN :   U34042/B1        1.50           1.51          -0.01  (VIOLATED)
       PIN :   U34049/B1        1.50           1.51          -0.01  (VIOLATED)
       PIN :   U34055/B1        1.50           1.51          -0.01  (VIOLATED)
       PIN :   U34106/B1        1.50           1.51          -0.01  (VIOLATED)
       PIN :   U34122/B1        1.50           1.51          -0.01  (VIOLATED)
       PIN :   U94085/B         1.50           1.51          -0.01  (VIOLATED)
       PIN :   U116523/A1       1.50           1.51          -0.01  (VIOLATED)
       PIN :   U25179/B1        1.50           1.51          -0.01  (VIOLATED)
       PIN :   U25180/B1        1.50           1.51          -0.01  (VIOLATED)
       PIN :   U25183/B1        1.50           1.51          -0.01  (VIOLATED)
       PIN :   U25231/B1        1.50           1.51          -0.01  (VIOLATED)
       PIN :   U25232/B1        1.50           1.51          -0.01  (VIOLATED)
       PIN :   U32928/A         1.50           1.51          -0.01  (VIOLATED)
       PIN :   U32937/B1        1.50           1.51          -0.01  (VIOLATED)
       PIN :   U33043/A1_N      1.50           1.51          -0.01  (VIOLATED)
       PIN :   U33048/A1_N      1.50           1.51          -0.01  (VIOLATED)
       PIN :   U33050/A1_N      1.50           1.51          -0.01  (VIOLATED)
       PIN :   U34029/B1        1.50           1.51          -0.01  (VIOLATED)
       PIN :   U34067/B1        1.50           1.51          -0.01  (VIOLATED)
       PIN :   U34075/B1        1.50           1.51          -0.01  (VIOLATED)
       PIN :   U34083/B1        1.50           1.51          -0.01  (VIOLATED)
       PIN :   U34092/B1        1.50           1.51          -0.01  (VIOLATED)
       PIN :   U34098/B1        1.50           1.51          -0.01  (VIOLATED)
       PIN :   U34114/B1        1.50           1.51          -0.01  (VIOLATED)
       PIN :   U35674/A1_N      1.50           1.51          -0.01  (VIOLATED)
       PIN :   U107763/A1_N     1.50           1.51          -0.01  (VIOLATED)
       PIN :   U107764/A1_N     1.50           1.51          -0.01  (VIOLATED)
       PIN :   U107765/A1_N     1.50           1.51          -0.01  (VIOLATED)
       PIN :   gen_hidden_resi_blocks[5].hidden_layer/mac2_active_reg/Q
                                1.50           1.51          -0.00  (VIOLATED)
   n10274                       0.04           0.05          -0.01  (VIOLATED)
       PIN :   gen_hidden_resi_blocks[4].hidden_layer/gen_ring_banks[1].ring_bank1/gen_sram_32x128.u_ring_sram/addr0[2]
                                0.04           0.05          -0.01  (VIOLATED)
   n10276                       0.04           0.05          -0.01  (VIOLATED)
       PIN :   gen_hidden_resi_blocks[4].hidden_layer/gen_ring_banks[3].ring_bank2/gen_sram_32x128.u_ring_sram/addr0[2]
                                0.04           0.05          -0.01  (VIOLATED)
   n10278                       0.04           0.05          -0.01  (VIOLATED)
       PIN :   gen_hidden_resi_blocks[4].hidden_layer/gen_ring_banks[2].ring_bank2/gen_sram_32x128.u_ring_sram/addr0[2]
                                0.04           0.05          -0.01  (VIOLATED)
   n10280                       0.04           0.05          -0.01  (VIOLATED)
       PIN :   gen_hidden_resi_blocks[4].hidden_layer/gen_ring_banks[1].ring_bank2/gen_sram_32x128.u_ring_sram/addr0[2]
                                0.04           0.05          -0.01  (VIOLATED)
   n10282                       0.04           0.05          -0.01  (VIOLATED)
       PIN :   gen_hidden_resi_blocks[4].hidden_layer/gen_ring_banks[0].ring_bank2/gen_sram_32x128.u_ring_sram/addr0[2]
                                0.04           0.05          -0.01  (VIOLATED)
   n10285                       0.04           0.05          -0.01  (VIOLATED)
       PIN :   gen_hidden_resi_blocks[5].hidden_layer/gen_ring_banks[0].ring_bank1/gen_sram_32x256.u_ring_sram/addr0[3]
                                0.04           0.05          -0.01  (VIOLATED)
   n10287                       0.04           0.05          -0.01  (VIOLATED)
       PIN :   gen_hidden_resi_blocks[5].hidden_layer/gen_ring_banks[3].ring_bank1/gen_sram_32x256.u_ring_sram/addr0[3]
                                0.04           0.05          -0.01  (VIOLATED)
   n10289                       0.04           0.05          -0.01  (VIOLATED)
       PIN :   gen_hidden_resi_blocks[5].hidden_layer/gen_ring_banks[2].ring_bank1/gen_sram_32x256.u_ring_sram/addr0[3]
                                0.04           0.05          -0.01  (VIOLATED)
   n10291                       0.04           0.05          -0.01  (VIOLATED)
       PIN :   gen_hidden_resi_blocks[5].hidden_layer/gen_ring_banks[1].ring_bank1/gen_sram_32x256.u_ring_sram/addr0[3]
                                0.04           0.05          -0.01  (VIOLATED)
   n9380                        0.04           0.05          -0.01  (VIOLATED)
       PIN :   gen_hidden_resi_blocks[5].hidden_layer/gen_ring_banks[1].ring_bank2/gen_sram_32x256.u_ring_sram/addr0[0]
                                0.04           0.05          -0.01  (VIOLATED)
   n9382                        0.04           0.05          -0.01  (VIOLATED)
       PIN :   gen_hidden_resi_blocks[5].hidden_layer/gen_ring_banks[2].ring_bank2/gen_sram_32x256.u_ring_sram/addr0[0]
                                0.04           0.05          -0.01  (VIOLATED)
   n9384                        0.04           0.05          -0.01  (VIOLATED)
       PIN :   gen_hidden_resi_blocks[5].hidden_layer/gen_ring_banks[3].ring_bank2/gen_sram_32x256.u_ring_sram/addr0[0]
                                0.04           0.05          -0.01  (VIOLATED)
   n9386                        0.04           0.05          -0.01  (VIOLATED)
       PIN :   gen_hidden_resi_blocks[5].hidden_layer/gen_ring_banks[1].ring_bank1/gen_sram_32x256.u_ring_sram/addr0[0]
                                0.04           0.05          -0.01  (VIOLATED)
   n10515                       0.04           0.05          -0.01  (VIOLATED)
       PIN :   gen_hidden_resi_blocks[0].hidden_layer/gen_ring_banks[3].ring_bank1/gen_sram_32x16.u_ring_sram/addr0[0]
                                0.04           0.05          -0.01  (VIOLATED)
   n10518                       0.04           0.05          -0.01  (VIOLATED)
       PIN :   gen_hidden_resi_blocks[0].hidden_layer/gen_ring_banks[3].ring_bank2/gen_sram_32x16.u_ring_sram/addr0[0]
                                0.04           0.05          -0.01  (VIOLATED)
   n10316                       0.04           0.05          -0.01  (VIOLATED)
       PIN :   gen_hidden_resi_blocks[4].hidden_layer/gen_ring_banks[0].ring_bank1/gen_sram_32x128.u_ring_sram/addr0[1]
                                0.04           0.05          -0.01  (VIOLATED)
   n10317                       0.04           0.05          -0.01  (VIOLATED)
       PIN :   gen_hidden_resi_blocks[4].hidden_layer/gen_ring_banks[3].ring_bank1/gen_sram_32x128.u_ring_sram/addr0[1]
                                0.04           0.05          -0.01  (VIOLATED)
   n10318                       0.04           0.05          -0.01  (VIOLATED)
       PIN :   gen_hidden_resi_blocks[4].hidden_layer/gen_ring_banks[2].ring_bank1/gen_sram_32x128.u_ring_sram/addr0[1]
                                0.04           0.05          -0.01  (VIOLATED)
   n10319                       0.04           0.05          -0.01  (VIOLATED)
       PIN :   gen_hidden_resi_blocks[4].hidden_layer/gen_ring_banks[1].ring_bank1/gen_sram_32x128.u_ring_sram/addr0[1]
                                0.04           0.05          -0.01  (VIOLATED)
   n10320                       0.04           0.05          -0.01  (VIOLATED)
       PIN :   gen_hidden_resi_blocks[4].hidden_layer/gen_ring_banks[3].ring_bank2/gen_sram_32x128.u_ring_sram/addr0[1]
                                0.04           0.05          -0.01  (VIOLATED)
   n10321                       0.04           0.05          -0.01  (VIOLATED)
       PIN :   gen_hidden_resi_blocks[4].hidden_layer/gen_ring_banks[2].ring_bank2/gen_sram_32x128.u_ring_sram/addr0[1]
                                0.04           0.05          -0.01  (VIOLATED)
   n10322                       0.04           0.05          -0.01  (VIOLATED)
       PIN :   gen_hidden_resi_blocks[4].hidden_layer/gen_ring_banks[1].ring_bank2/gen_sram_32x128.u_ring_sram/addr0[1]
                                0.04           0.05          -0.01  (VIOLATED)
   n10323                       0.04           0.05          -0.01  (VIOLATED)
       PIN :   gen_hidden_resi_blocks[4].hidden_layer/gen_ring_banks[0].ring_bank2/gen_sram_32x128.u_ring_sram/addr0[1]
                                0.04           0.05          -0.01  (VIOLATED)
   gen_hidden_resi_blocks[1].hidden_layer/init_quant1/n6021
                                1.50           1.51          -0.01  (VIOLATED)
       PIN :   gen_hidden_resi_blocks[1].hidden_layer/init_quant1/U2358/B
                                1.50           1.51          -0.01  (VIOLATED)
       PIN :   gen_hidden_resi_blocks[1].hidden_layer/init_quant1/U2148/B
                                1.50           1.51          -0.01  (VIOLATED)
       PIN :   gen_hidden_resi_blocks[1].hidden_layer/init_quant1/U1998/B
                                1.50           1.51          -0.01  (VIOLATED)
       PIN :   gen_hidden_resi_blocks[1].hidden_layer/init_quant1/U1983/B
                                1.50           1.51          -0.01  (VIOLATED)
       PIN :   gen_hidden_resi_blocks[1].hidden_layer/init_quant1/U1824/B
                                1.50           1.51          -0.01  (VIOLATED)
       PIN :   gen_hidden_resi_blocks[1].hidden_layer/init_quant1/U3168/B
                                1.50           1.51          -0.01  (VIOLATED)
       PIN :   gen_hidden_resi_blocks[1].hidden_layer/init_quant1/U3362/B
                                1.50           1.51          -0.01  (VIOLATED)
       PIN :   gen_hidden_resi_blocks[1].hidden_layer/init_quant1/U3501/B
                                1.50           1.51          -0.01  (VIOLATED)
       PIN :   gen_hidden_resi_blocks[1].hidden_layer/init_quant1/U3526/B
                                1.50           1.51          -0.01  (VIOLATED)
       PIN :   gen_hidden_resi_blocks[1].hidden_layer/init_quant1/U3689/B
                                1.50           1.51          -0.01  (VIOLATED)
       PIN :   gen_hidden_resi_blocks[1].hidden_layer/init_quant1/U4213/B
                                1.50           1.51          -0.01  (VIOLATED)
       PIN :   gen_hidden_resi_blocks[1].hidden_layer/init_quant1/U4064/B
                                1.50           1.51          -0.01  (VIOLATED)
       PIN :   gen_hidden_resi_blocks[1].hidden_layer/init_quant1/U3853/B
                                1.50           1.51          -0.01  (VIOLATED)
       PIN :   gen_hidden_resi_blocks[1].hidden_layer/init_quant1/U3843/B
                                1.50           1.51          -0.01  (VIOLATED)
       PIN :   gen_hidden_resi_blocks[1].hidden_layer/init_quant1/U3811/B
                                1.50           1.51          -0.01  (VIOLATED)
       PIN :   gen_hidden_resi_blocks[1].hidden_layer/init_quant1/U3769/B
                                1.50           1.51          -0.01  (VIOLATED)
       PIN :   gen_hidden_resi_blocks[1].hidden_layer/init_quant1/U4535/B
                                1.50           1.51          -0.01  (VIOLATED)
       PIN :   gen_hidden_resi_blocks[1].hidden_layer/init_quant1/U4542/B
                                1.50           1.51          -0.01  (VIOLATED)
       PIN :   gen_hidden_resi_blocks[1].hidden_layer/init_quant1/U4726/B
                                1.50           1.51          -0.01  (VIOLATED)
       PIN :   gen_hidden_resi_blocks[1].hidden_layer/init_quant1/U4797/B
                                1.50           1.51          -0.01  (VIOLATED)
       PIN :   gen_hidden_resi_blocks[1].hidden_layer/init_quant1/U4829/B
                                1.50           1.51          -0.01  (VIOLATED)
       PIN :   gen_hidden_resi_blocks[1].hidden_layer/init_quant1/U4832/B
                                1.50           1.51          -0.01  (VIOLATED)
       PIN :   gen_hidden_resi_blocks[1].hidden_layer/init_quant1/U5860/B
                                1.50           1.51          -0.01  (VIOLATED)
       PIN :   gen_hidden_resi_blocks[1].hidden_layer/init_quant1/U5886/B
                                1.50           1.51          -0.01  (VIOLATED)
       PIN :   gen_hidden_resi_blocks[1].hidden_layer/init_quant1/U4864/B
                                1.50           1.51          -0.01  (VIOLATED)
       PIN :   gen_hidden_resi_blocks[1].hidden_layer/init_quant1/U4874/B
                                1.50           1.51          -0.01  (VIOLATED)
       PIN :   gen_hidden_resi_blocks[1].hidden_layer/init_quant1/U4881/B
                                1.50           1.51          -0.01  (VIOLATED)
       PIN :   gen_hidden_resi_blocks[1].hidden_layer/init_quant1/U4889/B
                                1.50           1.51          -0.01  (VIOLATED)
       PIN :   gen_hidden_resi_blocks[1].hidden_layer/init_quant1/U5084/B
                                1.50           1.51          -0.01  (VIOLATED)
       PIN :   gen_hidden_resi_blocks[1].hidden_layer/init_quant1/U5130/B
                                1.50           1.51          -0.01  (VIOLATED)
       PIN :   gen_hidden_resi_blocks[1].hidden_layer/init_quant1/U5137/B
                                1.50           1.51          -0.01  (VIOLATED)
       PIN :   gen_hidden_resi_blocks[1].hidden_layer/init_quant1/U5169/B
                                1.50           1.51          -0.01  (VIOLATED)
       PIN :   gen_hidden_resi_blocks[1].hidden_layer/init_quant1/U5554/B
                                1.50           1.51          -0.01  (VIOLATED)
       PIN :   gen_hidden_resi_blocks[1].hidden_layer/init_quant1/U5573/B
                                1.50           1.51          -0.01  (VIOLATED)
       PIN :   gen_hidden_resi_blocks[1].hidden_layer/init_quant1/U5765/B
                                1.50           1.51          -0.01  (VIOLATED)
       PIN :   gen_hidden_resi_blocks[1].hidden_layer/init_quant1/U5819/B
                                1.50           1.51          -0.01  (VIOLATED)
       PIN :   gen_hidden_resi_blocks[1].hidden_layer/init_quant1/U6172/A1
                                1.50           1.51          -0.01  (VIOLATED)
       PIN :   gen_hidden_resi_blocks[1].hidden_layer/init_quant1/U5489/A1
                                1.50           1.51          -0.01  (VIOLATED)
       PIN :   gen_hidden_resi_blocks[1].hidden_layer/init_quant1/U5149/A1
                                1.50           1.51          -0.01  (VIOLATED)
       PIN :   gen_hidden_resi_blocks[1].hidden_layer/init_quant1/U4809/A1
                                1.50           1.51          -0.01  (VIOLATED)
       PIN :   gen_hidden_resi_blocks[1].hidden_layer/init_quant1/U4470/A1
                                1.50           1.51          -0.01  (VIOLATED)
       PIN :   gen_hidden_resi_blocks[1].hidden_layer/init_quant1/U4129/A1
                                1.50           1.51          -0.01  (VIOLATED)
       PIN :   gen_hidden_resi_blocks[1].hidden_layer/init_quant1/U2761/A1
                                1.50           1.51          -0.01  (VIOLATED)
       PIN :   gen_hidden_resi_blocks[1].hidden_layer/init_quant1/U2422/A1
                                1.50           1.51          -0.01  (VIOLATED)
       PIN :   gen_hidden_resi_blocks[1].hidden_layer/init_quant1/U2083/A1
                                1.50           1.51          -0.01  (VIOLATED)
       PIN :   gen_hidden_resi_blocks[1].hidden_layer/init_quant1/U1739/A1
                                1.50           1.51          -0.01  (VIOLATED)
       PIN :   gen_hidden_resi_blocks[1].hidden_layer/init_quant1/U1730/B2
                                1.50           1.51          -0.01  (VIOLATED)
       PIN :   gen_hidden_resi_blocks[1].hidden_layer/init_quant1/U1613/B2
                                1.50           1.51          -0.01  (VIOLATED)
       PIN :   gen_hidden_resi_blocks[1].hidden_layer/init_quant1/U1448/B2
                                1.50           1.51          -0.01  (VIOLATED)
       PIN :   gen_hidden_resi_blocks[1].hidden_layer/init_quant1/U1268/B2
                                1.50           1.51          -0.01  (VIOLATED)
       PIN :   gen_hidden_resi_blocks[1].hidden_layer/init_quant1/U1034/A1
                                1.50           1.51          -0.01  (VIOLATED)
   n10324                       0.04           0.05          -0.01  (VIOLATED)
       PIN :   gen_hidden_resi_blocks[5].hidden_layer/gen_ring_banks[0].ring_bank1/gen_sram_32x256.u_ring_sram/addr0[2]
                                0.04           0.05          -0.01  (VIOLATED)
   n10325                       0.04           0.05          -0.01  (VIOLATED)
       PIN :   gen_hidden_resi_blocks[5].hidden_layer/gen_ring_banks[3].ring_bank1/gen_sram_32x256.u_ring_sram/addr0[2]
                                0.04           0.05          -0.01  (VIOLATED)
   n10326                       0.04           0.05          -0.01  (VIOLATED)
       PIN :   gen_hidden_resi_blocks[5].hidden_layer/gen_ring_banks[2].ring_bank1/gen_sram_32x256.u_ring_sram/addr0[2]
                                0.04           0.05          -0.01  (VIOLATED)
   n10327                       0.04           0.05          -0.01  (VIOLATED)
       PIN :   gen_hidden_resi_blocks[5].hidden_layer/gen_ring_banks[1].ring_bank1/gen_sram_32x256.u_ring_sram/addr0[2]
                                0.04           0.05          -0.01  (VIOLATED)
   n10328                       0.04           0.05          -0.01  (VIOLATED)
       PIN :   gen_hidden_resi_blocks[5].hidden_layer/gen_ring_banks[3].ring_bank2/gen_sram_32x256.u_ring_sram/addr0[2]
                                0.04           0.05          -0.01  (VIOLATED)
   n10329                       0.04           0.05          -0.01  (VIOLATED)
       PIN :   gen_hidden_resi_blocks[5].hidden_layer/gen_ring_banks[2].ring_bank2/gen_sram_32x256.u_ring_sram/addr0[2]
                                0.04           0.05          -0.01  (VIOLATED)
   n10330                       0.04           0.05          -0.01  (VIOLATED)
       PIN :   gen_hidden_resi_blocks[5].hidden_layer/gen_ring_banks[1].ring_bank2/gen_sram_32x256.u_ring_sram/addr0[2]
                                0.04           0.05          -0.01  (VIOLATED)
   n10331                       0.04           0.05          -0.01  (VIOLATED)
       PIN :   gen_hidden_resi_blocks[5].hidden_layer/gen_ring_banks[0].ring_bank2/gen_sram_32x256.u_ring_sram/addr0[2]
                                0.04           0.05          -0.01  (VIOLATED)
   gen_hidden_resi_blocks[2].hidden_layer/s2
                                1.50           1.51          -0.01  (VIOLATED)
       PIN :   gen_hidden_resi_blocks[2].hidden_layer/init_mac2/valid_out_reg/Q
                                1.50           1.51          -0.00  (VIOLATED)
       PIN :   U23183/A         1.50           1.51          -0.01  (VIOLATED)
       PIN :   U86241/A         1.50           1.51          -0.01  (VIOLATED)
       PIN :   U94111/B         1.50           1.51          -0.01  (VIOLATED)
       PIN :   U94117/B         1.50           1.51          -0.01  (VIOLATED)
       PIN :   U103689/B        1.50           1.51          -0.01  (VIOLATED)
       PIN :   U103692/B2       1.50           1.51          -0.01  (VIOLATED)
       PIN :   U103702/B2       1.50           1.51          -0.01  (VIOLATED)
       PIN :   U103707/B2       1.50           1.51          -0.01  (VIOLATED)
       PIN :   U103726/B        1.50           1.51          -0.01  (VIOLATED)
       PIN :   U103758/B        1.50           1.51          -0.01  (VIOLATED)
       PIN :   U103766/B        1.50           1.51          -0.01  (VIOLATED)
       PIN :   U103772/B2       1.50           1.51          -0.01  (VIOLATED)
       PIN :   U103793/B2       1.50           1.51          -0.01  (VIOLATED)
       PIN :   U103799/B        1.50           1.51          -0.01  (VIOLATED)
       PIN :   U103807/B        1.50           1.51          -0.01  (VIOLATED)
       PIN :   U103810/B        1.50           1.51          -0.01  (VIOLATED)
       PIN :   U103813/B2       1.50           1.51          -0.01  (VIOLATED)
       PIN :   U103823/B2       1.50           1.51          -0.01  (VIOLATED)
       PIN :   U103833/B2       1.50           1.51          -0.01  (VIOLATED)
       PIN :   U103839/B        1.50           1.51          -0.01  (VIOLATED)
       PIN :   U103847/B        1.50           1.51          -0.01  (VIOLATED)
       PIN :   U103864/B2       1.50           1.51          -0.01  (VIOLATED)
       PIN :   U103870/B2       1.50           1.51          -0.01  (VIOLATED)
       PIN :   U103880/B        1.50           1.51          -0.01  (VIOLATED)
       PIN :   U103891/B        1.50           1.51          -0.01  (VIOLATED)
       PIN :   U103894/B2       1.50           1.51          -0.01  (VIOLATED)
       PIN :   U103899/B2       1.50           1.51          -0.01  (VIOLATED)
       PIN :   U103905/B2       1.50           1.51          -0.01  (VIOLATED)
       PIN :   U103922/B        1.50           1.51          -0.01  (VIOLATED)
       PIN :   U103930/B        1.50           1.51          -0.01  (VIOLATED)
       PIN :   U103956/B2       1.50           1.51          -0.01  (VIOLATED)
       PIN :   U103970/B        1.50           1.51          -0.01  (VIOLATED)
       PIN :   U103998/B2       1.50           1.51          -0.01  (VIOLATED)
       PIN :   U104003/B        1.50           1.51          -0.01  (VIOLATED)
       PIN :   U104011/B        1.50           1.51          -0.01  (VIOLATED)
       PIN :   U104022/B2       1.50           1.51          -0.01  (VIOLATED)
       PIN :   U104028/B2       1.50           1.51          -0.01  (VIOLATED)
       PIN :   U104034/B2       1.50           1.51          -0.01  (VIOLATED)
       PIN :   U104039/B2       1.50           1.51          -0.01  (VIOLATED)
       PIN :   U104053/B        1.50           1.51          -0.01  (VIOLATED)
       PIN :   U104056/B        1.50           1.51          -0.01  (VIOLATED)
       PIN :   U104059/B2       1.50           1.51          -0.01  (VIOLATED)
       PIN :   U104064/B2       1.50           1.51          -0.01  (VIOLATED)
       PIN :   U104070/B2       1.50           1.51          -0.01  (VIOLATED)
       PIN :   U104075/B2       1.50           1.51          -0.01  (VIOLATED)
       PIN :   U104080/B2       1.50           1.51          -0.01  (VIOLATED)
       PIN :   U104094/B        1.50           1.51          -0.01  (VIOLATED)
       PIN :   U104097/B        1.50           1.51          -0.01  (VIOLATED)
       PIN :   U104122/B2       1.50           1.51          -0.01  (VIOLATED)
       PIN :   U104127/B        1.50           1.51          -0.01  (VIOLATED)
       PIN :   U104135/B        1.50           1.51          -0.01  (VIOLATED)
       PIN :   U104169/B        1.50           1.51          -0.01  (VIOLATED)
       PIN :   U104205/B        1.50           1.51          -0.01  (VIOLATED)
       PIN :   U104213/B        1.50           1.51          -0.01  (VIOLATED)
       PIN :   U104216/B        1.50           1.51          -0.01  (VIOLATED)
       PIN :   U104230/B2       1.50           1.51          -0.01  (VIOLATED)
       PIN :   U104235/B2       1.50           1.51          -0.01  (VIOLATED)
       PIN :   U104240/B2       1.50           1.51          -0.01  (VIOLATED)
       PIN :   U104254/B        1.50           1.51          -0.01  (VIOLATED)
       PIN :   U104260/B2       1.50           1.51          -0.01  (VIOLATED)
       PIN :   U104265/B2       1.50           1.51          -0.01  (VIOLATED)
       PIN :   U104270/B2       1.50           1.51          -0.01  (VIOLATED)
       PIN :   U104276/B2       1.50           1.51          -0.01  (VIOLATED)
       PIN :   U104281/B2       1.50           1.51          -0.01  (VIOLATED)
       PIN :   U104286/B        1.50           1.51          -0.01  (VIOLATED)
       PIN :   U104294/B        1.50           1.51          -0.01  (VIOLATED)
       PIN :   U104315/B2       1.50           1.51          -0.01  (VIOLATED)
       PIN :   gen_hidden_resi_blocks[2].hidden_layer/valid_out_reg/D
                                1.50           1.51          -0.01  (VIOLATED)
   n10058                       0.04           0.05          -0.01  (VIOLATED)
       PIN :   gen_hidden_resi_blocks[2].hidden_layer/gen_ring_banks[1].ring_bank1/gen_sram_32x32.u_ring_sram/addr0[1]
                                0.04           0.05          -0.01  (VIOLATED)
   n10054                       0.04           0.04           0.00  (VIOLATED: increase significant digits)
   n10055                       0.04           0.04           0.00  (VIOLATED: increase significant digits)
   n10057                       0.04           0.04           0.00  (VIOLATED: increase significant digits)
   n60290                       1.50           1.50           0.00  (VIOLATED: increase significant digits)
   n60855                       1.50           1.50           0.00  (VIOLATED: increase significant digits)
   n61968                       1.50           1.50           0.00  (VIOLATED: increase significant digits)
   n61402                       1.50           1.50           0.00  (VIOLATED: increase significant digits)
   n70498                       1.50           1.50           0.00  (VIOLATED: increase significant digits)
   n9376                        0.04           0.04           0.00  (VIOLATED: increase significant digits)
   n9378                        0.04           0.04           0.00  (VIOLATED: increase significant digits)
   n94848                       1.49           1.50           0.00  (VIOLATED: increase significant digits)
   n10520                       0.04           0.04           0.00  (VIOLATED: increase significant digits)
   n9326                        0.04           0.04           0.00  (VIOLATED: increase significant digits)
   n97563                       1.50           1.50           0.00  (VIOLATED: increase significant digits)
   n9370                        0.04           0.04           0.00  (VIOLATED: increase significant digits)
   n9372                        0.04           0.04           0.00  (VIOLATED: increase significant digits)
   n9374                        0.04           0.04           0.00  (VIOLATED: increase significant digits)
   gen_hidden_resi_blocks[3].hidden_layer/init_quant1/n6197
                                1.50           1.50           0.00  (VIOLATED: increase significant digits)
   n9354                        0.04           0.04           0.00  (VIOLATED: increase significant digits)
   n9352                        0.04           0.04           0.00  (VIOLATED: increase significant digits)
   n9362                        0.04           0.04           0.00  (VIOLATED: increase significant digits)
   n9364                        0.04           0.04           0.00  (VIOLATED: increase significant digits)
   n9366                        0.04           0.04           0.00  (VIOLATED: increase significant digits)
   n9368                        0.04           0.04           0.00  (VIOLATED: increase significant digits)
   n9356                        0.04           0.04           0.00  (VIOLATED: increase significant digits)
   n9358                        0.04           0.04           0.00  (VIOLATED: increase significant digits)
   n9360                        0.04           0.04           0.00  (VIOLATED: increase significant digits)
   n9350                        0.04           0.04           0.00  (VIOLATED: increase significant digits)
   gen_hidden_resi_blocks[1].hidden_layer/init_quant1/n6110
                                1.50           1.50           0.00  (VIOLATED: increase significant digits)
   n9344                        0.04           0.04           0.00  (VIOLATED: increase significant digits)
   n9346                        0.04           0.04           0.00  (VIOLATED: increase significant digits)
   n9348                        0.04           0.04           0.00  (VIOLATED: increase significant digits)
   n9332                        0.04           0.04           0.00  (VIOLATED: increase significant digits)
   n9334                        0.04           0.04           0.00  (VIOLATED: increase significant digits)
   n9336                        0.04           0.04           0.00  (VIOLATED: increase significant digits)
   n9330                        0.04           0.04           0.00  (VIOLATED: increase significant digits)
   input_layer/init_quant1/n6199
                                1.50           1.50           0.00  (VIOLATED: increase significant digits)
   n9328                        0.04           0.04           0.00  (VIOLATED: increase significant digits)
   gen_hidden_resi_blocks[1].hidden_layer/init_quant1/n1234
                                1.50           1.50           0.00  (VIOLATED: increase significant digits)
   gen_hidden_resi_blocks[1].hidden_layer/init_quant1/n2670
                                1.50           1.50           0.00  (VIOLATED: increase significant digits)
   n76149                       1.50           1.50           0.00  (VIOLATED: increase significant digits)
   n10277                       0.04           0.04           0.00  (VIOLATED: increase significant digits)
   n10281                       0.04           0.04           0.00  (VIOLATED: increase significant digits)
   n10262                       0.04           0.04           0.00  (VIOLATED: increase significant digits)
   n10263                       0.04           0.04           0.00  (VIOLATED: increase significant digits)
   n9244                        0.04           0.04           0.00  (VIOLATED: increase significant digits)
   n9245                        0.04           0.04           0.00  (VIOLATED: increase significant digits)
   n9246                        0.04           0.04           0.00  (VIOLATED: increase significant digits)
   n9247                        0.04           0.04           0.00  (VIOLATED: increase significant digits)
   gen_hidden_resi_blocks[5].hidden_layer/init_mac1/n7769
                                1.50           1.50           0.00  (VIOLATED: increase significant digits)
   gen_hidden_resi_blocks[5].hidden_layer/init_mac2/n7620
                                1.50           1.50           0.00  (VIOLATED: increase significant digits)
   n84730                       1.50           1.50           0.00  (VIOLATED: increase significant digits)
   n10334                       0.04           0.04           0.00  (VIOLATED: increase significant digits)
   n10337                       0.04           0.04           0.00  (VIOLATED: increase significant digits)
   n10340                       0.04           0.04           0.00  (VIOLATED: increase significant digits)
   n10343                       0.04           0.04           0.00  (VIOLATED: increase significant digits)
   n10346                       0.04           0.04           0.00  (VIOLATED: increase significant digits)
   n10349                       0.04           0.04           0.00  (VIOLATED: increase significant digits)
   n10352                       0.04           0.04           0.00  (VIOLATED: increase significant digits)
   n10355                       0.04           0.04           0.00  (VIOLATED: increase significant digits)
   n10358                       0.04           0.04           0.00  (VIOLATED: increase significant digits)
   n10361                       0.04           0.04           0.00  (VIOLATED: increase significant digits)
   n10364                       0.04           0.04           0.00  (VIOLATED: increase significant digits)
   n10367                       0.04           0.04           0.00  (VIOLATED: increase significant digits)
   n10370                       0.04           0.04           0.00  (VIOLATED: increase significant digits)
   n10373                       0.04           0.04           0.00  (VIOLATED: increase significant digits)
   n10376                       0.04           0.04           0.00  (VIOLATED: increase significant digits)
   n10379                       0.04           0.04           0.00  (VIOLATED: increase significant digits)
   n10382                       0.04           0.04           0.00  (VIOLATED: increase significant digits)
   n10390                       0.04           0.04           0.00  (VIOLATED: increase significant digits)
   n10393                       0.04           0.04           0.00  (VIOLATED: increase significant digits)
   n10396                       0.04           0.04           0.00  (VIOLATED: increase significant digits)
   n10399                       0.04           0.04           0.00  (VIOLATED: increase significant digits)
   n10402                       0.04           0.04           0.00  (VIOLATED: increase significant digits)
   n10405                       0.04           0.04           0.00  (VIOLATED: increase significant digits)
   n10218                       0.04           0.04           0.00  (VIOLATED: increase significant digits)
   n10056                       0.04           0.04           0.00  (VIOLATED: increase significant digits)
   n9253                        0.04           0.04           0.00  (VIOLATED: increase significant digits)
   n9255                        0.04           0.04           0.00  (VIOLATED: increase significant digits)
   n9256                        0.04           0.04           0.00  (VIOLATED: increase significant digits)
   n9257                        0.04           0.04           0.00  (VIOLATED: increase significant digits)
   n10288                       0.04           0.04           0.00  (VIOLATED: increase significant digits)
   n10268                       0.04           0.04           0.00  (VIOLATED: increase significant digits)
   n10270                       0.04           0.04           0.00  (VIOLATED: increase significant digits)
   n10272                       0.04           0.04           0.00  (VIOLATED: increase significant digits)
   n10293                       0.04           0.04           0.00  (VIOLATED: increase significant digits)
   n10295                       0.04           0.04           0.00  (VIOLATED: increase significant digits)
   n10297                       0.04           0.04           0.00  (VIOLATED: increase significant digits)
   n10299                       0.04           0.04           0.00  (VIOLATED: increase significant digits)
   n10258                       0.04           0.04           0.00  (VIOLATED: increase significant digits)
   n9338                        0.04           0.04           0.00  (VIOLATED: increase significant digits)
   n9340                        0.04           0.04           0.00  (VIOLATED: increase significant digits)
   n9342                        0.04           0.04           0.00  (VIOLATED: increase significant digits)
   n10387                       0.04           0.04           0.00  (VIOLATED: increase significant digits)
   n9320                        0.04           0.04           0.00  (VIOLATED: increase significant digits)
   n9322                        0.04           0.04           0.00  (VIOLATED: increase significant digits)
   n9324                        0.04           0.04           0.00  (VIOLATED: increase significant digits)
   n10312                       0.04           0.04           0.00  (VIOLATED: increase significant digits)
   n10302                       0.04           0.04           0.00  (VIOLATED: increase significant digits)
   n10303                       0.04           0.04           0.00  (VIOLATED: increase significant digits)
   n10310                       0.04           0.04           0.00  (VIOLATED: increase significant digits)
   n10311                       0.04           0.04           0.00  (VIOLATED: increase significant digits)
   n10304                       0.04           0.04           0.00  (VIOLATED: increase significant digits)
   gen_hidden_resi_blocks[2].hidden_layer/init_quant1/n6211
                                1.50           1.50           0.00  (VIOLATED: increase significant digits)
   gen_hidden_resi_blocks[0].hidden_layer/init_quant1/n6199
                                1.50           1.50           0.00  (VIOLATED: increase significant digits)

   -----------------------------------------------------------------
   Total                      587                -7.82  

   max_area

                             Required        Actual
   Design                      Area           Area           Slack
   -----------------------------------------------------------------
   tcn_block                    0.00       7452709.50     -7452709.50
                                                                    (VIOLATED)


   max_leakage_power

                             Required        Actual
   Design                   Leakage Power  Leakage Power     Slack
   -----------------------------------------------------------------
   tcn_block                    0.00       170091.45      -170091.45
                                                                    (VIOLATED)


1
